target,condition,target_mean,target_sem,pred,z
10Hz_-10ms,control,0.7922,0.0259,0.7896925570073252,-0.09681247075964487
10Hz_10ms,control,1.2013,0.0626,1.1975575878260427,-0.05978294207599554
sjostrom_0.1hz_dt-10ms,mglu_block,1.01,0.04,1.0059660276221716,-0.1008493094457108
sjostrom_50hz_dt+10ms,nmdar_block,1.04,0.05,1.0132978603406775,-0.5340427931864511
sjostrom_0.1hz_dt+10ms,control,0.97,0.04,1.0084119356534034,0.9602983913350849
sjostrom_0.1hz_dt-10ms,control,0.69,0.07,0.7584367013608371,0.9776671622976731
sjostrom_20hz_dt+10ms,control,1.31,0.14,1.3610599779199477,0.36471412799962605
sjostrom_40hz_dt+10ms,control,1.53,0.14,1.3853918201189497,-1.032915570578931
sjostrom_50hz_dt-10ms,control,1.7,0.19,1.1757639408446805,-2.75913715344905
sjostrom07_step200ms_pair,control,1.62,0.07,1.4494819248106434,-2.4359725027050954
sjostrom07_step200ms_pair,no_block,1.3624755954705192,0.07350859985229767,1.4494819248106434,1.1836210935175993
