key,pathway,target,condition,n,sem,se_pair,ratio,factor
l5/10Hz_5ms|control,l5,10Hz_5ms,control,22,0.0644,0.112416,1.7456,0.247093
l23l23/zilberter_1ap_dt-10ms|control,l23l23,zilberter_1ap_dt-10ms,control,10,0.06,0.0105661,0.1761,0.969921
l5/10Hz_-10ms|control,l5,10Hz_-10ms,control,22,0.0259,0.0574725,2.2190,0.168804
l23l23/zilberter_train10_50hz_dt+5ms|control,l23l23,zilberter_train10_50hz_dt+5ms,control,10,0.06,0.0545225,0.9087,0.547720
l23/letzkus_1ap_dt+10ms|control,l23,letzkus_1ap_dt+10ms,control,10,0.03,0.0244055,0.8135,0.601755
l23l23/zilberter_5ap_10hz_dt+10ms|control,l23l23,zilberter_5ap_10hz_dt+10ms,control,10,0.07,0.0647156,0.9245,0.539166
l23l23/zilberter_1ap_dt+10ms|control,l23l23,zilberter_1ap_dt+10ms,control,10,0.07,0.0295995,0.4229,0.848318
l5/sjostrom_10hz_dt-10ms|control,l5,sjostrom_10hz_dt-10ms,control,22,0.11,0.0591051,0.5373,0.775969
l5/sjostrom_20hz_dt+25ms|control,l5,sjostrom_20hz_dt+25ms,control,22,0.18373,0.115076,0.6263,0.718240
l23l23/zilberter_train4_50hz_dt+4ms_last|control,l23l23,zilberter_train4_50hz_dt+4ms_last,control,10,0.07,0.051752,0.7393,0.646586
l5/sjostrom_20hz_dt-10ms|nmdar_block,l5,sjostrom_20hz_dt-10ms,nmdar_block,22,0.07,0.0026331,0.0376,0.998587
l5/sjostrom_10hz_dt+10ms|control,l5,sjostrom_10hz_dt+10ms,control,22,0.09,0.102235,1.1359,0.436612
l5/sjostrom_0.1hz_dt-10ms|mglu_block,l5,sjostrom_0.1hz_dt-10ms,mglu_block,22,0.04,0.0298548,0.7464,0.642233
l23l23/zilberter_train10_50hz_dt+4ms_last|mglu_block,l23l23,zilberter_train10_50hz_dt+4ms_last,mglu_block,10,0.24,0.0708338,0.2951,0.919872
l5/sjostrom_20hz_dt-25ms|control,l5,sjostrom_20hz_dt-25ms,control,22,0.06994,0.103461,1.4793,0.313651
l23l23/zilberter_train10_50hz_dt+4ms_last|control,l23l23,zilberter_train10_50hz_dt+4ms_last,control,10,0.12,0.0727195,0.6060,0.731405
l23l23/zilberter_train8_50hz_dt+4ms_last|control,l23l23,zilberter_train8_50hz_dt+4ms_last,control,10,0.08,0.0734441,0.9181,0.542647
l5/sjostrom_0.1hz_dt-10ms|control,l5,sjostrom_0.1hz_dt-10ms,control,22,0.07,0.0318855,0.4555,0.828167
l5/20Hz_5ms|control,l5,20Hz_5ms,control,22,0.0909,0.121695,1.3388,0.358125
l23/letzkus_3ap_200hz_dt-500ms|control,l23,letzkus_3ap_200hz_dt-500ms,control,10,0.05,0.022466,0.4493,0.832024
l5/sjostrom_0.1hz_dt+10ms|control,l5,sjostrom_0.1hz_dt+10ms,control,22,0.04,0.0359808,0.8995,0.552750
l5/sjostrom_50hz_dt+10ms|mglu_block,l5,sjostrom_50hz_dt+10ms,mglu_block,22,0.19,0.113668,0.5983,0.736427
l23/letzkus_3ap_200hz_dt+10ms@distal|nmdar_block,l23,letzkus_3ap_200hz_dt+10ms@distal,nmdar_block,10,0.07,0.0033414,0.0477,0.997727
l5/sjostrom_50hz_dt-10ms|control,l5,sjostrom_50hz_dt-10ms,control,22,0.19,0.124752,0.6566,0.698758
l5/sjostrom07_step200ms_post_only|control,l5,sjostrom07_step200ms_post_only,control,22,0.0707107,0.0145234,0.2054,0.959522
l5/sjostrom_0.1hz_dt0ms|control,l5,sjostrom_0.1hz_dt0ms,control,22,0.139103,0.0495529,0.3562,0.887389
l5/5Hz_5ms|control,l5,5Hz_5ms,control,22,0.0727,0.0538196,0.7403,0.645978
l5/sjostrom_burst5x20hz_r50_dt-120ms|control,l5,sjostrom_burst5x20hz_r50_dt-120ms,control,22,0.0848528,0.0227674,0.2683,0.932841
l5/sjostrom_50hz_dt+10ms|control,l5,sjostrom_50hz_dt+10ms,control,22,0.26,0.10988,0.4226,0.848461
l5/sjostrom_20hz_dt-10ms|mglu_block,l5,sjostrom_20hz_dt-10ms,mglu_block,22,0.07,0.119561,1.7080,0.255277
l5/sjostrom_0.1hz_dt-200ms|control,l5,sjostrom_0.1hz_dt-200ms,control,22,0.0989949,0.00494278,0.0499,0.997513
l5/2Hz_5ms|control,l5,2Hz_5ms,control,22,0.04,0.0472574,1.1814,0.417399
l23l23/zilberter_train10_50hz_dt-4ms_last|control,l23l23,zilberter_train10_50hz_dt-4ms_last,control,10,0.09,0.0492913,0.5477,0.769258
l23/letzkus_3ap_200hz_dt-10ms@proximal|control,l23,letzkus_3ap_200hz_dt-10ms@proximal,control,10,0.03,0.0479633,1.5988,0.281208
l23l23/egger1999_5ap_20hz_dt+10ms|control,l23l23,egger1999_5ap_20hz_dt+10ms,control,10,0.082,0.0658793,0.8034,0.607732
l5/sjostrom07_step200ms_pair|no_block,l5,sjostrom07_step200ms_pair,no_block,22,0.0735086,0.122712,1.6694,0.264079
l23l23/zilberter_pre_only|control,l23l23,zilberter_pre_only,control,10,0.08,0.00755115,0.0944,0.991169
l23/sjostrom_50hz_dt+10ms|control,l23,sjostrom_50hz_dt+10ms,control,10,0.09,0.0634932,0.7055,0.667690
l5/10Hz_10ms|control,l5,10Hz_10ms,control,22,0.0626,0.0893219,1.4269,0.329386
l23l23/zilberter_5ap_20hz_dt+10ms|control,l23l23,zilberter_5ap_20hz_dt+10ms,control,10,0.11,0.0698464,0.6350,0.712665
l23l23/zilberter_train10_50hz_dt-10ms_last|mglu_block,l23l23,zilberter_train10_50hz_dt-10ms_last,mglu_block,10,0.07,0.0676656,0.9667,0.516952
l5/sjostrom07_step200ms_pair|mglu_block,l5,sjostrom07_step200ms_pair,mglu_block,22,0.22,0.155664,0.7076,0.666381
l5/30Hz_5ms|control,l5,30Hz_5ms,control,22,0.0745,0.140487,1.8857,0.219491
l5/sjostrom_20hz_dt+10ms|control,l5,sjostrom_20hz_dt+10ms,control,22,0.14,0.13276,0.9483,0.526524
l23l23/zilberter_5ap_20hz_dt-10ms|control,l23l23,zilberter_5ap_20hz_dt-10ms,control,10,0.07,0.0568632,0.8123,0.602452
l23/sjostrom_50hz_dt+10ms@distal|control,l23,sjostrom_50hz_dt+10ms@distal,control,10,0.09,0.0520584,0.5784,0.749301
l23l23/zilberter_train10_50hz_post_only|control,l23l23,zilberter_train10_50hz_post_only,control,10,0.04,0.0454344,1.1359,0.436647
l5/sjostrom_20hz_dt-10ms|control,l5,sjostrom_20hz_dt-10ms,control,22,0.09,0.0991888,1.1021,0.451545
l23l23/zilberter_train10_50hz_dt-10ms_last|control,l23l23,zilberter_train10_50hz_dt-10ms_last,control,10,0.05,0.0546348,1.0927,0.455792
l5/sjostrom07_step200ms_pre_only|control,l5,sjostrom07_step200ms_pre_only,control,22,0.0707107,0.0703692,0.9952,0.502420
l5/10Hz_-10ms|mglu_block,l5,10Hz_-10ms,mglu_block,22,0.08,0.0684366,0.8555,0.577431
l5/sjostrom_0.1hz_dt-25ms|control,l5,sjostrom_0.1hz_dt-25ms,control,22,0.09,0.032391,0.3599,0.885326
l5/sjostrom_40hz_dt0ms|control,l5,sjostrom_40hz_dt0ms,control,22,0.0384392,0.127072,3.3058,0.083835
l5/sjostrom_40hz_dt-10ms|control,l5,sjostrom_40hz_dt-10ms,control,22,0.31,0.130156,0.4199,0.850138
l5/sjostrom_20hz_dt0ms|control,l5,sjostrom_20hz_dt0ms,control,22,0.099366,0.120129,1.2090,0.406243
l23/letzkus_nopost|control,l23,letzkus_nopost,control,10,0.06,0.0109446,0.1824,0.967798
l5/sjostrom07_step200ms_pair|control,l5,sjostrom07_step200ms_pair,control,22,0.07,0.15532,2.2189,0.168824
l5/sjostrom_40hz_dt+10ms|control,l5,sjostrom_40hz_dt+10ms,control,22,0.14,0.121674,0.8691,0.569692
l23/letzkus_3ap_200hz_dt+10ms@distal|control,l23,letzkus_3ap_200hz_dt+10ms@distal,control,10,0.06,0.0432822,0.7214,0.657732
l23/letzkus_3ap_200hz_dt+10ms@proximal|control,l23,letzkus_3ap_200hz_dt+10ms@proximal,control,10,0.1,0.133528,1.3353,0.359329
l5/40Hz_5ms|control,l5,40Hz_5ms,control,22,0.12,0.104143,0.8679,0.570392
l5/sjostrom_0.1hz_dt-120ms|control,l5,sjostrom_0.1hz_dt-120ms,control,22,0.0989949,0.00494278,0.0499,0.997513
l5/sjostrom_50hz_dt+10ms|nmdar_block,l5,sjostrom_50hz_dt+10ms,nmdar_block,22,0.05,0.0026331,0.0527,0.997234
l5/sjostrom_burst5x20hz_r50_dt-200ms|control,l5,sjostrom_burst5x20hz_r50_dt-200ms,control,22,0.0848528,0.00494278,0.0583,0.996618
l5/sjostrom_0.1hz_dt-10ms|nmdar_block,l5,sjostrom_0.1hz_dt-10ms,nmdar_block,22,0.04,0.00149778,0.0374,0.998600
