target,condition,target_mean,target_sem,pred,z,ltd,w
zilberter_1ap_dt+10ms,control,0.64,0.07,0.9904816662074799,5.006880945821141,True,0.5
zilberter_1ap_dt-10ms,control,0.56,0.06,0.7314499658030028,2.857499430050046,True,0.5
zilberter_pre_only,control,0.98,0.08,0.9951840353190645,0.18980044148830671,True,1.0
zilberter_5ap_10hz_dt+10ms,control,0.76,0.07,0.9512898255138206,2.7327117930545795,True,1.0
zilberter_5ap_20hz_dt+10ms,control,1.07,0.11,1.1422643050960857,0.6569482281462329,False,1.0
zilberter_5ap_20hz_dt-10ms,control,0.93,0.07,0.8445350432275807,-1.2209279538917055,True,1.0
zilberter_train10_50hz_dt+4ms_last,control,1.49,0.12,1.3109891210073343,-1.4917573249388805,False,1.0
zilberter_train10_50hz_dt-4ms_last,control,0.99,0.09,0.759132274571032,-2.565196949210755,True,1.0
zilberter_train10_50hz_dt-10ms_last,control,0.72,0.05,0.7271295138421886,0.14259027684377257,True,1.0
zilberter_train10_50hz_dt+5ms,control,0.97,0.06,1.2732256867810574,5.053761446350958,True,1.0
zilberter_train10_50hz_post_only,control,1.03,0.04,1.042996537396003,0.32491343490007596,False,0.64
zilberter_train4_50hz_dt+4ms_last,control,0.76,0.07,1.0011037540431438,3.444339343473482,True,1.0
zilberter_train8_50hz_dt+4ms_last,control,1.15,0.08,1.2349170821975817,1.061463527469772,False,1.0
zilberter_train10_50hz_dt+4ms_last,mglu_block,1.73,0.24,1.3297278765455942,-1.6678005143933574,False,1.0
zilberter_train10_50hz_dt-10ms_last,mglu_block,0.73,0.07,1.0011047608059733,3.8729251543710475,True,1.0
