model,hoL5_chi2,hoL5_n,hoL5x_chi2,hoL5x_n,hoL23_chi2,hoL23_n,hoL2323_chi2,hoL2323_n,ho_chi2,ho_n,hoX_chi2,hoX_n,slope,slopeHO,slope_pass,sign_hit,sign_n,signHO_hit,signHO_n,m10_pred,m10_z,mm10_pred,mm10_z,markram
f3Wdah_s5,89.99,30,74.01,29,19.94,5,188.52,13,298.45,48,282.47,47,0.429,0.433,FAIL,34,40,20,25,1.184,-0.28,0.773,-0.73,HIT
f3Wdah_s6,113.17,30,100.08,29,15.67,5,174.46,13,303.30,48,290.21,47,0.438,0.456,FAIL,34,40,21,25,1.168,-0.53,0.784,-0.33,HIT
f3Wdah_u7,85.58,30,73.37,29,19.99,5,179.01,13,284.57,48,272.36,47,0.430,0.437,FAIL,34,40,20,25,1.135,-1.05,0.768,-0.95,MISS
f3Wdah_u8,113.17,30,100.08,29,15.67,5,174.46,13,303.30,48,290.21,47,0.438,0.456,FAIL,34,40,21,25,1.168,-0.53,0.784,-0.33,HIT
f4Vdah_s5,244.38,29,190.25,28,0.00,0,88.40,4,332.78,33,278.65,32,0.438,0.452,FAIL,32,40,16,21,1.143,-0.93,0.744,-1.87,MISS
f4Vdah_s6,295.09,29,213.40,28,0.00,0,78.27,4,373.37,33,291.68,32,0.419,0.429,FAIL,32,40,16,21,1.178,-0.37,0.780,-0.47,HIT
f4Vdah_u7,218.16,29,116.83,28,0.00,0,121.79,4,339.95,33,238.62,32,0.657,0.664,PASS,34,40,17,21,1.104,-1.56,0.784,-0.31,MISS
f4Vdah_u8,202.56,29,167.36,28,0.00,0,77.08,4,279.64,33,244.44,32,0.546,0.535,FAIL,31,40,15,21,1.147,-0.87,0.769,-0.90,HIT
f4Ndah_s5,318.27,29,180.67,28,0.00,0,76.60,4,394.88,33,257.27,32,0.549,0.508,FAIL,32,40,15,21,1.133,-1.09,0.789,-0.13,MISS
f4Ndah_s6,318.82,29,181.21,28,0.00,0,76.60,4,395.42,33,257.81,32,0.549,0.508,FAIL,32,40,15,21,1.133,-1.09,0.789,-0.13,MISS
f4Ndah_u7,400.60,29,142.74,28,0.00,0,129.73,4,530.33,33,272.47,32,0.604,0.558,PASS,34,40,16,21,1.119,-1.32,0.769,-0.89,MISS
f4Ndah_u8,460.28,29,257.09,28,0.00,0,75.53,4,535.81,33,332.61,32,0.419,0.397,FAIL,32,40,16,21,1.187,-0.22,0.767,-0.97,HIT
s3W_s,129.62,30,120.49,29,24.82,5,87.32,10,241.76,45,232.62,44,0.465,0.490,FAIL,35,40,20,22,1.171,-0.48,0.791,-0.05,HIT
s4N_u,550.77,29,130.32,28,0.00,0,2.85,1,553.61,30,133.17,29,0.641,0.578,PASS,34,40,14,18,1.070,-2.10,0.755,-1.43,MISS
