run,hit,slope_gate,slopeL5,mk_p10,mk_m10,chi2eff,n,chi2eff_n,n_free,slopeL5_loo,tied_best
f4Vdah_u9,HIT,low,0.54,1.147,0.768,96.58,32,3.018,6,0.495,
f4Vdah_u8,HIT,low,0.54,1.147,0.769,96.61,32,3.019,6,0.494,
w_3N_s11,HIT,low,0.55,1.145,0.767,114.85,32,3.589,6,0.514,
w_3N_u15,HIT,low,0.49,1.145,0.817,131.05,32,4.095,6,0.472,
w_4V_u15,HIT,low,0.46,1.210,0.791,117.81,32,3.682,6,0.447,
w_4N_u14,HIT,low,0.45,1.161,0.799,86.30,32,2.697,6,0.429,
w_4N_u12,HIT,low,0.43,1.175,0.779,93.70,32,2.928,6,0.409,
w_4V_s12,HIT,low,0.42,1.166,0.779,107.08,32,3.346,6,0.407,
f4Ndah_u8,HIT,low,0.42,1.187,0.767,86.02,32,2.688,6,0.399,
w_3W_s12,HIT,low,0.41,1.178,0.768,126.74,32,3.961,6,0.376,
w_3W_s11,HIT,low,0.41,1.168,0.784,123.67,32,3.865,6,0.375,
f3Wdah_s5,HIT,low,0.39,1.184,0.773,123.53,32,3.860,6,0.355,
w_3W_u12,HIT,low,0.39,1.201,0.779,123.94,32,3.873,6,0.352,
w_3W_u13,HIT,low,0.39,1.194,0.796,121.13,32,3.785,6,0.353,
w_3W_u14,HIT,low,0.38,1.167,0.768,127.37,32,3.980,6,0.347,
w_3W_u15,HIT,low,0.35,1.185,0.775,125.37,32,3.918,6,0.318,
w_4N_u15,MISS,low,0.54,1.133,0.786,85.23,32,2.664,6,0.504,
f4Ndah_s6,MISS,low,0.54,1.133,0.789,85.64,32,2.676,6,0.503,
w_4V_u13,MISS,low,0.54,1.133,0.770,96.57,32,3.018,6,0.495,
w_4V_u14,MISS,low,0.54,1.152,0.766,95.65,32,2.989,6,0.490,
w_4V_s11,MISS,low,0.54,1.152,0.765,95.83,32,2.995,6,0.489,
w_4N_s12,MISS,low,0.54,1.142,0.764,105.75,32,3.305,6,0.497,
w_4N_u13,MISS,low,0.53,1.148,0.764,105.52,32,3.298,6,0.489,
w_3N_u14,MISS,low,0.53,1.125,0.810,187.34,32,5.855,6,0.472,
w_5N_u14,MISS,low,0.52,1.121,0.771,176.53,32,5.517,6,0.479,
w_5N_u12,MISS,low,0.52,1.121,0.771,176.22,32,5.507,6,0.478,
w_5N_u13,MISS,low,0.52,1.121,0.771,176.57,32,5.518,6,0.478,
w_5N_u15,MISS,low,0.52,1.121,0.762,174.79,32,5.462,6,0.472,
w_3N_u13,MISS,low,0.51,1.137,0.809,188.20,32,5.881,6,0.458,
w_3N_s12,MISS,low,0.51,1.137,0.809,188.10,32,5.878,6,0.455,
w_3N_u12,MISS,low,0.49,1.120,0.769,134.07,32,4.190,6,0.472,
w_3V_u13,MISS,low,0.44,1.138,0.771,108.29,32,3.384,6,0.427,
w_3V_u15,MISS,low,0.44,1.138,0.771,108.10,32,3.378,6,0.427,
w_3V_u14,MISS,low,0.44,1.138,0.765,106.89,32,3.340,6,0.426,
w_3V_s11,MISS,low,0.44,1.138,0.771,106.96,32,3.342,6,0.425,
w_3V_s12,MISS,low,0.44,1.138,0.771,108.09,32,3.378,6,0.425,
w_3V_u12,MISS,low,0.44,1.138,0.771,108.09,32,3.378,6,0.425,
w_5N_s12,MISS,low,0.35,1.123,0.786,107.51,32,3.360,6,0.336,
w_5N_s11,MISS,low,0.35,1.123,0.786,104.04,32,3.251,6,0.335,
w_4N_s11,MISS,PASS,0.63,1.119,0.769,98.24,32,3.070,6,0.554,
w_4V_u12,MISS,PASS,0.65,1.112,0.766,113.89,32,3.559,6,0.560,
