run,hit,mk_p10,mk_m10,chi2eff,n,chi2eff_n,n_free,tied_best
f4Ndah_u8,HIT,1.187,0.767,86.02,32,2.688,6,TIED
f4Vdah_u8,HIT,1.147,0.769,96.61,32,3.019,6,
f4Vdah_s6,HIT,1.178,0.780,113.60,32,3.550,6,
s3W_s,HIT,1.171,0.791,122.58,32,3.831,7,
f3Wdah_s5,HIT,1.184,0.773,123.53,32,3.860,6,
f3Wdah_s6,HIT,1.168,0.784,123.81,32,3.869,6,
f3Wdah_u8,HIT,1.168,0.784,123.81,32,3.869,6,
f4Ndah_s6,MISS,1.133,0.789,85.64,32,2.676,6,
f4Ndah_s5,MISS,1.133,0.789,85.80,32,2.681,6,
f4Ndah_u7,MISS,1.119,0.769,98.24,32,3.070,6,
f4Vdah_u7,MISS,1.104,0.784,100.71,32,3.147,6,
f4Vdah_s5,MISS,1.143,0.744,108.57,32,3.393,6,
f3Wdah_u7,MISS,1.135,0.768,121.23,32,3.789,6,
