,pregid,postgid,frequency_train,dt_train,path,epsp_before,epsp_after,epsp_ratio,epsp_before_std,epsp_after_std,N,apical_ratio,Use_before_mean,Use_before_std,Dep_mean,Dep_std,Fac_mean,Fac_std,gmax_AMPA_before_mean,gmax_AMPA_before_std,spine_volume_mean,spine_volume_std,Nrrp_mean,Nrrp_std,Cpre_mean,Cpre_std,Cpost_mean,Cpost_std,risetime,epsp_before_amplitude,epsp_after_amplitude,epsp_ratio_amplitude
0,121490,25325,0.2,-15,/gpfs/bbp.cscs.ch/project/proj32/glusynapse_20190926_release/testing/banerjee_2014/simulations/L23PC_L23PC/121490-25325/0Hz_-15ms/simulation.batch,0.011396277595133952,0.004279117363747718,0.37548377775343417,0.0,0.0,2.0,0.0,0.4878673960145498,0.3258762500008661,666.6352528066483,32.869137705177764,2.772049441372635,2.7716997733616013,0.7385316226227823,0.4943807250132213,0.07155307801440862,0.04847728853460749,1.0,0.0,0.01751299091757362,0.0004842991402380093,0.009889472870083571,0.0052674019252433295,1.3250000000000002,0.9961878727492414,0.3565973641310682,0.3579619606760965
1,1317,4546,0.2,-15,/gpfs/bbp.cscs.ch/project/proj32/glusynapse_20190926_release/testing/banerjee_2014/simulations/L23PC_L23PC/1317-4546/0Hz_-15ms/simulation.batch,0.0017561094872920794,0.00027096620243792616,0.15429915070714414,0.0,0.0,2.0,0.0,0.25306327642816817,0.0529011656182069,458.6752166345923,72.21290124989045,13.056504740452318,13.054019221215682,0.3989162529342182,0.2443206191798979,0.023054324899247858,0.017075138131743196,1.0,0.0,0.042232010156920616,0.00778073819675261,4.806394603889474e-05,2.5187620946550026e-05,2.7,0.3121344826319865,0.03639707785209486,0.11660703920049685
2,450,1126,0.2,-15,/gpfs/bbp.cscs.ch/project/proj32/glusynapse_20190926_release/testing/banerjee_2014/simulations/L23PC_L23PC/450-1126/0Hz_-15ms/simulation.batch,0.019914749355298102,0.01713212701634971,0.8602732934618575,0.0,0.0,4.0,0.0,0.6419181050687018,0.18994341983467727,709.6096168903381,67.5467448998609,5.362279165452237,7.9652588436521645,1.0134807241793036,0.4564720624671768,0.07491318227638025,0.035068730777217734,1.25,0.4330127018922193,0.034688829337197635,0.006784778283355982,0.0047806965634004175,0.0027237053053986893,2.35,3.0826283515176955,2.2341621784378187,0.7247588498100512
3,11202,23034,0.2,-15,/gpfs/bbp.cscs.ch/project/proj32/glusynapse_20190926_release/testing/banerjee_2014/simulations/L23PC_L23PC/11202-23034/0Hz_-15ms/simulation.batch,0.025506110294811854,0.0276666690997772,1.084707498712762,0.0,0.0,5.0,0.8,0.5494282065624997,0.21796796305361474,690.1267777170375,111.15468408059144,15.042414249443134,21.911906361393623,0.7119035441897176,0.389242222092468,0.04909079111220871,0.024972009254010268,1.0,0.0,0.027314528697937046,0.007353694105406421,0.031941180953148976,0.02395565899973716,1.3250000000000002,2.2697352027145152,2.049096188700708,0.9027908569466908
4,17432,23451,0.2,-15,/gpfs/bbp.cscs.ch/project/proj32/glusynapse_20190926_release/testing/banerjee_2014/simulations/L23PC_L23PC/17432-23451/0Hz_-15ms/simulation.batch,0.0228700811854012,0.021041728779590683,0.9200548353550392,0.0,0.0,2.0,0.5,0.5352838199357376,0.3137511435173012,669.6564169125658,1.865822644855712,2.378270990030752,2.3627468036153187,0.8328816616564745,0.6189837853307228,0.05201398241025682,0.03957667045695697,1.0,0.0,0.027049961718463786,0.0010429554517040404,0.0048591481019628026,0.0038820997753651453,1.025,1.5371754703845617,1.4169392573263329,0.9217810748514296
5,122857,17607,0.2,-15,/gpfs/bbp.cscs.ch/project/proj32/glusynapse_20190926_release/testing/banerjee_2014/simulations/L23PC_L23PC/122857-17607/0Hz_-15ms/simulation.batch,0.011287043598044591,0.003591495567512831,0.3181963050213641,0.0,0.0,3.0,0.6666666666666666,0.5605327489559833,0.2380067017184294,646.1261638154846,73.3324473581319,14.302326050510313,15.259318489705965,0.7586316310697631,0.38888189872712864,0.04011337978293408,0.02049336362429271,1.0,0.0,0.03454968170913533,0.004588532163823361,0.06716621106178992,0.05440206918867919,1.6,1.274955595382116,0.4936385899776549,0.3871810059625698
6,6859,119724,0.2,-15,/gpfs/bbp.cscs.ch/project/proj32/glusynapse_20190926_release/testing/banerjee_2014/simulations/L23PC_L23PC/6859-119724/0Hz_-15ms/simulation.batch,0.006092806462570022,0.004648537707862371,0.7629550907976089,0.0,0.0,3.0,0.0,0.4850093437243991,0.2030721566111711,777.878503212107,115.49780826320044,14.968225271087196,20.57700304943693,0.6132599430342706,0.2145635426622428,0.04727132733643417,0.030655214726363775,1.0,0.0,0.03101411312653922,0.008844455368576469,0.005220856360879044,0.0071928312640362315,1.675,0.6824032736895008,0.4987831896342229,0.7309214490391988
7,6684,12371,0.2,-15,/gpfs/bbp.cscs.ch/project/proj32/glusynapse_20190926_release/testing/banerjee_2014/simulations/L23PC_L23PC/6684-12371/0Hz_-15ms/simulation.batch,0.008785595172769679,0.009031405410038591,1.027978780314256,0.0,0.0,2.0,1.0,0.6143539955281817,0.1272238424982194,584.2587416812819,40.29088934853638,18.60372242415481,18.602370193928014,0.8320298452979459,0.011770627336593342,0.0614808696571089,0.022949289150642947,1.0,0.0,0.03545203556006833,0.018698404102031125,0.0715475140278943,0.0006283044610264285,2.3000000000000003,1.3308476009857453,1.3551996940150874,1.0182981830611595
8,2823,16752,0.2,-15,/gpfs/bbp.cscs.ch/project/proj32/glusynapse_20190926_release/testing/banerjee_2014/simulations/L23PC_L23PC/2823-16752/0Hz_-15ms/simulation.batch,0.007164514410689259,0.007816605640116459,1.0910168075667903,0.0,0.0,3.0,0.3333333333333333,0.4654049037843664,0.11037191494037599,636.7940653913754,113.05991344760562,36.89581192326892,25.742171428588748,0.5122039690738039,0.1562313909298953,0.025529299164707298,0.012087799251171209,1.0,0.0,0.04329152999851352,0.0218867873496606,0.027103510391530826,0.030559708485243475,1.675,0.7927185550551734,0.851387343820885,1.0740096070560985
9,26424,26467,0.2,-15,/gpfs/bbp.cscs.ch/project/proj32/glusynapse_20190926_release/testing/banerjee_2014/simulations/L23PC_L23PC/26424-26467/0Hz_-15ms/simulation.batch,0.000220312935449592,0.003541718224692347,16.075852366384087,0.0,0.0,2.0,0.0,0.05091797070805247,0.04640324749503538,720.8552819534862,175.62254293850708,1.2215851058179918,1.1208535015013663,0.18998563530458884,0.1650964497494043,0.012010041342102241,0.007938747670624326,1.0,0.0,0.019947011255532342,0.01034902454930408,0.0005198638309155103,0.0003298716292018213,2.1,0.030695420838523783,0.4999034782556618,16.285930102911838
10,117838,123175,0.2,-15,/gpfs/bbp.cscs.ch/project/proj32/glusynapse_20190926_release/testing/banerjee_2014/simulations/L23PC_L23PC/117838-123175/0Hz_-15ms/simulation.batch,0.002760555758365961,0.0031900113132895314,1.1555685131959714,0.0,0.0,5.0,0.8,0.5406634099676888,0.25231210980149155,736.4367518093097,73.0911079222297,25.09577213229396,28.539994189809327,0.7117623197110887,0.27259121436686146,0.053592073066844895,0.02570663406504747,1.0,0.0,0.042101723180346814,0.017454443491324304,0.0005115630728539554,0.0009321913613668325,4.8500000000000005,0.9408869066323272,0.6094767954678576,0.6477683887103176
11,23677,16455,0.2,-15,/gpfs/bbp.cscs.ch/project/proj32/glusynapse_20190926_release/testing/banerjee_2014/simulations/L23PC_L23PC/23677-16455/0Hz_-15ms/simulation.batch,0.007074345060012598,0.003791856182934547,0.5360010221112672,0.0,0.0,4.0,0.0,0.3233467185217287,0.08867827174619694,622.7571234803951,82.66699852717284,13.573102605120024,11.68975893369267,0.3527362046878522,0.14860124418929324,0.022758626140015475,0.00478097490606274,1.0,0.0,0.025988422909059908,0.00929342552840113,0.008283737678249223,0.011772653705925704,1.425,0.6610036143964401,0.3497256808158717,0.5290828570358196
12,127325,2467,0.2,-15,/gpfs/bbp.cscs.ch/project/proj32/glusynapse_20190926_release/testing/banerjee_2014/simulations/L23PC_L23PC/127325-2467/0Hz_-15ms/simulation.batch,0.013974825519305777,0.013788890014910012,0.9866949677376008,0.0,0.0,3.0,1.0,0.31707023253989786,0.17572937713638934,710.1192211774286,139.38101421563644,21.477601553312656,30.31444582831163,0.4696194969021615,0.16708822266094533,0.031085787551648425,0.011634464515458454,1.0,0.0,0.02551407352189956,0.005703845139565495,0.03167792195243243,0.003258449219160757,0.9,0.8321931449689245,0.8209060066657216,0.9864368766175976
13,1947,24378,0.2,-15,/gpfs/bbp.cscs.ch/project/proj32/glusynapse_20190926_release/testing/banerjee_2014/simulations/L23PC_L23PC/1947-24378/0Hz_-15ms/simulation.batch,0.005323963662456539,0.006092360027610154,1.1443278755961808,0.0,0.0,2.0,0.5,0.4864255044692079,0.020835977866620503,636.7703635880064,87.26322516835302,4.266044384424871,4.266026940217989,0.5590630181763898,0.09610824282377878,0.04824119958625915,0.011475132876556302,1.0,0.0,0.044213956089661714,0.02576299543221491,0.021350110471528357,0.02130556677361633,1.65,0.5860816809791414,0.6652997350906273,1.1351655523154038
14,3302,2619,0.2,-15,/gpfs/bbp.cscs.ch/project/proj32/glusynapse_20190926_release/testing/banerjee_2014/simulations/L23PC_L23PC/3302-2619/0Hz_-15ms/simulation.batch,0.00724578579432618,0.010712446517020064,1.4784382013346926,0.0,0.0,4.0,0.0,0.4092281310870973,0.031810528962869386,673.4346584421128,171.08353892830985,9.9027927907778,15.98679948428585,0.5428624801487762,0.2628911129918118,0.04002587390821835,0.01874929038895499,1.0,0.0,0.029637839711180832,0.016638369984080074,0.006878150987749165,0.002042473513989309,1.825,0.8721215228071626,1.2782121824901342,1.4656354063776085
15,6347,22435,0.2,-15,/gpfs/bbp.cscs.ch/project/proj32/glusynapse_20190926_release/testing/banerjee_2014/simulations/L23PC_L23PC/6347-22435/0Hz_-15ms/simulation.batch,0.047077224592781186,0.046139377641021946,0.9800785420153452,0.0,0.0,2.0,0.5,0.7925508469566948,0.08062655042757727,604.6169254846932,122.35036619505459,21.404928801505644,21.40492879519423,1.170801415017564,0.3322241173639308,0.08397680353243961,0.0046009610656799075,1.5,0.5,0.023292146175280443,0.005590205236075169,0.01749534440436874,0.010445450007706109,0.9,2.7636043414092284,2.6944789607038526,0.9749872368958116
16,118838,125248,0.2,-15,/gpfs/bbp.cscs.ch/project/proj32/glusynapse_20190926_release/testing/banerjee_2014/simulations/L23PC_L23PC/118838-125248/0Hz_-15ms/simulation.batch,0.006652058585187446,0.0055534493831562795,0.8348467338400315,0.0,0.0,4.0,0.5,0.3776056655065045,0.3201701907199089,700.429221083588,151.56492947850887,0.017274310417097562,0.028945092055942864,0.5083267860050753,0.33088956111247697,0.035403465916553974,0.025025672151546576,1.0,0.0,0.0263285838332562,0.0071743259037258846,0.008317020883089327,0.013326235333156295,1.5,0.6631133450652466,0.5328585805106649,0.8035708894657139
17,22895,5782,0.2,-15,/gpfs/bbp.cscs.ch/project/proj32/glusynapse_20190926_release/testing/banerjee_2014/simulations/L23PC_L23PC/22895-5782/0Hz_-15ms/simulation.batch,0.010518917085650514,0.010834642086325062,1.0300149718933755,0.0,0.0,2.0,0.5,0.5801669330491201,0.02592292840800781,784.0513978925604,59.50144352392243,6.218770422606357,5.961992870852589,0.6956152778766475,0.19542032840510148,0.07137634224604722,0.011601681781872571,1.0,0.0,0.01500349343788979,0.0018517536970219907,0.02389626692099671,0.0065910034254270155,0.9,0.5935522414772215,0.6095142837447696,1.0268923965779693
18,5394,24014,0.2,-15,/gpfs/bbp.cscs.ch/project/proj32/glusynapse_20190926_release/testing/banerjee_2014/simulations/L23PC_L23PC/5394-24014/0Hz_-15ms/simulation.batch,0.002119468462879318,0.00578234207512069,2.728203875827114,0.0,0.0,2.0,0.0,0.2812655771396124,0.13314383911364638,781.1539851742797,84.94898735056154,1.1675959752541454,0.10515174810894334,0.29983936979211945,0.07872459432619215,0.028202928501790892,0.00018457576488978798,1.0,0.0,0.0202952811035456,0.005196479192560218,0.0008131839395378622,1.7348406933176213e-06,1.825,0.2572320731787253,0.7213302622251118,2.8042003211781843
19,2699,26360,0.2,-15,/gpfs/bbp.cscs.ch/project/proj32/glusynapse_20190926_release/testing/banerjee_2014/simulations/L23PC_L23PC/2699-26360/0Hz_-15ms/simulation.batch,0.0029308636441220714,0.002690652667615937,0.9180408897602984,0.0,0.0,3.0,1.0,0.3203915410546489,0.12799777352857064,627.9507217785559,47.46741960710597,16.42122917744688,18.410826276846574,0.4467644441176515,0.13912141497784689,0.029571398888634307,0.0025380436304781808,1.0,0.0,0.028287005693248643,0.009332751276536265,0.0634949959296111,0.03632639390657042,1.925,0.3745201285200601,0.3174358246128203,0.8475801444028869
20,10083,11735,0.2,-15,/gpfs/bbp.cscs.ch/project/proj32/glusynapse_20190926_release/testing/banerjee_2014/simulations/L23PC_L23PC/10083-11735/0Hz_-15ms/simulation.batch,0.010209494480727138,0.009320175484271493,0.912892945078285,0.0,0.0,4.0,1.0,0.5285613170817871,0.18328228076531394,665.5947348431126,64.82726050361622,13.516276536924918,19.4896522534058,0.7300227924899704,0.3105332977943847,0.052367758889471636,0.017019497113821294,1.0,0.0,0.023688313952453327,0.005050492014377656,0.04552282557840834,0.019352037334729733,2.225,1.5070243049743357,1.3838627301612538,0.9182749910492126
21,10309,3673,0.2,-15,/gpfs/bbp.cscs.ch/project/proj32/glusynapse_20190926_release/testing/banerjee_2014/simulations/L23PC_L23PC/10309-3673/0Hz_-15ms/simulation.batch,0.006340613133693982,0.0004717843187121848,0.07440673461137781,0.0,0.0,3.0,0.0,0.3958824366277859,0.14010026845787552,648.9640541416876,35.578025924938714,2.966964630556284,4.193692902790939,0.4522045898079807,0.11597802768080713,0.038100136684368624,0.012607980235159787,1.0,0.0,0.021022979663565453,0.0041859894110206075,0.00032779615440222044,0.00011329188695576508,1.95,0.8136969724104397,0.05989585005270327,0.07360952797362874
22,14613,4965,0.2,-15,/gpfs/bbp.cscs.ch/project/proj32/glusynapse_20190926_release/testing/banerjee_2014/simulations/L23PC_L23PC/14613-4965/0Hz_-15ms/simulation.batch,0.011199817803110272,0.0103214219308506,0.9215705212618964,0.0,0.0,2.0,0.0,0.5707975720839276,0.267415313965796,748.2838764207152,17.889585483169807,15.540733761382556,13.031955461754308,0.7691942285674583,0.3750663012208405,0.06418008451390425,0.02591063645734065,1.0,0.0,0.019435344217593388,0.0022972804732719807,0.015360368574054322,0.0008038422617473192,1.275,0.9259980166361924,0.8532146155048044,0.9214000464107008
23,121543,123945,0.2,-15,/gpfs/bbp.cscs.ch/project/proj32/glusynapse_20190926_release/testing/banerjee_2014/simulations/L23PC_L23PC/121543-123945/0Hz_-15ms/simulation.batch,0.017041786509939733,0.01614564769067981,0.947415206807265,0.0,0.0,5.0,0.0,0.34464116493245445,0.2349514192721316,598.1582950584958,119.61134992432731,41.63314565662015,77.40642955530626,0.3476315725635595,0.1642618976031055,0.04524596370939191,0.019936621861184736,1.0,0.0,0.018341908668147642,0.004470825023248915,0.0023902578191105327,0.0035192798665924273,1.175,1.3468557695842285,1.2865959694795592,0.9552589063613908
24,122403,17669,0.2,-15,/gpfs/bbp.cscs.ch/project/proj32/glusynapse_20190926_release/testing/banerjee_2014/simulations/L23PC_L23PC/122403-17669/0Hz_-15ms/simulation.batch,0.005722518571123246,0.004922660990789124,0.8602263023888934,0.0,0.0,3.0,0.3333333333333333,0.25146409332899505,0.15104989476921218,726.4258748808301,51.51713239290786,4.850108193544709,2.5634504555894906,0.33684612814932513,0.18413401775355592,0.04183536724475978,0.02740013185189864,1.0,0.0,0.01470304268582559,0.008111937384005998,0.024585684375871452,0.013455167129544122,1.15,0.42360740657208734,0.3803900264534832,0.8979777514554632
25,2165,113036,0.2,-15,/gpfs/bbp.cscs.ch/project/proj32/glusynapse_20190926_release/testing/banerjee_2014/simulations/L23PC_L23PC/2165-113036/0Hz_-15ms/simulation.batch,0.011811708938097024,0.01204210852997872,1.019506033639093,0.0,0.0,2.0,0.0,0.32286740514290285,0.02695688115497652,641.6766575369365,100.60233805518936,4.0187274121907794,3.932365084000424,0.5090615036840699,0.11160361540454312,0.03328941354792932,0.0055948876792338885,1.0,0.0,0.027699224608880947,0.0016126608157449925,0.03501812385824353,0.0033810492172690713,1.425,1.1154832477833128,1.1351011601863783,1.0175869179945556
26,4026,9256,0.2,-15,/gpfs/bbp.cscs.ch/project/proj32/glusynapse_20190926_release/testing/banerjee_2014/simulations/L23PC_L23PC/4026-9256/0Hz_-15ms/simulation.batch,0.0013470175927914533,0.003811010733596731,2.8292212024485086,0.0,0.0,4.0,0.0,0.37427586402034174,0.23196919982383096,637.2812850640008,65.11385598075239,2.441626880247186,3.5340837674915915,0.42109215228474617,0.2247829251263001,0.028127982605908503,0.015920897619212455,1.0,0.0,0.03005557946922402,0.00776406053206766,2.634514877952341e-05,1.1473528534806509e-05,4.45,0.3977701553781254,1.098251257530838,2.7610197564641976
27,23803,15914,0.2,-15,/gpfs/bbp.cscs.ch/project/proj32/glusynapse_20190926_release/testing/banerjee_2014/simulations/L23PC_L23PC/23803-15914/0Hz_-15ms/simulation.batch,0.019390513350822758,0.012787062015712754,0.6594493804451127,0.0,0.0,6.0,0.16666666666666666,0.4492922841463194,0.1926032987956792,657.0330682647607,104.35712829101179,26.863230920911217,37.710000498847755,0.6750205504856002,0.25099196493537906,0.06148953751192812,0.03039507058567625,1.0,0.0,0.027086726837069686,0.005793014654188887,0.00021334263315238996,0.0001405429349412458,1.625,2.060230973734507,1.4996132115731329,0.7278859655501817
28,13891,4167,0.2,-15,/gpfs/bbp.cscs.ch/project/proj32/glusynapse_20190926_release/testing/banerjee_2014/simulations/L23PC_L23PC/13891-4167/0Hz_-15ms/simulation.batch,0.02709624614749264,0.02593033193250796,0.956971374977985,0.0,0.0,2.0,0.0,0.5795603190652758,0.2936208066967533,653.0013846442213,45.89036441076581,1.1103309579520682,0.3035350559840759,1.1287465943889985,0.6387933852403724,0.08374105075296176,0.05065270010287934,1.5,0.5,0.02625530354447849,0.002548430011650809,0.003944226663642776,0.0030893669285542782,1.3250000000000002,2.386927796396101,2.2814405705199983,0.9558062769911292
29,5560,122410,0.2,-15,/gpfs/bbp.cscs.ch/project/proj32/glusynapse_20190926_release/testing/banerjee_2014/simulations/L23PC_L23PC/5560-122410/0Hz_-15ms/simulation.batch,7.421941406441194e-05,7.998494642046641e-05,1.0776822672171835,0.0,0.0,2.0,0.5,0.3008746982830118,0.2205154222655228,568.1546983223998,19.881783406105,3.896288810982597,0.12867422237583126,0.2822289817594422,0.20541317882221968,0.022967398848075776,0.020928257205920883,1.0,0.0,0.041502404281067766,0.02177184899792036,0.0012783801271011655,0.0012618386881801476,6.525,0.03325312097802282,0.036928393926711316,1.110524150533645
30,8895,117845,0.2,-15,/gpfs/bbp.cscs.ch/project/proj32/glusynapse_20190926_release/testing/banerjee_2014/simulations/L23PC_L23PC/8895-117845/0Hz_-15ms/simulation.batch,0.00484713919706101,0.0048587841268071755,1.0024024335330055,0.0,0.0,4.0,0.25,0.3091409082319589,0.14531200587258225,618.8183458186021,117.29883187675141,47.62093186037279,47.47110863054889,0.41260136805494607,0.1073902267786153,0.03508450865668055,0.015114468564000925,1.0,0.0,0.03192267365780374,0.008632585798057594,7.222303785517809e-05,3.55737239585096e-05,2.4250000000000003,0.8083970671770527,0.7971492081942062,0.986086219953612
31,4528,24405,0.2,-15,/gpfs/bbp.cscs.ch/project/proj32/glusynapse_20190926_release/testing/banerjee_2014/simulations/L23PC_L23PC/4528-24405/0Hz_-15ms/simulation.batch,0.005819542494857674,0.0055812129230628895,0.9590466824487696,0.0,0.0,4.0,0.0,0.3659581636126871,0.20732105554712152,611.8143047341376,118.47405936557907,0.3904640429261964,0.3728542755367151,0.36708979520409774,0.14334791581693765,0.031983578837946,0.011849592369832409,1.0,0.0,0.02613517282472961,0.005295090289867472,0.0013750969630117822,0.0014181902106304542,1.925,0.7492984783735029,0.740342821748768,0.9880479450002688
32,12739,2821,0.2,-15,/gpfs/bbp.cscs.ch/project/proj32/glusynapse_20190926_release/testing/banerjee_2014/simulations/L23PC_L23PC/12739-2821/0Hz_-15ms/simulation.batch,0.011745168543484234,0.004784497041111499,0.4073587384802369,0.0,0.0,3.0,0.6666666666666666,0.6553902263715036,0.255225746390948,627.2670590210879,104.2687224457997,15.16921683499727,14.285000681108981,0.8847711038684509,0.4535064321642329,0.05927661998931505,0.031822253133716887,1.3333333333333333,0.4714045207910317,0.02948845458265916,0.014256075379962341,0.0004425105326689245,0.00032848261634877465,2.975,2.2931655400819966,0.8686592622611709,0.3788035565152049
33,2347,24810,0.2,-15,/gpfs/bbp.cscs.ch/project/proj32/glusynapse_20190926_release/testing/banerjee_2014/simulations/L23PC_L23PC/2347-24810/0Hz_-15ms/simulation.batch,0.0038355738921573243,0.00438891931783351,1.1442666576721732,0.0,0.0,2.0,0.0,0.4266403291173924,0.015807252720046794,592.2865323748928,43.95874862193142,18.69999079921276,0.37166353031786414,0.3926603221352825,0.06583746245704522,0.030201668889477267,0.006599960607990169,1.0,0.0,0.027369956448668114,0.004853535909904106,0.0002870399355671599,0.00012937906153077475,2.0,0.5058623374115325,0.5774568648501412,1.1415296655705849
34,15883,118634,0.2,-15,/gpfs/bbp.cscs.ch/project/proj32/glusynapse_20190926_release/testing/banerjee_2014/simulations/L23PC_L23PC/15883-118634/0Hz_-15ms/simulation.batch,0.00868383720210892,0.008393295236982144,0.9665422141888821,0.0,0.0,4.0,1.0,0.4634124904107043,0.2963520383900084,624.6830384574148,23.458942560992337,17.86595592052011,25.72219986092017,0.8305327815778702,0.5747326759684019,0.06621783106143693,0.06038948754784047,1.25,0.4330127018922193,0.0416066180136295,0.011406896569661457,1.6437310644751762e-05,4.186233222782372e-06,3.225,1.8412245972850532,1.7782419982966506,0.9657930927702829
35,126257,26153,0.2,-15,/gpfs/bbp.cscs.ch/project/proj32/glusynapse_20190926_release/testing/banerjee_2014/simulations/L23PC_L23PC/126257-26153/0Hz_-15ms/simulation.batch,0.005767826004044098,0.0021545613644974536,0.37354825942855896,0.0,0.0,4.0,1.0,0.3227916573195606,0.3203823482603667,752.9646970161954,151.7291681209765,58.72904067181885,86.8707284234583,0.43611251549337776,0.4042187471584755,0.03361116757164852,0.0263794712900484,1.0,0.0,0.03182597379375464,0.018850758556040983,0.0035102564558610705,0.0044093388265159785,2.35,0.8915861334820551,0.33122178234996297,0.3714972338750819
36,11712,13900,0.2,-15,/gpfs/bbp.cscs.ch/project/proj32/glusynapse_20190926_release/testing/banerjee_2014/simulations/L23PC_L23PC/11712-13900/0Hz_-15ms/simulation.batch,0.005339125076226713,0.006219329460304009,1.1648592927699977,0.0,0.0,2.0,1.0,0.4394815166528833,0.11048370386876936,662.7895199729986,27.74732069292588,15.998194052641047,13.779047939445105,0.6837501035992802,0.11625602259644265,0.03824775341064314,0.014897890452472548,1.0,0.0,0.04118140936710882,0.009675486664738171,0.07132658098659032,0.008657458740370938,2.0500000000000003,0.7337577794626641,0.8553949909768778,1.1657729770215035
37,121846,126480,0.2,-15,/gpfs/bbp.cscs.ch/project/proj32/glusynapse_20190926_release/testing/banerjee_2014/simulations/L23PC_L23PC/121846-126480/0Hz_-15ms/simulation.batch,0.01244337820538675,0.013673466418836345,1.0988548441706198,0.0,0.0,4.0,0.25,0.5203093759849031,0.1835754650278897,603.9103833821757,92.62908478683127,11.317632559824805,15.635163864413713,0.8276279365840495,0.3812734917980573,0.07315436794841917,0.03227756752490968,1.25,0.4330127018922193,0.02334631281215701,0.002654133240088085,0.002394047647219192,0.00234797788860854,1.65,1.3763657927891553,1.1750509950010417,0.8537345240321931
38,123068,126422,0.2,-15,/gpfs/bbp.cscs.ch/project/proj32/glusynapse_20190926_release/testing/banerjee_2014/simulations/L23PC_L23PC/123068-126422/0Hz_-15ms/simulation.batch,0.0008056485216581928,0.0010078536591808967,1.2509843090216604,0.0,0.0,2.0,0.5,0.13727743209475293,0.017490665137181977,825.8409469588518,27.197694622897764,37.95361176293942,30.94179467215473,0.24769850091047144,0.04377978222867583,0.01753962705506977,0.003744959613226543,1.0,0.0,0.024358960811790425,0.0009763139567621553,0.010409681288150695,0.0011262697952216048,0.975,0.05030113836166237,0.05955530021413723,1.1839751972597108
39,124190,120489,0.2,-15,/gpfs/bbp.cscs.ch/project/proj32/glusynapse_20190926_release/testing/banerjee_2014/simulations/L23PC_L23PC/124190-120489/0Hz_-15ms/simulation.batch,0.01332129950384732,0.005008523108323171,0.3759785677723603,0.0,0.0,3.0,0.0,0.597113584639068,0.2379022384534334,678.3030012784657,117.37273497872984,3.3660857967358857,2.2851831433782523,0.8964411912820975,0.41377512027424,0.04025259365972459,0.015017859568793063,1.0,0.0,0.04001238681004191,0.0067912737632615326,0.0008481517263792086,0.0006399692329550567,1.675,1.5209175144095428,0.4733374526037442,0.3112183587336131
40,25315,1125,0.2,-15,/gpfs/bbp.cscs.ch/project/proj32/glusynapse_20190926_release/testing/banerjee_2014/simulations/L23PC_L23PC/25315-1125/0Hz_-15ms/simulation.batch,0.017768252914540757,0.019770511850423788,1.112687440094038,0.0,0.0,3.0,0.6666666666666666,0.5278477933523437,0.3260056156475929,630.8311586577005,41.30469324307726,12.24255241809108,16.101916464818586,0.7269540168022385,0.4498076497517677,0.07721865803967458,0.03765108943575548,1.3333333333333333,0.4714045207910317,0.014204906546305403,0.004107798295130883,0.023412104893373142,0.004704911299989963,1.275,1.478707225017086,1.644836718026477,1.1123477928549859
41,118050,118859,0.2,-15,/gpfs/bbp.cscs.ch/project/proj32/glusynapse_20190926_release/testing/banerjee_2014/simulations/L23PC_L23PC/118050-118859/0Hz_-15ms/simulation.batch,0.003785191670071872,0.008106676652097633,2.141681943399105,0.0,0.0,3.0,0.3333333333333333,0.5052032043601861,0.32960679808746396,676.0120572543891,119.61229493754203,16.036075254826212,5.247090125440947,0.5577638276562755,0.3396771095012787,0.04958572009258468,0.025214474572111616,1.0,0.0,0.018508837244850872,0.0044000474380914145,0.012914631316711422,0.00976271984466508,2.6500000000000004,0.6664219910220488,0.5557771178222419,0.8339717555987042
42,23355,24707,0.2,-15,/gpfs/bbp.cscs.ch/project/proj32/glusynapse_20190926_release/testing/banerjee_2014/simulations/L23PC_L23PC/23355-24707/0Hz_-15ms/simulation.batch,0.002821969205552047,0.003339150558708807,1.183269665784885,0.0,0.0,2.0,0.0,0.3112124486343101,0.19027386222779766,773.4936291331583,83.7570085340767,0.21277757496380106,0.21275698384142674,0.4385242434013266,0.29061068441090665,0.04163023738846666,0.02749844364636594,1.0,0.0,0.02007991843839053,0.0024974638255228273,0.0021770080437784737,0.0009876076759416262,2.1,0.3868727370975087,0.4563450526136187,1.1795740791592662
43,126697,113772,0.2,-15,/gpfs/bbp.cscs.ch/project/proj32/glusynapse_20190926_release/testing/banerjee_2014/simulations/L23PC_L23PC/126697-113772/0Hz_-15ms/simulation.batch,0.02944369300378237,0.028746604721042526,0.9763246993965636,0.0,0.0,2.0,0.0,0.5608841101076416,0.2635417373320635,626.3190962015243,168.18651396854548,3.3500910842088643,1.533924107585373,0.8527947923954733,0.3827868782217338,0.06657910540342374,0.0012403804819572026,1.0,0.0,0.02724936823192417,0.013455916953684848,0.0142285828827064,0.0004219469996116759,1.65,3.2217676763512655,3.1449764402135245,0.9761648747358754
44,119084,123802,0.2,-15,/gpfs/bbp.cscs.ch/project/proj32/glusynapse_20190926_release/testing/banerjee_2014/simulations/L23PC_L23PC/119084-123802/0Hz_-15ms/simulation.batch,0.004540314102861013,0.001911636822976532,0.4210362498427017,0.0,0.0,5.0,0.8,0.6892605338471606,0.1827036200808008,588.3751111894137,74.66399883777397,24.38065509808297,27.37118928308865,0.9150569723185996,0.38381633071079424,0.07914640795284711,0.02791838916262557,1.4,0.4898979485566356,0.052690448902347135,0.01568280678329718,0.00018597340896139172,0.0003345995893886212,3.5500000000000003,1.0667605174870078,0.7452331074280371,0.6985945722696971
45,22070,11064,0.2,-15,/gpfs/bbp.cscs.ch/project/proj32/glusynapse_20190926_release/testing/banerjee_2014/simulations/L23PC_L23PC/22070-11064/0Hz_-15ms/simulation.batch,0.02672552623052897,0.008241097114543672,0.3083605180851311,0.0,0.0,4.0,0.0,0.6630536506978276,0.2183294166639476,749.3629823568544,57.82224240318747,8.936508770255669,6.1422042346868695,1.0166989625869702,0.7008818967355527,0.08346584750166795,0.047048686805688224,1.25,0.4330127018922193,0.022055875789034653,0.008160136161670146,0.006209608359984858,0.001715217206619046,1.6,2.8464987389159497,0.8415530289002358,0.2956449681129069
46,123358,25158,0.2,-15,/gpfs/bbp.cscs.ch/project/proj32/glusynapse_20190926_release/testing/banerjee_2014/simulations/L23PC_L23PC/123358-25158/0Hz_-15ms/simulation.batch,0.013103807144299632,0.011823403203915284,0.9022876385248584,0.0,0.0,2.0,1.0,0.9089017452233424,0.049378706392372296,686.232744361522,14.263012153538794,0.03255362387405095,0.0325142085302286,1.322759225224843,0.26942729306821755,0.08703085591995421,0.009058836013610648,1.5,0.5,0.05203693427160398,0.005980202571261754,0.019643063554046974,0.019591980045724443,2.4250000000000003,2.1059843935483817,1.6688604747789182,0.792437246872019
47,2575,2098,0.2,-15,/gpfs/bbp.cscs.ch/project/proj32/glusynapse_20190926_release/testing/banerjee_2014/simulations/L23PC_L23PC/2575-2098/0Hz_-15ms/simulation.batch,0.002192357290729462,0.001990045422127915,0.9077194810093058,0.0,0.0,2.0,0.5,0.558400010145759,0.1167456942976616,655.6641802220732,18.270005517082158,18.937201929268802,16.121610550228368,0.6762730640203063,0.29123255199216164,0.059644564091588616,0.003114348652629165,1.0,0.0,0.023321606085722216,0.012411940343764616,0.010000366715255062,0.009842270598046795,2.875,0.4057066951225129,0.374265204137196,0.9225019173621908
48,121639,25592,0.2,-15,/gpfs/bbp.cscs.ch/project/proj32/glusynapse_20190926_release/testing/banerjee_2014/simulations/L23PC_L23PC/121639-25592/0Hz_-15ms/simulation.batch,0.011229833512236744,0.003017118645978969,0.2686699355508097,0.0,0.0,3.0,0.6666666666666666,0.5040803178875025,0.2527447878796104,706.1146587779275,64.48044220797779,8.44836027144588,10.754990686078642,0.8687211253759228,0.4525490091641645,0.07505657981654291,0.02156134934551021,1.3333333333333333,0.4714045207910317,0.02133065109602454,0.006516723166700098,0.0011380375080026544,0.001448832955172667,1.875,1.3985286867538549,0.5271853663620095,0.3769571345623715
49,124371,1466,0.2,-15,/gpfs/bbp.cscs.ch/project/proj32/glusynapse_20190926_release/testing/banerjee_2014/simulations/L23PC_L23PC/124371-1466/0Hz_-15ms/simulation.batch,0.008612070705805698,0.009042276560913559,1.049953822931092,0.0,0.0,2.0,0.0,0.5462964051433714,0.035398973071588624,652.0244085186492,143.3619752948165,14.58114057217636,13.324488039274636,0.4978130831464375,0.0462557436676059,0.02780900848255477,0.012319992192504188,1.0,0.0,0.040024161079285366,0.02060002891340637,0.005916671874728337,0.0008759736676610602,1.475,0.8479309980594181,0.8909869516987127,1.050777662024189
50,12424,2587,0.2,-15,/gpfs/bbp.cscs.ch/project/proj32/glusynapse_20190926_release/testing/banerjee_2014/simulations/L23PC_L23PC/12424-2587/0Hz_-15ms/simulation.batch,0.014801129900230959,0.004912248014621193,0.3318833121344704,0.0,0.0,2.0,0.0,0.8568566687213726,0.08976299360464908,563.9170704043743,69.69480794812645,0.4256310421975936,0.06976450343862803,0.9778727067423116,0.10299897259936004,0.06443911786593297,0.0005212468452101549,1.0,0.0,0.027148401814246804,0.0027489773656030427,0.0002630610215811335,0.00011317942319851027,2.075,2.046815262401127,0.6531755458945665,0.3191179770314609
51,125966,24114,0.2,-15,/gpfs/bbp.cscs.ch/project/proj32/glusynapse_20190926_release/testing/banerjee_2014/simulations/L23PC_L23PC/125966-24114/0Hz_-15ms/simulation.batch,0.007729639349592155,0.004487614041739536,0.5805722413137322,0.0,0.0,2.0,0.0,0.6782053247586779,0.08686416592300178,832.9761189715175,154.5734517810827,1.943460546233331,1.780742760137647,1.024959647034096,0.4583998904821015,0.06729284633956692,0.03156358120232961,1.5,0.5,0.0350079324503472,0.006397053299757371,0.00013070461154947687,8.769730871588471e-05,2.4000000000000004,1.2386048247711687,0.6077534545933643,0.49067583335600706
52,22749,15804,0.2,-15,/gpfs/bbp.cscs.ch/project/proj32/glusynapse_20190926_release/testing/banerjee_2014/simulations/L23PC_L23PC/22749-15804/0Hz_-15ms/simulation.batch,0.008592021172022853,0.0058300051954922865,0.6785371077152161,0.0,0.0,6.0,0.5,0.3350677550166481,0.11094993160708312,657.3434978614597,86.86098859074356,6.242732431086576,5.053218874609319,0.3729129789482491,0.23804067873532356,0.024405686117624555,0.01288982751008966,1.0,0.0,0.02823859988663058,0.009606767208386538,0.04127445628072695,0.041300020109841684,1.6,0.9029645119550496,0.5405947145625137,0.5986887717126861
53,126444,122038,0.2,-15,/gpfs/bbp.cscs.ch/project/proj32/glusynapse_20190926_release/testing/banerjee_2014/simulations/L23PC_L23PC/126444-122038/0Hz_-15ms/simulation.batch,0.005281721701482821,0.005107596650972231,0.9670325207665325,0.0,0.0,3.0,0.0,0.27293595512265995,0.09505524991297397,716.2395840999167,141.39639836207962,26.685210187737432,7.268390266583988,0.32152213693319703,0.02786383814186205,0.018274187255254426,0.00579343443087229,1.0,0.0,0.035937698783691595,0.017624143249027332,0.016942769786434633,0.004884105577591623,0.8,0.2770902196505491,0.2749915800976581,0.9924261507478044
54,120922,13189,0.2,-15,/gpfs/bbp.cscs.ch/project/proj32/glusynapse_20190926_release/testing/banerjee_2014/simulations/L23PC_L23PC/120922-13189/0Hz_-15ms/simulation.batch,0.006610574683367929,0.005219605463749607,0.7895842213056041,0.0,0.0,2.0,0.5,0.6302247985804272,0.005214408402905546,756.3865194480875,74.99113941253921,3.9414064621992613,3.9413846758734543,0.8997961114387063,0.08356407447220365,0.047085161761203885,0.001061811305651892,1.0,0.0,0.034864502362441464,0.006556378833618589,0.0001707795487366862,0.00012833019583702237,1.7000000000000002,0.7494904935264771,0.515590567788819,0.6879214242770176
55,13464,113466,0.2,-15,/gpfs/bbp.cscs.ch/project/proj32/glusynapse_20190926_release/testing/banerjee_2014/simulations/L23PC_L23PC/13464-113466/0Hz_-15ms/simulation.batch,0.013237894406649823,0.011597991466592426,0.8761205604394593,0.0,0.0,2.0,0.0,0.28651488710918177,0.19963153094694816,571.7842822328853,106.12541178531276,34.257098101021306,34.256184611276325,0.5927867122633764,0.5074444952850455,0.04141397587407145,0.028643798805957157,1.0,0.0,0.02361554019640544,0.01122405650068927,0.011346308674418364,0.00944009127183945,1.7000000000000002,1.4971981858409058,1.310949526216976,0.875601866616394
56,26543,3590,0.2,-15,/gpfs/bbp.cscs.ch/project/proj32/glusynapse_20190926_release/testing/banerjee_2014/simulations/L23PC_L23PC/26543-3590/0Hz_-15ms/simulation.batch,0.006166683164316567,0.00705261194122887,1.1436637416429498,0.0,0.0,3.0,0.0,0.4824754897999773,0.3130225570417041,701.2210989633667,41.96909028833682,74.65061695707111,103.28440699479894,0.5881550036462728,0.3763742379788793,0.047968868501591384,0.016257217942501918,1.0,0.0,0.018129325096288347,0.006754552271910177,0.00019755979183114247,0.00016983066089465562,1.775,0.7369852326712338,0.8654826244539372,1.1743554498601814
57,10481,119883,0.2,-15,/gpfs/bbp.cscs.ch/project/proj32/glusynapse_20190926_release/testing/banerjee_2014/simulations/L23PC_L23PC/10481-119883/0Hz_-15ms/simulation.batch,0.0003225936108851544,0.0016803124235281813,5.208759153405504,0.0,0.0,3.0,0.0,0.2589361559078342,0.1744434728556133,707.0026668659648,105.34098343986076,3.1050655202069812,0.6898312935527572,0.2962020890468873,0.1191153267903308,0.018623515449372848,0.008000942294087775,1.0,0.0,0.030068818608859543,0.008895318064724402,0.00020043389691853854,0.00023382448967091798,3.125,0.07070695533270997,0.2872369166195803,4.0623573065477565
58,17875,13558,0.2,-15,/gpfs/bbp.cscs.ch/project/proj32/glusynapse_20190926_release/testing/banerjee_2014/simulations/L23PC_L23PC/17875-13558/0Hz_-15ms/simulation.batch,0.016904350741291527,0.0077335343593059125,0.4574878075864542,0.0,0.0,2.0,0.0,0.5050500855608229,0.4661035636081465,570.3770588053118,33.6300561214037,0.000649064291275737,0.00017092127451564441,0.7827854115495777,0.7143555301508501,0.06086428038314304,0.05458022092256214,1.5,0.5,0.0191459336460703,0.0017040776043880446,0.002813168501685213,6.644620136360738e-05,0.975,1.0939205012197823,0.4992365189174853,0.456373674650771
59,18124,14519,0.2,-15,/gpfs/bbp.cscs.ch/project/proj32/glusynapse_20190926_release/testing/banerjee_2014/simulations/L23PC_L23PC/18124-14519/0Hz_-15ms/simulation.batch,0.00352301524700595,0.0058748148740417686,1.6675530652427653,0.0,0.0,3.0,0.0,0.32875182493503924,0.28808130013696825,765.5133262219321,122.41823217037859,11.286221533319265,8.06684392616583,0.5063264591912465,0.3635195926224751,0.030957742709313587,0.01994919533177626,1.0,0.0,0.028107832169373168,0.003644506822579243,0.00048051744338048377,0.00018123885285329996,1.875,0.436732289742754,0.8112798206529642,1.857613553444441
60,12148,122523,0.2,-15,/gpfs/bbp.cscs.ch/project/proj32/glusynapse_20190926_release/testing/banerjee_2014/simulations/L23PC_L23PC/12148-122523/0Hz_-15ms/simulation.batch,0.0025494394874334817,0.002437737639600652,0.9561857230252284,0.0,0.0,2.0,0.5,0.40766143398066296,0.29505053311171703,775.2197229550717,88.99444738283256,4.0230621857305895,0.4534861744179473,0.4788820317541264,0.2361149585863675,0.030179277600421738,0.0009838157114168307,1.0,0.0,0.027950586174949908,0.01464179077182783,0.0007899541475271786,0.0001448946213649569,1.775,0.2976835792066945,0.2848128983198947,0.956763886939618
61,124638,119761,0.2,-15,/gpfs/bbp.cscs.ch/project/proj32/glusynapse_20190926_release/testing/banerjee_2014/simulations/L23PC_L23PC/124638-119761/0Hz_-15ms/simulation.batch,0.0009357181498902104,0.000866966336533892,0.9265250830451612,0.0,0.0,3.0,0.6666666666666666,0.1916435142448061,0.11271226608059486,724.6078635515307,92.86003383004915,14.086986952821924,13.138543984133447,0.28252721193857555,0.12540009181331066,0.02223940067375567,0.015369010814811145,1.0,0.0,0.027289888392573482,0.00814868634881258,0.0007167449385921589,0.0006020969591248608,1.5750000000000002,0.09968067043764084,0.07571569332163433,0.7595825047043726
62,2467,8332,0.2,-15,/gpfs/bbp.cscs.ch/project/proj32/glusynapse_20190926_release/testing/banerjee_2014/simulations/L23PC_L23PC/2467-8332/0Hz_-15ms/simulation.batch,0.00546131770515011,0.0050053123470651575,0.9165026862189444,0.0,0.0,2.0,0.0,0.31615377656819665,0.04788381418538731,676.6440121131791,69.25458698443532,0.2382798649510032,0.17456377378331164,0.3141157030952724,0.054246357298383015,0.03352675155024691,0.0020697447120977927,1.0,0.0,0.014835240856269182,0.0015798241485673829,0.00731643509626762,0.007219043095602133,1.0,0.3670684702359556,0.3338442519676574,0.9094876815572271
63,125355,126906,0.2,-15,/gpfs/bbp.cscs.ch/project/proj32/glusynapse_20190926_release/testing/banerjee_2014/simulations/L23PC_L23PC/125355-126906/0Hz_-15ms/simulation.batch,0.009694021771219221,0.0016775084038952591,0.17304566087066656,0.0,0.0,2.0,0.0,0.5096174320194368,0.23934080349688686,602.8170290857354,3.61938703936454,1.4954184333627243,0.5972814019736716,0.8170136404792934,0.5362823724612449,0.054733360937669256,0.03093223476476653,1.0,0.0,0.029648124664107437,0.0048180116775364545,0.00032230900103691134,0.00011209256512013702,1.55,0.9861772404920052,0.16966427492010278,0.17204237529904565
64,123715,17659,0.2,-15,/gpfs/bbp.cscs.ch/project/proj32/glusynapse_20190926_release/testing/banerjee_2014/simulations/L23PC_L23PC/123715-17659/0Hz_-15ms/simulation.batch,0.02171186418907354,0.007188880872640209,0.3311038061972588,0.0,0.0,4.0,0.0,0.4740688146287175,0.3155295386170273,784.471090269896,85.44217315232744,36.127694993990566,27.361339223022433,0.7023746379362923,0.5354357296362561,0.062261928240890135,0.05457525648866568,1.25,0.4330127018922193,0.02099296410156739,0.005536530230653653,0.003578964457094943,0.001831347798141462,1.3250000000000002,1.9146430614667755,0.7691703927075793,0.401730436438806
65,17262,11754,0.2,-15,/gpfs/bbp.cscs.ch/project/proj32/glusynapse_20190926_release/testing/banerjee_2014/simulations/L23PC_L23PC/17262-11754/0Hz_-15ms/simulation.batch,0.009676908243052751,0.009361892649923657,0.9674466694095966,0.0,0.0,2.0,0.0,0.4592717660176668,0.19689438736430948,825.3728938878979,107.5799470871538,46.79267965181284,46.60347454658355,0.6382455446509291,0.3292572740906388,0.055894726118533085,0.03482461177658911,1.0,0.0,0.02038604306349321,0.0032547403999021412,0.0052645222858696905,0.0031322286798296604,1.0,0.6239507969121731,0.5426612218261013,0.8697179721728697
66,122101,120622,0.2,-15,/gpfs/bbp.cscs.ch/project/proj32/glusynapse_20190926_release/testing/banerjee_2014/simulations/L23PC_L23PC/122101-120622/0Hz_-15ms/simulation.batch,0.003197215935644711,0.002585991046921264,0.8088258969595699,0.0,0.0,5.0,0.0,0.3153797809021913,0.17329648611597231,646.0942903298792,118.50618911455915,7.821675725850289,9.1611700718027,0.4042308388159075,0.12851003126293986,0.026425118536952324,0.021516122400861187,1.0,0.0,0.050007472096410516,0.0263413697935893,0.00036457294883556477,0.00040678704517528895,1.6,0.34234503320819176,0.29001051074941464,0.8471293070375854
67,123766,119164,0.2,-15,/gpfs/bbp.cscs.ch/project/proj32/glusynapse_20190926_release/testing/banerjee_2014/simulations/L23PC_L23PC/123766-119164/0Hz_-15ms/simulation.batch,0.0034361984719036326,0.002722262956457655,0.7922310014152175,0.0,0.0,3.0,0.0,0.369062964017402,0.10796795195376943,625.2955470664969,50.41459385801997,17.089292701695594,21.868812477821603,0.6483794235953187,0.11263512716891545,0.04577694026724005,0.016434463417357936,1.0,0.0,0.03380184725978752,0.013612141424217706,6.513101536708912e-05,7.68705175775896e-06,2.0,0.4535696949703954,0.3617011001911026,0.7974542924758474
68,121109,123193,0.2,-15,/gpfs/bbp.cscs.ch/project/proj32/glusynapse_20190926_release/testing/banerjee_2014/simulations/L23PC_L23PC/121109-123193/0Hz_-15ms/simulation.batch,0.005053209184703695,0.00022655137149611576,0.044833167045982884,0.0,0.0,4.0,1.0,0.2722731963508792,0.2463178955782306,753.2984429349118,90.74994533442587,3.9332506694498615,4.718376863506042,0.35669088146502737,0.2524878761723748,0.02558735895828338,0.019032067563070902,1.0,0.0,0.0232091916986187,0.005540540061131336,0.0055012582125965786,0.004235102489723286,1.4500000000000002,0.4872484689902831,0.02193085180771396,0.045009585875479284
69,25920,16154,0.2,-15,/gpfs/bbp.cscs.ch/project/proj32/glusynapse_20190926_release/testing/banerjee_2014/simulations/L23PC_L23PC/25920-16154/0Hz_-15ms/simulation.batch,0.01312774828521637,0.013803831109213032,1.0515002884963929,0.0,0.0,2.0,0.0,0.5421580911760611,0.23454728545379214,545.6769797137604,69.8426643857797,2.561293599268536,2.5552824195257093,0.7767156119562904,0.3947184796851027,0.07818322689027409,0.03864056916241132,1.5,0.5,0.017680038614854576,0.0015991274273717687,0.003957576800466857,0.0022297422693707512,1.225,1.0804871189259482,1.1477402294360293,1.0622433246376262
70,117579,16358,0.2,-15,/gpfs/bbp.cscs.ch/project/proj32/glusynapse_20190926_release/testing/banerjee_2014/simulations/L23PC_L23PC/117579-16358/0Hz_-15ms/simulation.batch,0.00369484674404319,0.003751501071524975,1.0153333362400274,0.0,0.0,2.0,1.0,0.4988578956122977,0.2610339726378131,616.3223959653737,70.08546917729001,75.87807625395119,75.87807625395061,0.6344470320967189,0.30748008941427035,0.035626072029611607,0.007824911207571188,1.0,0.0,0.03148642955318071,0.011563018939315509,0.11686398797823475,0.02382422465227485,2.5500000000000003,0.6282774638686808,0.6334250954105455,1.0081932455609146
71,119777,118734,0.2,-15,/gpfs/bbp.cscs.ch/project/proj32/glusynapse_20190926_release/testing/banerjee_2014/simulations/L23PC_L23PC/119777-118734/0Hz_-15ms/simulation.batch,0.010821047227403721,0.010206391504069195,0.9431981294954576,0.0,0.0,4.0,0.5,0.2919911381480345,0.16802335940194696,641.1618521109269,108.39442158919134,13.676669068299447,16.879112408294628,0.3980512331547811,0.2520631058911492,0.02954011125596773,0.019434298516356502,1.0,0.0,0.03728621065728888,0.02211864972039242,0.005536009345732283,0.007542233937898781,0.925,0.6620313581732998,0.6352163165805979,0.9594958135114764
72,13550,10784,0.2,-15,/gpfs/bbp.cscs.ch/project/proj32/glusynapse_20190926_release/testing/banerjee_2014/simulations/L23PC_L23PC/13550-10784/0Hz_-15ms/simulation.batch,0.008745075330020436,0.008663742543149831,0.9906995899061724,0.0,0.0,4.0,0.0,0.4155923665062789,0.1987711053322468,745.0200671956561,184.6936255910716,16.940115598151795,16.687910903063152,0.5750600078986601,0.3157048988190417,0.04568202042700306,0.02640450699358053,1.25,0.4330127018922193,0.02892764319748716,0.015794330099749898,0.0026589363584223645,0.0016338532876844258,1.525,0.8819392156891602,1.0497265805634797,1.1902482187995325
73,8597,25892,0.2,-15,/gpfs/bbp.cscs.ch/project/proj32/glusynapse_20190926_release/testing/banerjee_2014/simulations/L23PC_L23PC/8597-25892/0Hz_-15ms/simulation.batch,0.00497869460197838,0.0027629163838342108,0.5549479541758422,0.0,0.0,3.0,0.3333333333333333,0.4266047601044642,0.3234576541224305,565.9595353913422,40.6464809384277,6.465509570452699,8.866652609372904,0.6160708653576105,0.5328533213811937,0.0598693195248859,0.04580382525817613,1.3333333333333333,0.4714045207910317,0.02083347972703381,0.009877228073909576,0.0012896310530540914,0.0014211910724091158,1.825,0.6050493961909437,0.3017324945056579,0.4986906794803842
74,16132,14521,0.2,-15,/gpfs/bbp.cscs.ch/project/proj32/glusynapse_20190926_release/testing/banerjee_2014/simulations/L23PC_L23PC/16132-14521/0Hz_-15ms/simulation.batch,0.007698528152668295,0.005852882496648565,0.7602599328834003,0.0,0.0,3.0,0.0,0.5505330734563866,0.38719528193075337,696.9105660357955,87.75883145435922,56.59397959566272,68.51314853485479,0.9776977426991416,0.8567758181385281,0.06440693113836173,0.05048210491277603,1.3333333333333333,0.4714045207910317,0.035950933023951005,0.015191695843094703,0.0002736331731796724,0.0001784704293688182,3.125,1.601465698057524,1.094576573442846,0.6834842449454256
75,25287,4984,0.2,-15,/gpfs/bbp.cscs.ch/project/proj32/glusynapse_20190926_release/testing/banerjee_2014/simulations/L23PC_L23PC/25287-4984/0Hz_-15ms/simulation.batch,0.009327424693198428,0.015196548446081315,1.6292330354768407,0.0,0.0,2.0,0.0,0.5047448210853422,0.3390061222779441,638.0832402326099,87.9255372583735,0.4260833200800164,0.3225495645312357,0.5778079739246337,0.40764147450447225,0.04249800158522178,0.03363147358015517,1.0,0.0,0.03426463529370734,0.002128634753629774,0.003613411999476397,0.00023330855958196732,1.6,0.9725304855975044,1.7864997363152155,1.8369601393190509
76,124726,15109,0.2,-15,/gpfs/bbp.cscs.ch/project/proj32/glusynapse_20190926_release/testing/banerjee_2014/simulations/L23PC_L23PC/124726-15109/0Hz_-15ms/simulation.batch,0.002615075142555513,0.002753092104994384,1.0527774365611522,0.0,0.0,3.0,0.0,0.3943717621037328,0.2746483646622163,675.3368990136945,140.70203232494106,1.207118979365854,1.2582381936671059,0.5253406085496786,0.2719577162066183,0.04354774771436396,0.019735282896814924,1.0,0.0,0.03890423235073821,0.0277112731654791,0.0007618624283488492,0.0009483882550193732,3.5,0.6213950144714019,0.658187265440804,1.0592091183748873
77,15134,13650,0.2,-15,/gpfs/bbp.cscs.ch/project/proj32/glusynapse_20190926_release/testing/banerjee_2014/simulations/L23PC_L23PC/15134-13650/0Hz_-15ms/simulation.batch,0.022853074995776268,0.012041569961488906,0.5269124598643483,0.0,0.0,5.0,0.0,0.5945055917633159,0.3244146474387484,597.3357880943005,45.313751470578076,25.650370817804717,37.49009591286936,1.0141249548584879,0.7828791638732704,0.07883336309808267,0.052847429883145,1.2,0.4000000000000001,0.03390000945284556,0.012302629507292077,0.0006885028563259622,0.00027915428819676733,2.125,3.233284454940599,1.5439628524932802,0.4775215029825286
78,120094,120906,0.2,-15,/gpfs/bbp.cscs.ch/project/proj32/glusynapse_20190926_release/testing/banerjee_2014/simulations/L23PC_L23PC/120094-120906/0Hz_-15ms/simulation.batch,0.007634223860346341,0.003811040864168672,0.4992047566176265,0.0,0.0,3.0,0.3333333333333333,0.4540965325396889,0.3545033901032077,668.0941109869243,77.29534663347725,3.6936211621449417,4.632842790271564,0.5606843779302809,0.4550089101460981,0.06468078518111663,0.04162448911052849,1.0,0.0,0.015811674007571597,0.005645072413090414,0.007497840043234829,0.010200401386774523,2.1,1.0958667307566758,0.5981769578140282,0.5458482687954199
79,13359,26605,0.2,-15,/gpfs/bbp.cscs.ch/project/proj32/glusynapse_20190926_release/testing/banerjee_2014/simulations/L23PC_L23PC/13359-26605/0Hz_-15ms/simulation.batch,0.01996300111884937,0.0201127822309208,1.0075029356147256,0.0,0.0,2.0,0.0,0.8073604526267102,0.14603168877055886,682.3013649695351,121.67741906746528,0.1586463566080909,0.15864629083626164,1.122520539769289,0.3975563415655942,0.05368088209500802,0.01913732770495302,1.0,0.0,0.035450855232136064,9.452154201615784e-05,0.0008031250995798305,9.71146245151813e-05,1.4,1.829599720275068,1.8432451700319732,1.0074581612610072
80,3786,2275,0.2,-15,/gpfs/bbp.cscs.ch/project/proj32/glusynapse_20190926_release/testing/banerjee_2014/simulations/L23PC_L23PC/3786-2275/0Hz_-15ms/simulation.batch,0.006151811167111703,0.0052068006260331656,0.8463849888418757,0.0,0.0,2.0,0.0,0.5360571163694304,0.15174042912439345,902.5425249045584,7.937620480719148,7.672656340912084,7.098868447569423,0.7129970446138777,0.020915421232168496,0.059137689225605125,0.003246017586827129,1.0,0.0,0.02713829236130936,0.0006886510056904603,0.0007717535709298997,1.3821372134154941e-05,1.7000000000000002,0.6856380372687627,0.5709086207430967,0.8326676609385758
81,126718,122275,0.2,-15,/gpfs/bbp.cscs.ch/project/proj32/glusynapse_20190926_release/testing/banerjee_2014/simulations/L23PC_L23PC/126718-122275/0Hz_-15ms/simulation.batch,0.005428900701421117,0.006335515708385449,1.16699789825351,0.0,0.0,2.0,0.0,0.4003405873280729,0.1686522113807239,521.0273026177717,26.004475224114966,0.4396737205787967,0.4118012278343559,0.7006069659780596,0.22138001606560825,0.04943062524404755,0.014994162568124041,1.0,0.0,0.030450217369851037,0.0007238487683771735,0.002622434866373145,0.002411741423448845,1.225,0.44303138214288185,0.5310634526879987,1.1987039160054935
82,11168,4951,0.2,-15,/gpfs/bbp.cscs.ch/project/proj32/glusynapse_20190926_release/testing/banerjee_2014/simulations/L23PC_L23PC/11168-4951/0Hz_-15ms/simulation.batch,0.03313367068636852,0.024918083583515584,0.7520471794200302,0.0,0.0,7.0,0.2857142857142857,0.3813919490200393,0.2763539447611019,726.996278692073,121.7638092364452,24.410211587054853,25.81879530497953,0.6122805367513672,0.4777493500773503,0.05059362207141527,0.03461155879929003,1.1428571428571428,0.34992710611188266,0.020734563136129053,0.005307038257128549,0.014740162936851953,0.012446858201412432,1.1,2.3481788498278053,1.9564163931570229,0.8331632802588649
83,4450,7827,0.2,-15,/gpfs/bbp.cscs.ch/project/proj32/glusynapse_20190926_release/testing/banerjee_2014/simulations/L23PC_L23PC/4450-7827/0Hz_-15ms/simulation.batch,0.009544019933149395,0.017350963677684555,1.817993235472945,0.0,0.0,4.0,0.25,0.5236544412388051,0.20810765133896225,611.404838884346,27.72083219838038,4.507716398982264,2.659776616176711,0.6922987004847572,0.4034094745613557,0.048076669754867817,0.032775329510145626,1.0,0.0,0.03864470827385992,0.018198835513502317,0.017830801691961374,0.03057171259814977,1.95,1.2154364417834254,2.0626426640373885,1.6970386876098982
84,123430,9566,0.2,-15,/gpfs/bbp.cscs.ch/project/proj32/glusynapse_20190926_release/testing/banerjee_2014/simulations/L23PC_L23PC/123430-9566/0Hz_-15ms/simulation.batch,0.010701452382309436,0.0009435859374923932,0.08817363323993617,0.0,0.0,3.0,0.0,0.5423718011468344,0.1983312697454612,681.7035718688394,192.00372745872562,7.692937742354853,5.919240463181904,0.7214980675117163,0.35451323864371137,0.037652319125189584,0.009919540648117257,1.0,0.0,0.03982328872442465,0.015375585439958787,0.00011845354202147715,5.543925335915823e-05,2.35,1.6565096224561304,0.14424793146920792,0.08707944071905206
85,127304,126808,0.2,-15,/gpfs/bbp.cscs.ch/project/proj32/glusynapse_20190926_release/testing/banerjee_2014/simulations/L23PC_L23PC/127304-126808/0Hz_-15ms/simulation.batch,0.0007058802637573847,0.0005472779978089048,0.7753127915714151,0.0,0.0,3.0,0.6666666666666666,0.29809526651346235,0.08090938596986097,545.9900613681331,94.33891181129252,1.7722632329804753,1.7482314652808035,0.4137359063252286,0.22067885042698696,0.025625158289096745,0.012493292510356637,1.0,0.0,0.03510914287938235,0.012304680277617198,0.00012871262194857,0.00014167095840275057,4.9750000000000005,0.23445237441940256,0.190968067156602,0.8145281856475753
86,120061,22563,0.2,-15,/gpfs/bbp.cscs.ch/project/proj32/glusynapse_20190926_release/testing/banerjee_2014/simulations/L23PC_L23PC/120061-22563/0Hz_-15ms/simulation.batch,0.0018087389017043879,0.000245699864103238,0.135840426648486,0.0,0.0,2.0,0.5,0.2589288959465672,0.2173291248839907,554.4314910931294,91.69846049506708,0.5271470117836027,0.003822930153882465,0.2759441939606436,0.0193897642991798,0.01955596308762504,0.002928288291810256,1.0,0.0,0.02286331278071592,0.0016790049722139547,0.016890359778731406,0.01638022960664356,1.35,0.16176540924894786,0.020266322965447142,0.12528217904891156
87,16693,617,0.2,-15,/gpfs/bbp.cscs.ch/project/proj32/glusynapse_20190926_release/testing/banerjee_2014/simulations/L23PC_L23PC/16693-617/0Hz_-15ms/simulation.batch,0.004283763730731087,0.008898791693402349,2.0773301826997908,0.0,0.0,4.0,0.25,0.3103268327407066,0.19966348690651567,714.4989431220897,36.793148914792155,41.05860180365546,33.57751502159211,0.4539878513406818,0.2802052985242272,0.033253147658287394,0.02225370919771429,1.0,0.0,0.026363630126391063,0.017834656990445796,0.0189954963191358,0.02805226071464891,1.225,0.3415090727561683,0.7327833378238761,2.1457214354801954
88,24660,12564,0.2,-15,/gpfs/bbp.cscs.ch/project/proj32/glusynapse_20190926_release/testing/banerjee_2014/simulations/L23PC_L23PC/24660-12564/0Hz_-15ms/simulation.batch,0.030606645652411838,0.008399114763035129,0.274421276294721,0.0,0.0,4.0,0.0,0.5872363107449171,0.279116226179844,631.9282228878002,75.91532402011293,3.965675379872853,3.1646216004476724,0.7031210687538887,0.3397032208154096,0.06083577077812085,0.026114455261407574,1.0,0.0,0.02153018328127909,0.004738719659855205,0.001018388279452106,0.00033858705156809214,1.7000000000000002,3.4277628543835963,0.9218632202645304,0.2689401978569215
89,120637,122130,0.2,-15,/gpfs/bbp.cscs.ch/project/proj32/glusynapse_20190926_release/testing/banerjee_2014/simulations/L23PC_L23PC/120637-122130/0Hz_-15ms/simulation.batch,0.016300331358380712,0.013272593029316541,0.8142529582683926,0.0,0.0,6.0,0.16666666666666666,0.4369581462055617,0.2297213941302137,639.8143230885468,41.50192308219693,21.765230387340168,16.203763722297868,0.5900420518744113,0.36259643441538797,0.0472247526466112,0.02107560372287396,1.1666666666666667,0.3726779962499649,0.023862356911434072,0.008696554115114745,0.014152325562789054,0.01199854527898465,1.4,1.5785806625645298,1.3751465651777273,0.8711284749578094
90,124301,11968,0.2,-15,/gpfs/bbp.cscs.ch/project/proj32/glusynapse_20190926_release/testing/banerjee_2014/simulations/L23PC_L23PC/124301-11968/0Hz_-15ms/simulation.batch,0.007880648699197064,0.013261280636347168,1.6827651050729264,0.0,0.0,3.0,0.0,0.5900773123124016,0.12588339914719826,624.4544568152124,53.323987430938956,19.054789351389392,26.86236654535304,0.6306875752689717,0.2406322336188474,0.04735481015206725,0.009508443080029315,1.0,0.0,0.0273467738047727,0.008481535818588437,0.0007456813782133401,5.482856746186122e-05,2.075,1.090056477783694,1.899723879243375,1.742775643245476
91,118706,16920,0.2,-15,/gpfs/bbp.cscs.ch/project/proj32/glusynapse_20190926_release/testing/banerjee_2014/simulations/L23PC_L23PC/118706-16920/0Hz_-15ms/simulation.batch,0.020915306949863828,0.014313987074886141,0.6843785323924846,0.0,0.0,6.0,0.0,0.5151123554004481,0.24556162951096056,698.8984382318712,99.92823322495992,15.113801290750642,19.45359826923133,0.7477697240735734,0.362496580556897,0.06865559239478118,0.04917781769074503,1.1666666666666667,0.37267799624996495,0.02732771042513844,0.009959973421975549,0.0036443170771538595,0.0030064062435263194,1.85,2.5866768939222893,1.8657830392393069,0.721305024072852
92,10283,2245,0.2,-15,/gpfs/bbp.cscs.ch/project/proj32/glusynapse_20190926_release/testing/banerjee_2014/simulations/L23PC_L23PC/10283-2245/0Hz_-15ms/simulation.batch,0.0017305435356068494,0.0014055149268035964,0.8121812008102557,0.0,0.0,3.0,1.0,0.28809661257008323,0.13251156304426245,712.5924504330063,109.37711164330575,1.82519199607872,2.421926038322789,0.3107915101853889,0.10581892520081752,0.028283549099195605,0.006257728176042419,1.0,0.0,0.018752703368049874,0.00350679287312148,0.048677497582588165,0.034071300613259414,2.375,0.2693905926692267,0.21614951238104116,0.8023647382759277
93,125914,11317,0.2,-15,/gpfs/bbp.cscs.ch/project/proj32/glusynapse_20190926_release/testing/banerjee_2014/simulations/L23PC_L23PC/125914-11317/0Hz_-15ms/simulation.batch,0.003394227249857545,0.015838404724589434,4.666277051795563,0.0,0.0,3.0,0.0,0.2682607510168993,0.04559037842848556,673.1515537539286,28.21839852783443,1.1168807277113386,1.0349194036519431,0.4151904715446112,0.17409149609609784,0.03245725210221126,0.016908501663433963,1.0,0.0,0.02322537523124131,0.0024246867790207985,0.005654155061896707,0.0009975310152228543,1.625,0.3690738040933709,1.7416977619353209,4.719104262123934
94,6697,17295,0.2,-15,/gpfs/bbp.cscs.ch/project/proj32/glusynapse_20190926_release/testing/banerjee_2014/simulations/L23PC_L23PC/6697-17295/0Hz_-15ms/simulation.batch,0.034637961934819834,0.03328348677968358,0.960896222540892,0.0,0.0,10.0,0.8,0.5470195574975698,0.18909542305377566,714.0829009413134,98.76910898206958,4.093456017363311,5.073553386369695,0.7239193292731515,0.2703004135171583,0.0553439922674784,0.030827232078118782,1.1,0.3,0.032300413437014085,0.006789975818634108,0.047316081484934686,0.031410648548996625,1.675,3.833874144164372,3.769909766433584,0.9833159943896048
95,119917,126342,0.2,-15,/gpfs/bbp.cscs.ch/project/proj32/glusynapse_20190926_release/testing/banerjee_2014/simulations/L23PC_L23PC/119917-126342/0Hz_-15ms/simulation.batch,0.0037375061431413415,0.002081554079261809,0.5569366308819712,0.0,0.0,4.0,0.5,0.3935787541868585,0.30294855500126305,690.2271556712612,73.90301980745237,73.69160517371199,101.41496111112869,0.49647288924201205,0.28260218258279224,0.03814567829115068,0.02740036676993804,1.0,0.0,0.033108047977437015,0.0222047742637354,0.006456246627847024,0.010838743498498643,1.875,0.465747422391289,0.24396933468501794,0.5238232633310241
96,125162,118820,0.2,-15,/gpfs/bbp.cscs.ch/project/proj32/glusynapse_20190926_release/testing/banerjee_2014/simulations/L23PC_L23PC/125162-118820/0Hz_-15ms/simulation.batch,0.03252927159348325,0.013487151243761776,0.41461583930651935,0.0,0.0,3.0,0.0,0.6438734020728278,0.3597987618802306,607.6151158611004,14.442856516249051,11.907716409761615,14.644366386146936,1.1004671624602111,0.735716265592542,0.07611834401298669,0.043146807688004434,1.3333333333333333,0.4714045207910317,0.02932091137566585,0.005757249243565889,0.0019826029023678714,0.0002235053288319786,1.125,2.392964397932377,0.9961367334064548,0.41627728948544296
97,14441,123584,0.2,-15,/gpfs/bbp.cscs.ch/project/proj32/glusynapse_20190926_release/testing/banerjee_2014/simulations/L23PC_L23PC/14441-123584/0Hz_-15ms/simulation.batch,0.0010903670069794748,0.0008760366054403335,0.803432788990124,0.0,0.0,3.0,0.0,0.20765130927738795,0.07198305301836729,652.5684880482274,100.15678195716715,14.707886126384956,10.922516841613168,0.2267824349757395,0.09699576760713116,0.016657860717691046,0.002088920215214421,1.0,0.0,0.02830190378419995,0.00889354070636858,0.0002559701623743528,0.00014341194557532258,1.725,0.12486503587419122,0.10605008465057277,0.8493176965681921
98,120385,119425,0.2,-15,/gpfs/bbp.cscs.ch/project/proj32/glusynapse_20190926_release/testing/banerjee_2014/simulations/L23PC_L23PC/120385-119425/0Hz_-15ms/simulation.batch,0.001396907198795583,0.0006722965030229938,0.4812749935018229,0.0,0.0,2.0,1.0,0.4318163083421557,0.031199659691299782,728.5416604200667,20.357449494283518,40.755700490685676,40.735190527783,0.5094542497340195,0.12301601827951986,0.029364911074403532,0.014005112820303629,1.0,0.0,0.03487821930615225,0.007976895497937432,0.0002229166010305861,0.00018560610415015164,2.0500000000000003,0.1925637414967961,0.11345724745401142,0.5891932020644661
99,121932,123831,0.2,-15,/gpfs/bbp.cscs.ch/project/proj32/glusynapse_20190926_release/testing/banerjee_2014/simulations/L23PC_L23PC/121932-123831/0Hz_-15ms/simulation.batch,0.005372078852375047,0.005254324992736559,0.978080392549259,0.0,0.0,2.0,0.0,0.5272764484844329,0.07027993095663587,658.3530295676654,12.173483239939573,0.8461940217942874,0.6143406157331264,0.6915704235045828,0.09160287918837096,0.04325542714195331,0.020381982210960863,1.0,0.0,0.045258664720310864,0.016008157162149064,0.00011449570724519286,2.9049059941193382e-05,1.825,0.6487695263402019,0.632128662231369,0.9743501144347728
