,Use,Dep (ms),Fac (ms),Nrrp,gAMPAR (nS),gNMDAR (nS),Vspine ($\mu m^3$),$\theta_d$,$\theta_p$
0,0.5098550989769484,655.186538915999,2.361315548100296,1.0,0.6826934969050206,0.27307739876200826,0.03761018354970895,0.05806578264348217,0.06876209044380503
1,0.41116970538721315,799.9610848764247,0.02653537837758446,1.0,0.7178418740354495,0.28713674961417984,0.05027458736154475,0.047423945910171,0.056310947522545535
2,0.7608238425919994,634.7263249204067,19.05835831023654,1.0,0.8574179161973094,0.3429671664789238,0.08349749960061904,0.03580499159562295,0.04265482379426235
3,0.8858237733186464,748.564518848522,0.002907425094525334,2.0,1.7959696095794346,0.7183878438317739,0.12827045859364825,0.0350691895330286,0.04062118519882285
4,0.3059644420463751,530.8881178844828,26.110523961668,1.0,0.6432368721141161,0.25729474884564646,0.04012946303099106,0.03455831767933875,0.039999156206422255
5,0.20016211080996127,386.46231538470187,0.002485519236636011,1.0,0.15459563375432026,0.061838253501728106,0.005979186767504664,0.050246370664354854,0.05816600193680078
6,0.5072614823358284,549.5071384196533,1.7444206882792233e-05,1.0,0.4629547753526111,0.18518191014104446,0.036766066709702845,0.07019062584088843,0.08124096510786949
7,0.46558952660258734,724.0335887563593,8.532071324642859,1.0,0.6551712610001686,0.26206850440006746,0.05971633246281545,0.12555045129504355,0.17262488861375033
8,0.29591052398792633,541.0743194817471,0.08636232819035501,1.0,0.620665119088613,0.24826604763544521,0.03888430122716321,0.09116976323210502,0.11253214019010241
9,0.34982428629787937,742.2789955921259,7.951092496191204,1.0,0.39745788827952677,0.15898315531181073,0.027694525868695433,0.10114874771480259,0.12558163723425284
10,0.41083307639734556,548.3277837529613,19.07165432953062,1.0,0.3268228596782372,0.1307291438712949,0.0236017082814871,0.033095313868760114,0.03839338249710671
11,0.44244758183743915,636.2452809968241,18.328327268894892,1.0,0.45849778459232765,0.18339911383693108,0.03680162949746744,0.022865173903065788,0.026496686054068182
12,0.2682699623828093,607.3894251287438,0.41284363873431484,1.0,0.25986934579688936,0.10394773831875576,0.031457006838149115,0.013469669329118975,0.015609962861280203
13,0.36403759075358394,745.8985990976145,0.06371609116769156,1.0,0.3683620603936554,0.14734482415746217,0.0355964962623447,0.04484065888398736,0.05512000301465843
14,0.4416543158480974,673.9341857391554,2.815591379040436,1.0,0.3850405120281446,0.15401620481125786,0.05653021543895944,0.06102524334941351,0.09248331515539349
15,0.6751457044434206,637.3941747049911,35.05881247949717,1.0,0.9675056160124679,0.38700224640498715,0.06275891274421777,0.036107072570938877,0.04182153144200147
16,0.1407758523948668,585.8298801529766,0.034803182533512764,1.0,0.25389285039287457,0.10155714015714984,0.026933232066146628,0.21589329615615332,0.23063815539879462
17,0.39073664321235224,694.278237835024,7.0915551801969805,1.0,0.5095466615462578,0.20381866461850315,0.028782745345735092,0.2833291233426215,0.38055698718219216
18,0.4296621275567277,603.7440473476673,42.13732916961014,1.0,0.5768538204138219,0.2307415281655288,0.0329982192540212,0.06421907110570169,0.17259503851559233
19,0.39749513326889774,477.7411243169564,58.538105633840416,1.0,0.4655006936800734,0.18620027747202939,0.011493376586287789,0.07493634911484007,0.08683333415807858
20,0.3776464507721695,702.1629409755869,51.42614287495321,1.0,0.3485356230297395,0.1394142492118958,0.02409640285634845,0.04503444767551738,0.05454041001703861
21,0.6210731273120318,730.478130881583,0.7231872610131352,1.0,0.7225755905115993,0.2890302362046397,0.040998118051485656,0.208146580445621,0.2940556520395458
22,0.3779423563717233,481.25163601165053,37.56510940008136,1.0,0.40746115922910847,0.1629844636916434,0.01311801046313385,0.07672750243242805,0.09105221580915115
23,0.4284135895221239,525.1682201251597,0.19372168933285436,1.0,0.9867891113374949,0.39471564453499797,0.06526515118003061,0.03839388743922745,0.04567395412383915
24,0.45152431431723594,853.860875610223,1.8431479602636291,1.0,0.47060178851705853,0.1882407154068234,0.03618591635620186,0.03193463980792957,0.03802799133094101
25,0.3790322641373063,833.4579020214177,0.009192113433347393,1.0,0.3065978615114432,0.12263914460457728,0.045534417633507074,0.025457339055441015,0.03100086140839413
26,0.6877975454938239,894.6049044238393,0.5737878933426626,1.0,0.7339124658460462,0.2935649863384185,0.06238370681243226,0.027978177870896646,0.03254716105586133
27,0.384316687245037,910.4801453852776,14.771524788481507,1.0,0.6920816233817092,0.2768326493526837,0.055891671638778,0.029411974420408,0.034212618412270905
28,0.6178623064280103,560.3818694962695,0.872356101900454,1.0,0.7040740999016666,0.28162963996066664,0.046083935242865894,0.03107014114455455,0.03596100285416051
29,0.02047328906953842,638.1354815933504,0.053307782778986956,1.0,0.13368706306002395,0.053474825224009585,0.013419582016923936,0.020297399700119265,0.02349570559976604
30,0.5404119082177623,611.45419009264,8.541165355606939,1.0,0.5636946124532458,0.22547784498129833,0.041831850625723054,0.027402777958786286,0.03171691472468458
31,0.31835595236605585,739.1535990737433,0.2996782807023653,1.0,0.28291283372404824,0.1131651334896193,0.011176562538121127,0.04187546396964735,0.04847221510753965
32,0.5233819999315703,618.0764520118984,1.551220119619658,1.0,0.5523130100889173,0.22092520403556692,0.07886311379375449,0.012559902018545186,0.01455653689324991
33,0.21535479849599,634.2470607864408,6.933895052134968,1.0,0.16602011831425337,0.06640804732570135,0.004741337954968598,0.061455568520227766,0.07117679427545145
34,0.554291648420619,628.8346220303243,2.1719316244051887,1.0,0.7681006630151195,0.3072402652060478,0.027965554258999416,0.049268165910494,0.05706190413693614
35,0.8015893181070413,564.4612207087201,7.373818799769238,1.0,1.2827610105207374,0.513104404208295,0.08073667301174876,0.21054014175078356,0.296688035826174
36,0.3630436074231007,514.7705544711016,0.9948780853935455,1.0,0.5108362134883053,0.20433448539532215,0.047723632236650285,0.02359951400037605,0.02754847994749351
37,0.4988409992712558,632.2456744809866,0.0010876814624662529,1.0,0.503019728693609,0.2012078914774436,0.03881566436162317,0.030053024225787397,0.03491551513107559
38,0.5709887094123186,797.3868390957119,0.3724727272976676,1.0,0.2716649586282472,0.10866598345129888,0.023194903614978064,0.03369973918706175,0.039015762479127455
39,0.030959338344073117,502.8541508887507,0.19341767755110623,1.0,0.18283828000622954,0.07313531200249182,0.01820011513853249,0.02812294909215618,0.03337969404004465
40,0.148121738025966,696.204997823718,1.0624442271452021,1.0,0.2211147754659273,0.08844591018637094,0.028018352736901106,0.016718120357693413,0.019528630555479282
41,0.4144094162532588,866.1029725248411,1.2727477233630888,1.0,0.3785639641183116,0.15142558564732467,0.028387504266680682,0.02712311138993753,0.03156947755255234
42,0.5213901205485345,548.2729149162948,3.767614588606765,1.0,0.4876421605816619,0.19505686423266477,0.04389565605399666,0.01979858149383952,0.02291641951808443
43,0.08035927601748902,588.0364817285048,4.024963033358428,1.0,0.07681580293722254,0.030726321174889017,0.00203914164215489,0.07753197844300415,0.3358099454741581
44,0.873177397384272,726.9672916797477,6.3114120552683035e-09,2.0,1.5030255323814947,0.6012102129525979,0.08857776459811952,0.10116452709099613,0.20101496297955807
45,0.7119242965291175,482.26655928963856,42.80985759669988,1.0,0.8385772976536331,0.3354309190614533,0.0793758424667597,0.031506350395903035,0.038026832443833085
46,0.7415778380264011,624.5496310298182,37.20609261808283,1.0,0.8202592179613526,0.3281036871845411,0.08443015880775184,0.19613863274414436,0.21634967271672031
47,0.4871301530299623,543.9678523327455,0.0013522302267892628,1.0,0.8438004726345393,0.33752018905381576,0.03853158050646595,0.235188705182961,0.40990722971021554
48,0.44575165150981505,758.2957007191297,11.349552596090941,1.0,0.840688500562092,0.3362754002248368,0.044156514023475195,0.04718865010289584,0.055711216538801206
49,0.10408317733062956,651.6690357655905,15.79806425463707,1.0,0.24009280037593736,0.09603712015037495,0.030492066957210195,0.2916084297190986,0.2978678136338059
50,0.5826609509141538,630.1818422275434,0.7478359309172056,1.0,0.3298205560380146,0.13192822241520583,0.018367490879946925,0.13175101312321266,0.2470471416958397
51,0.8165727647098652,929.0021691547604,0.3046091077299838,2.0,1.1674097682748708,0.4669639073099483,0.13954538268241948,0.1350657386657115,0.20061620855646956
52,0.8092907460873616,562.0191828437124,2.716548053380059,1.0,0.952534618730472,0.3810138474921888,0.05056308167806843,0.15463260997997264,0.27366330161754404
53,0.535252298247909,793.6682573149574,0.8892009654367091,1.0,0.6221301971280694,0.24885207885122776,0.05507337681694591,0.17905637507390448,0.268441606983376
54,0.570549139354017,671.2020343383386,0.04743940259055786,1.0,0.9519958773130488,0.3807983509252195,0.05996354124543995,0.18972016302432576,0.3320954446421101
55,0.4721955201903487,647.4964627322679,4.316310731298347,1.0,0.7789373039454657,0.3115749215781863,0.0532631537823334,0.034261645668913224,0.03990187283264851
56,0.5926565350975523,761.9574038225214,4.35408887646068,1.0,0.6108029750100441,0.24432119000401764,0.04058986843030393,0.10293590484994586,0.2006595816186036
57,0.541182791534046,735.3369204943116,0.4109102550915657,1.0,0.7447806953535008,0.2979122781414003,0.06142544617864046,0.24805633617054776,0.33965807420913297
58,0.7713996707355483,686.8875708214528,44.0644586207893,1.0,0.7595714620604461,0.30382858482417846,0.08802555497173184,0.018851691041437146,0.021846179190957687
59,0.32329698194523804,940.8478100589344,6.954288401934637e-06,1.0,0.770323590413495,0.308129436165398,0.03969784512341069,0.03656629004181214,0.04234844995352397
60,0.36033137849241126,705.9001287559342,0.8402102381838841,1.0,0.30988477662887076,0.12395391065154832,0.014090581914159997,0.06839048083231755,0.08256437826147703
61,0.10416583413849233,622.3612111825987,0.21914959484333899,1.0,0.18850503561146928,0.07540201424458771,0.030064369109212757,0.012031827927063478,0.05278038982749081
62,0.30682220301995716,547.3682159524558,0.172558025920013,1.0,0.29246231296908143,0.11698492518763258,0.024964824231980806,0.019172678557534868,0.022242784280891884
63,0.8688262431549431,528.1491790389726,19.00482109059475,2.0,1.3672452474922807,0.5468980989969123,0.12457876523346413,0.040375922712089445,0.0474589777984346
64,0.1920019269332661,690.9833144105903,8.611425402242044e-05,1.0,0.2889490815590489,0.11557963262361957,0.024926172349872554,0.028288881978062206,0.03275653705921863
65,0.5324884003240735,712.0319896727825,10.260168533462174,1.0,0.5090463460056444,0.20361853840225774,0.044770004867489166,0.027714261626334082,0.032088341035554226
66,0.1688112289129689,418.94445225820004,119.60339701635608,1.0,0.32332401658902543,0.1293296066356102,0.016391108081669905,0.04708583173908212,0.05451874080923806
67,0.3432620767575272,653.3136269328355,60.62007577741887,1.0,0.5290860280660654,0.21163441122642618,0.05425074932769057,0.028569552721776546,0.13255665171767525
68,0.4895061268879678,707.2932908863637,1.038093492007651e-07,1.0,0.6237315960703882,0.24949263842815528,0.039184814001043004,0.12366190134145526,0.21026258839078127
69,0.6545061379123294,553.4458687068204,7.1587594828015435,1.0,1.1118589823467733,0.44474359293870935,0.076863298515083,0.14309940270175556,0.21592019728464065
70,0.2472013193570314,703.3232845612652,0.013947671128801782,1.0,0.28349108527603045,0.11339643411041218,0.034045676296418755,0.20217614030525893,0.21313949437487556
71,0.7230316841698197,698.3164952180013,46.89239888995998,1.0,0.9010095062666895,0.3604038025066758,0.05937724674534179,0.08503532043312859,0.18130093025768476
72,0.101375228850975,560.3757244474565,0.20199160197720847,1.0,0.16257031273924297,0.06502812509569719,0.019433786539142257,0.15625235080767538,0.1745482920031757
73,0.3676618284622606,812.5247525381174,0.02479985717203653,1.0,0.4027717722155107,0.1611087088862043,0.03270397382659816,0.03136578054656976,0.11376468701185458
74,0.3952527803970141,764.8768743134449,5.248784529086915,1.0,0.36703244560141307,0.14681297824056525,0.032712886931846395,0.2344214284527371,0.26649780910604215
75,0.5935633217030059,684.5647681978835,8.897742006240518,1.0,0.6141662244577821,0.24566648978311287,0.052890567222282595,0.02033600826544605,0.02361096834443368
76,0.28547356334692275,661.9555103451963,0.0017615031274761301,1.0,0.3488033346356992,0.13952133385427967,0.022080878176151637,0.027645521592444183,0.03209560441154358
77,0.30861042483342904,600.371883881983,0.0013903823008569328,1.0,0.3936442103304607,0.1574576841321843,0.03932896465467164,0.017122666844248763,0.01985628955822207
78,0.24001913311907289,853.3968649654278,2.5028889532624694,1.0,0.39753329636394824,0.15901331854557932,0.019144703995910603,0.042588037950938906,0.04929095433685737
79,0.05537495572721116,657.7145255565215,2.7414445762615647,1.0,0.128996014167836,0.051598405667134396,0.008574208887748456,0.02675445659119537,0.03108048815791655
80,0.4814143788772185,609.8966100759447,4.070863031096907,1.0,0.3620769566088778,0.14483078264355112,0.02815163346445948,0.02220190865136282,0.02570566325495186
81,0.7346729866978609,625.9035307384688,14.191951056366891,1.0,1.3738223184694278,0.5495289273877711,0.08851628952532578,0.0916323742913163,0.18750050241969246
82,0.6097350325053303,803.6519469705678,65.40474334487762,2.0,1.2420919526518368,0.49683678106073476,0.1073973668598469,0.12094752115708315,0.1787569050482884
83,0.7145117841699299,761.0159336906082,62.83845648168236,1.0,0.6885200919841418,0.2754080367936567,0.05794722898296694,0.03411835186127069,0.040959825019511106
84,0.2937554577993564,494.37621447991177,0.006941464827547418,1.0,0.40403870332157776,0.16161548132863113,0.047997155918440254,0.028745354337199693,0.034831040112950684
85,0.06921975834350837,899.5811471326164,3.8074952189522944,1.0,0.08358865262704403,0.033435461050817614,0.011140823278673741,0.044144672522221096,0.05460557411062139
86,0.1909050550242297,778.3132006412577,19.08593446287306,1.0,0.35982092951407574,0.1439283718056303,0.03286115300518178,0.03497535679735215,0.04223703470054489
87,0.05694356860005985,726.1319771910814,5.535959079804261,1.0,0.13408110869146675,0.0536324434765867,0.008295336929471495,0.030832720123462408,0.035941800076219416
88,0.4180014363517239,774.0504568539969,9.182097253828784,1.0,0.29168176198837215,0.11667270479534886,0.013593733258037862,0.20052462317491096,0.31526133186318006
89,0.5203764529213337,637.4368982753697,0.002154430507117686,1.0,0.7303408193746835,0.2921363277498734,0.04348662035357016,0.07158457996896483,0.08757340573769004
90,0.8488990108575812,853.0221963471286,0.7197844045259535,1.0,1.3432748522621947,0.5373099409048779,0.08212890312063605,0.07950492268375497,0.18632970342693372
91,0.23489025905642633,650.4181513954368,58.29217860800202,1.0,0.31815093546273443,0.12726037418509378,0.03438022286819077,0.15454326543113875,0.18573339956637575
92,0.7249738736254334,535.7061857132555,7.0158565503517885,1.0,0.8760693518606031,0.35042774074424127,0.07186447596060867,0.02551602342854744,0.11779911388081996
93,0.5499652205216526,635.0421992800727,29.77724199208615,1.0,0.8000061261957229,0.3200024504782892,0.05314564386311568,0.18941237243759537,0.27664467094060147
94,0.32899781278411394,690.5368406659245,2.219146113195945,1.0,0.5674940810028376,0.22699763240113505,0.02334986295817059,0.2537407194629252,0.408818877561253
95,0.70271196709238,686.2252755722392,4.476548360148538,1.0,0.7149969903404939,0.28599879613619755,0.029195461889004907,0.04392962802673316,0.05098260033906671
96,0.11261090086894592,864.2141703379043,3.5695760113126433,1.0,0.24276707316775886,0.09710682926710355,0.031163093311838568,0.0172914385480325,0.0713464849283608
97,0.9466196623260216,494.22226245624785,0.3558665387589656,1.0,1.0808716793416717,0.4323486717366687,0.06391787102072283,0.03068649942519692,0.035596761926736
98,0.7670936751167234,633.6118783525008,0.4953955456362217,1.0,0.8748737341429517,0.3499494936571807,0.06496036471114314,0.024736388722419685,0.028660502092866802
99,0.31919134709822033,695.2832080678601,0.6037601759565784,1.0,0.31560422681732914,0.12624169072693167,0.037355215327574354,0.015700950870423346,0.018371490828530953
100,0.7097443029696198,479.9527520020695,10.328518630565615,1.0,0.9133488284491804,0.3653395313796722,0.03619950944976595,0.05509692536056321,0.2536358606636765
101,0.9372350290466708,706.5652169933339,34.57537169846962,2.0,1.4253602563388432,0.5701441025355373,0.10427513519060483,0.029947323461293956,0.13747655590897714
102,0.953392141397269,560.6239459020699,6.577182927009284e-08,1.0,1.5200768813348833,0.6080307525339533,0.07281820979996104,0.036799558946408836,0.04274455401161385
103,0.6613287638561514,803.9787840370004,0.31729264744435254,1.0,0.7249641982036948,0.28998567928147795,0.034543554390055,0.037368382074412655,0.04344595921101306
104,0.4861464180561299,677.9096940181979,0.0009134897449708328,1.0,1.100231207548422,0.4400924830193688,0.0700577746800286,0.038626559162686834,0.045125321639337496
105,0.08688335616223361,465.6588704475724,68.51328271229764,1.0,0.08534221697833089,0.03413688679133236,0.012770177068114301,0.05302132615551569,0.06597486203884956
106,0.4345014425719386,576.586706166269,32.1259557902896,1.0,0.46402399435224984,0.18560959774089994,0.03098455114416419,0.03423808790536181,0.0406867891227611
107,0.33768878014558396,1006.2460655524723,35.06514185146247,1.0,0.46691102793341993,0.18676441117336798,0.06292061973386619,0.019023609791784878,0.022782502507733757
108,0.17134420049389654,565.3329288187321,0.36294646902886946,1.0,0.2659449075827258,0.10637796303309033,0.010704049863583533,0.05583256945268965,0.06470668834744565
109,0.7188350428136963,831.914568245151,0.2064182818262469,2.0,1.1033601017262449,0.441344040690498,0.07811886096639832,0.027603270978933503,0.03238371951679261
110,0.28593951236852244,607.1110202334553,0.8067959019679923,1.0,0.48995320914862583,0.19598128365945033,0.03308835065008242,0.030525884344521192,0.035517116143779656
111,0.8731811257620291,698.8917490549869,1.413866013936144,2.0,1.7675399796293707,0.7070159918517483,0.1343937508558411,0.03749030714504923,0.04494840207827508
112,0.17599290037207807,703.1490246208803,4.578228516113981,1.0,0.13248941433203418,0.05299576573281367,0.015542240233993834,0.0184837888719646,0.021434350848052897
113,0.13969120210883573,741.8569195626937,9.673477893159857,1.0,0.18765097537502598,0.0750603901500104,0.01484672083330998,0.027364005472353008,0.03169461590564817
114,0.30726982535125,512.6995199611083,29.87195196988104,1.0,0.3602069152201582,0.14408276608806328,0.01958462108576933,0.04071174998351685,0.04721617964451585
115,0.8382128860497235,730.3942909375454,2.5087782996282515,1.0,1.1442605297882988,0.45770421191531957,0.0900907209712449,0.05020896185490159,0.0613373710559538
116,0.30338225811813163,766.173461903885,28.572689223136866,1.0,0.39412792734661783,0.15765117093864714,0.038269448056563606,0.048746788063817166,0.06000204502355565
117,0.9731710087819792,555.2579987830984,97.22545269531936,2.0,2.496543372962391,0.9986173491849565,0.179689619697484,0.033706996629928536,0.039237769147268814
118,0.8558395840105422,681.4521181525342,1.389975910518757,1.0,0.943493767877104,0.37739750715084164,0.07283403098975154,0.04304346129662653,0.04991082944002611
119,0.08477240163396191,573.2251183964661,29.367631242926173,1.0,0.18298075635328484,0.07319230254131394,0.026265501298221475,0.01439007280118416,0.01688169743336069
120,0.681406680273529,569.9523743951366,0.25584340715253534,1.0,0.7596639380869524,0.30386557523478097,0.050663333926007484,0.049767874562191804,0.05770522170231283
121,0.37733828411656706,606.7913307442668,0.012950833106766816,1.0,0.6879429390127085,0.2751771756050834,0.06471432957894896,0.03562357814901847,0.04132769593383799
122,0.45726481358002946,651.3971420037284,6.6858673515941005,1.0,0.726500939596379,0.2906003758385516,0.045761019844154587,0.03309647116047259,0.15365199238251873
123,0.2752375357141966,599.2041455217311,2.5518898941379535,1.0,0.4501306012066734,0.18005224048266938,0.021916235195691348,0.06731743076926171,0.3126033174144893
124,0.9459112378912133,644.5313530945584,4.193254250477744e-06,2.0,1.7967677453353557,0.7187070981341424,0.16969423096035363,0.039581194936568635,0.18382225664248078
125,0.17523637445737802,603.5995132096413,62.22606224309413,1.0,0.3487318401730732,0.13949273606922927,0.027499838245548122,0.047684802154508904,0.22139265690194776
126,0.6282411812877047,723.3240089626108,16.72921127680938,1.0,0.6811948550091654,0.2724779420036662,0.05827480934730463,0.02137611609720294,0.02483733235571955
127,0.9810950045765064,788.7236820885249,0.0464482974888935,2.0,2.1433781678563615,0.8573512671425446,0.1290721980871465,0.056748316846689885,0.06568053810237931
128,0.042263034504948824,578.6840070562506,153.00627921268992,1.0,0.1085202052318982,0.04340808209275929,0.005873785980634017,0.031527249564144454,0.03656339339645651
129,0.6355859307621798,712.3992773257544,5.220156677132838,1.0,0.8560216871572252,0.34240867486289006,0.0658425207946211,0.025406090290191453,0.029886158232095665
130,0.24458286101442195,762.8937431489707,80.79433794230309,1.0,0.36694640702957365,0.14677856281182947,0.010631676021840484,0.06377066292286208,0.07466983550227582
131,0.09204743340965774,722.9493050169126,10.484087350804812,1.0,0.07826870106447531,0.031307480425790124,0.014900716410317101,0.17537845980267364,0.16424497609540376
132,0.2690911057765669,659.7534469967214,67.73582524438112,1.0,0.5147146101114534,0.20588584404458135,0.04163767740637089,0.02451861292425636,0.028890081691625123
133,0.6561661533819763,717.7929468007443,93.39615419839639,1.0,0.9675028187415678,0.3870011274966272,0.09071933789512221,0.03356584018438835,0.040709208380769885
134,0.2623773786533573,932.9528409750519,0.18920510522929287,1.0,0.3089882705602903,0.12359530822411613,0.02107011434194398,0.0278491292142835,0.03270286295510306
135,0.8490349634530389,671.5222395574215,4.741017793646071,1.0,1.4518654469871974,0.580746178794879,0.09159065286721378,0.04313060278707731,0.05185489896529888
136,0.2215326764184364,667.79059426771,0.015524186415432895,1.0,0.21389787632575163,0.08555915053030066,0.012437311953299859,0.0340528570995475,0.14882638401731504
137,0.9711536491689694,604.0071149267153,0.00047814301676009266,2.0,1.4971409417004278,0.5988563766801711,0.11544450130570517,0.026253627202179507,0.030992777249087628
138,0.03894652195267632,536.7470026839079,0.0008199855657913815,1.0,0.06842988139872758,0.02737195255949103,0.006284059460580894,0.0230989162254,0.027371350568539836
139,0.7341143082638767,604.3206747618892,18.370531486621008,1.0,1.0199685551856261,0.4079874220742505,0.05907564631002749,0.03237893202771585,0.037603781199502674
140,0.09075492010231118,791.4101804001918,15.48812045355213,1.0,0.2681759561108725,0.10727038244434901,0.014900488028068589,0.030670236062445674,0.03554431212444221
141,0.16138624643893,900.8091235037148,1.2659784654025721e-05,1.0,0.2308348662772411,0.09233394651089644,0.01889709378984468,0.024243105253761554,0.028194554222963363
142,0.687269219121824,764.6935867254609,17.568139779491034,1.0,0.846868575152219,0.33874743006088764,0.07308328888485528,0.03256277325395382,0.03894058196986219
143,0.8800033412950934,766.3584649846141,11.906901707457946,2.0,2.153605742934505,0.8614422971738019,0.16300057712995006,0.03746894020961104,0.0442143213085414
144,0.7811518055410438,654.6910697551544,2.764738429235042,1.0,0.829744624529404,0.3318978498117616,0.05274551109848913,0.044609930942087817,0.0535257959820582
145,0.30379023683334905,811.7088079621886,3.506255164838642,1.0,0.23657690773175322,0.0946307630927013,0.04503401289337735,0.022264832190223384,0.027273187037121935
146,0.2185935686152973,673.5263083820303,2.4442622783157506,1.0,0.1265448830422374,0.05061795321689497,0.010749850488797057,0.026319603118221742,0.03117395199783266
147,0.20391006499954112,712.860312154759,12.800899401693805,1.0,0.15699512393002404,0.06279804957200961,0.013227940858459065,0.026081865615527323,0.030853265035422107
148,0.49823164338801995,801.9170810160036,3.77597828776259,1.0,0.7879518569428647,0.3151807427771459,0.034470893670096314,0.04366369729679736,0.050720401145291916
149,0.347658186942213,604.1640532940158,2.5974382237010616,1.0,0.38731334997528555,0.15492533999011424,0.0372041511909063,0.17017914748565577,0.2059847860401678
150,0.45385151847688654,526.321238914536,13.867858533103767,1.0,0.5620475567421119,0.22481902269684478,0.03985460759957283,0.21128655773637053,0.2794447296938075
151,0.2881615476779308,625.2719934074129,1.9699578619424858,1.0,0.21662510305697114,0.08665004122278847,0.010926672897915777,0.30777446527451646,0.4006546348434079
152,0.606089861457128,724.5499543686382,0.25677755175376893,1.0,0.500194949471546,0.2000779797886184,0.05977466046417465,0.08969437865511039,0.12319315402913006
153,0.5542440046411123,843.552841416483,12.180763293458947,1.0,0.8910356062817489,0.3564142425126996,0.08297802402791979,0.0506925708249651,0.06250714909356825
154,0.5014863108621077,689.7366205990816,0.4255345588052278,1.0,0.7291349278122333,0.29165397112489333,0.0691286810348326,0.024941807738804226,0.029128960273095337
155,0.12093858640651245,857.250637667235,2.059112237427026e-05,1.0,0.14791355899041994,0.05916542359616798,0.014131793742100725,0.023796534967718636,0.028241957370119815
156,0.42087158346594516,533.6223376044823,27.445342170055667,1.0,0.5859028572259128,0.23436114289036514,0.023927482502764098,0.045122650791683865,0.0525636944306486
157,0.18365984089176182,752.1896520890798,22.805511602907124,1.0,0.1828906290440631,0.07315625161762525,0.016163755737445853,0.022889714261964067,0.02687989134735729
158,0.37220363887580893,572.3957792583719,1.0175194691898988,1.0,0.3605112611222695,0.1442045044489078,0.02946234294679425,0.02308135200983171,0.026969241653363087
159,0.31665181085339883,632.8207249696464,3.0240371783274025,1.0,0.2816400713591635,0.11265602854366541,0.021480923373057705,0.07777913735040906,0.09637697404032647
160,0.6506941420560335,832.6010401382136,0.9748934630162917,1.0,0.780404926786076,0.3121619707144304,0.08682610348727399,0.024467407456371968,0.028336554148451827
161,0.6641845472547466,538.1970849403932,0.0012490605786307542,1.0,0.9682701801748024,0.38730807206992096,0.08492948987110338,0.021779602202786384,0.02529702064250002
162,0.27669233890171885,546.2719701874511,0.2564052966210075,1.0,0.4482329457692028,0.17929317830768113,0.030986352500205653,0.028490009952279613,0.13125032841075043
163,0.44348041063519295,725.9132325996238,65.657849376226,1.0,0.9321959079239736,0.37287836316958944,0.09495050184138976,0.025044167745398926,0.02900851200495512
164,0.5274758109369013,690.0648199959135,1.8405877571588871,1.0,0.6492938996037964,0.25971755984151856,0.05757107596912748,0.02876190916112367,0.03331555811409955
165,0.1332264550933231,609.150261726969,92.4484005718665,1.0,0.2717254426557498,0.10869017706229994,0.013673701402468456,0.03995799662344336,0.04633405513643764
166,0.896224060228576,714.2328071764277,3.167948524676566,1.0,1.0779950811723105,0.4311980324689242,0.07321412113471432,0.030848403506558014,0.03582841727741182
167,0.8234916717439336,663.7030881003328,3.8452189235210916,1.0,0.7381946991607298,0.2952778796642919,0.07102303922649682,0.021658396968207996,0.025275329277508585
168,0.23816731875339206,508.70013575049586,8.839906405242083,1.0,0.15477871845148383,0.06191148738059354,0.016264438410620224,0.021115755835757206,0.024775780263144306
169,0.39106219225376665,641.0768605239437,0.009627666051671997,1.0,0.8415157762310308,0.33660631049241235,0.08284148434065203,0.02061196979196397,0.024081527739745638
170,0.16573869880739814,726.0087774909836,0.7486328846112521,1.0,0.17016649942016143,0.06806659976806458,0.008866528005066616,0.03970895286249877,0.046808675618910466
171,0.8437509433632864,550.1577029742366,0.1035337555487807,1.0,0.9854494484291059,0.3941797793716424,0.07612947516537695,0.04306236479178781,0.05058598491600233
172,0.7331543913564212,574.2534853121624,34.9985091238858,1.0,0.7018302256712267,0.28073209026849066,0.06725219672717334,0.08056866297989582,0.13465340660138503
173,0.7826946940182815,671.7033845782541,0.1349189665402658,2.0,1.2899856926483857,0.5159942770593543,0.12749989130342104,0.08859996645654031,0.13927858529846088
174,0.06769429468232821,646.5366060826849,1.5942291638471682,1.0,0.18904613208710347,0.0756184528348414,0.03690388608842938,0.04172814684690985,0.052076835428884055
175,0.7767053766298533,615.5196440995401,0.006011179742826188,2.0,1.171434091641393,0.4685736366565572,0.1168237960526854,0.02268948362535735,0.026641871829663117
176,0.30761080572226895,475.8343153279807,5.1165760187942455,1.0,0.38199713227118764,0.15279885290847506,0.039542657727862765,0.028197296688546883,0.034005835210887216
177,0.004514723213017095,545.2327390149792,0.10073160431662515,1.0,0.02488918555518456,0.009955674222073824,0.004071293671477916,0.011275365246642488,0.013237499192862792
178,0.09732121820308785,896.4778248919934,2.3424386073193584,1.0,0.35508208505399314,0.14203283402159725,0.019948789012726568,0.030722031069764275,0.03559654335572313
179,0.6946281491829279,734.9129895040693,3.1286255791349418,1.0,0.5435864471078101,0.21743457884312406,0.048114699546572624,0.019647277454190835,0.022753842867259812
180,0.039920158292717556,642.0579090604683,220.7064749670092,1.0,0.15109563784569496,0.06043825513827799,0.027985409218953244,0.009445476042682133,0.010949383061945286
181,0.7128781619242863,726.6923983255626,0.11675032506916413,1.0,1.0697829259853133,0.42791317039412535,0.06780649673924828,0.02655149486198448,0.030824989437956113
182,0.7598918682501108,546.2369267880837,151.7561525079018,1.0,0.9419271215109893,0.37677084860439575,0.04345098323718279,0.39403150846874313,0.4761299869066151
183,0.23782392297448465,686.4078651426637,5.791998863764811e-13,1.0,0.3269669426824486,0.13078677707297945,0.027801160822040417,0.25095138210406565,0.27012974056961114
184,0.14132801975444095,752.2015600539783,67.31068327613269,1.0,0.27467587994037373,0.1098703519761495,0.01515056640708148,0.07269842094589139,0.33735778580171755
185,0.8119274034745462,845.1568367748288,0.023815327100876464,1.0,1.030759251930318,0.4123037007721272,0.04457734933424476,0.06156395559883027,0.2855308858762452
186,0.6796399349935043,714.8042236676969,5.6850301521039075,1.0,0.9461475548245117,0.37845902192980474,0.09514182810292388,0.025983601576499257,0.030597965681046613
187,0.3537168234652805,751.6652520013577,0.9057023391983435,1.0,0.5613445648780332,0.2245378259512133,0.057356213759591275,0.024982516464305663,0.115626266616789
188,0.7167048681506716,618.3558865486866,51.55362956693397,1.0,0.7458843469822068,0.29835373879288274,0.05573440773038308,0.054385696179976586,0.2524229386539676
189,0.6920642221458082,514.1576365038791,16.32715787628987,1.0,0.9404650525833569,0.37618602103334275,0.07242258337017231,0.0275200239879896,0.12773654494991926
190,0.04194411079293895,799.5187405359164,22.311934520087224,1.0,0.11496612849615145,0.04598645139846058,0.014449935130705423,0.059992546248163824,0.07467291310740166
191,0.781601280141811,714.3597947233716,9.469133368101534,1.0,0.6178603018893182,0.24714412075572728,0.06188464177687631,0.046857471614348695,0.05757999200569899
192,0.7474593593488088,681.2738837374313,0.033054213370010105,1.0,0.6929684581275732,0.2771873832510293,0.06978049178802029,0.029470485123649345,0.03537221453871932
193,0.587376806630714,722.1064409651534,0.005007173241344094,1.0,0.8728161845702583,0.34912647382810336,0.03554218410402038,0.059062302981012324,0.06991595326007155
194,0.3493062863931957,644.3735070040558,11.310764051430363,1.0,0.5910029612900425,0.236401184516017,0.034814078014617396,0.04516497236413222,0.053842809906885135
195,0.39408315812156186,678.255456937242,53.20534420809397,1.0,0.622165540045919,0.2488662160183676,0.0841234074101533,0.017356705956110212,0.020230922694231105
196,0.8669860151727593,570.5272939317913,26.12419716198006,2.0,1.4483626386020958,0.5793450554408384,0.1671862224352731,0.022513033730893868,0.02615646170307007
197,0.14546250673564878,896.8540468155535,0.004440936388096638,1.0,0.25930256180555145,0.10372102472222058,0.02048717061660267,0.0334118191042245,0.038870519333186325
198,0.036720401888420934,628.3971821697266,0.0674023323008923,1.0,0.13986601588991524,0.055946406355966094,0.014395749251972366,0.07807277451601992,0.09732200048838283
199,0.8775240570634691,608.2750362421191,1.9128919259781045e-05,1.0,0.9519015195293484,0.38076060781173937,0.07552391524637596,0.027485227399472244,0.11994188688539709
200,0.17305135715040673,962.4225065880456,0.00038970918804279506,1.0,0.24426520221887107,0.09770608088754844,0.014195615178628404,0.031817913576525865,0.03694901984003326
201,0.4231268459237214,602.6221593344608,0.0012860712601953702,1.0,0.6972744063821661,0.2789097625528664,0.037498583989239186,0.04101418902591308,0.18583179024011742
202,0.8499626952494763,464.1503565205048,3.4865206146462504,1.0,1.301061200319648,0.5204244801278592,0.09346259297223157,0.02946373605384769,0.034287962640619285
203,0.4860603328083519,650.121317717133,3.2729411255609544,1.0,0.6680911590719022,0.2672364636287609,0.070212913044509,0.056828919881023746,0.2638947994487494
204,0.84463452106716,678.0303368423931,63.31976083334069,2.0,0.9989589041871183,0.3995835616748473,0.10306320574442278,0.05753819426923791,0.26721170505904057
205,0.8189354181489336,585.3184990712706,51.82404506898762,2.0,1.3009261039121611,0.5203704415648644,0.10062960306073405,0.08642948655813258,0.4014648881422158
206,0.4467097019618812,564.2550457957677,7.847879301792917e-06,1.0,0.3062474941021693,0.12249899764086772,0.02836372494233812,0.06496867340249343,0.3016563682322427
207,0.544229333949806,468.1939656345587,42.418754937819905,1.0,0.7817574127269923,0.3127029650907969,0.029374487211120157,0.09187989499104501,0.11040339567332016
208,0.25143899994775515,696.3006872771604,0.013818230876274437,1.0,0.2099459802142467,0.08397839208569868,0.007292756070893577,0.0706765801461786,0.3278076173249057
209,0.07377969654038603,640.5054999618721,8.700748595019812,1.0,0.13838762126790302,0.05535504850716121,0.021193790685997423,0.016124946636794098,0.07450159358403707
210,0.29851652215419056,759.6472555701166,3.5733545094818053,1.0,0.46211391840998245,0.184845567363993,0.060299411055859786,0.023641716727842616,0.028180016753878073
211,0.09321979617008623,743.1668732424343,1.1478969036314508,1.0,0.1404738455346655,0.0561895382138662,0.01278415952145716,0.06818288816601062,0.08450737105284592
212,0.8935811855204285,765.8011130942413,34.15130075626475,1.0,0.9315442606263173,0.372617704250527,0.07513886414347097,0.02820729089193924,0.032683867014597676
213,0.3527680956833841,676.3424646407856,11.343284388062434,1.0,0.44454034324300173,0.1778161372972007,0.010838333365826392,0.08032819192305996,0.3707411734205045
214,0.23474593937353508,575.5981717075837,248.1239386468894,1.0,0.4693331075640634,0.18773324302562536,0.053821356133848176,0.01732726060194798,0.07903053669342126
215,0.04159977106257649,646.1299515881965,0.5233240816297202,1.0,0.2565544296614638,0.10262177186458553,0.01662767479581478,0.10936428578834541,0.18779088110602415
216,0.4762580208305579,462.7330305980623,0.5309699419374851,1.0,0.2953339582598234,0.11813358330392937,0.022484251379435292,0.022219218915747643,0.025827360227338246
217,0.9423165366844819,770.3474648164902,10.23252780812213,1.0,1.197723179446747,0.47908927177869887,0.12353431807884536,0.019865961384020733,0.023056910571723734
218,0.11129559341305023,583.5003660837696,0.7803607439892688,1.0,0.16351488823148622,0.06540595529259449,0.03629967147610579,0.050695724420855376,0.06353582089497585
219,0.3086774675215347,650.4345020605127,0.06797493432342709,1.0,0.3208150661126091,0.12832602644504365,0.034208365988398715,0.023578344366918618,0.10694393501502149
220,0.4006166486508559,748.8991099143503,0.020509962902685336,1.0,0.6324702680135394,0.2529881072054158,0.043370023894707156,0.030402278774933646,0.14091278094922458
221,0.46301596803345546,708.1842109257833,81.49089101846869,1.0,0.38643823145449974,0.15457529258179992,0.015359798254099902,0.049289649447257985,0.22510304820127316
222,0.7279355394698581,674.7771520553403,0.31185928395639234,2.0,1.3198812194280456,0.5279524877712183,0.0757628064196724,0.044460247340717234,0.20636382994444435
223,0.3578590772939304,584.0973152537439,34.884441523295784,1.0,0.44039682740735214,0.17615873096294088,0.0256321965702657,0.09787047770433106,0.1207866154756927
224,0.30231819994033216,619.6087673664272,29.50721582309537,1.0,0.39084119965811637,0.15633647986324656,0.047011652763974086,0.01722803130175168,0.020153725840006874
225,0.4105488734524848,682.4380375240644,24.014564200661344,1.0,0.3653357075382602,0.1461342830153041,0.032417411761210886,0.04048281439607311,0.04908537290532895
226,0.7321600650748639,595.5010531886279,41.872743869941495,1.0,0.7682299559845053,0.3072919823938021,0.07505846689176808,0.06356705580023819,0.07863510076053723
227,0.09092712200190214,682.4636131430777,0.0005576230906280588,1.0,0.25556740123018823,0.1022269604920753,0.02746598147277607,0.05064388063589553,0.06240959936399259
228,0.6250103901775217,681.3953800355482,2.1786325806877328e-05,1.0,0.8162320369665026,0.3264928147866011,0.04814697306685578,0.03199998920945968,0.14828746980277718
229,0.6354392069833328,831.3776588606266,7.882791138072715,1.0,0.9833601859109099,0.39334407436436397,0.046023350455551996,0.04208017934125543,0.04876546149418651
230,0.006868537421600885,880.0006949257196,0.15308459205797076,1.0,0.03934966543388117,0.01573986617355247,0.004566482809025386,0.04794838794316031,0.10017732988650896
231,0.5399546308276664,783.591132469201,0.4331429286627548,1.0,0.6975485690290836,0.27901942761163345,0.053390323748662274,0.03054783137785546,0.12138593370720531
232,0.04686438305250437,632.0961903452196,11.816659765228716,1.0,0.20739249215091846,0.0829569968603674,0.011925045618860666,0.04391266690999393,0.16428567395635824
233,0.4954052341017451,717.5057539995076,3.330115391850007,1.0,0.48247279924622627,0.19298911969849053,0.0324675836565852,0.03623721650482719,0.1394309968970783
234,0.16199114601368378,633.7661151014705,0.00034966801103379316,1.0,0.24415089760956102,0.09766035904382442,0.023075789479801143,0.04666932989931129,0.057374233328751426
235,0.8137436460154159,699.504390511826,5.543749214734236,1.0,1.2329123476360035,0.49316493905440145,0.12003036654901612,0.027059342911411315,0.03234147240069164
236,0.14138108079742767,557.3061305198518,11.89856490912873,1.0,0.23391176829424837,0.09356470731769935,0.04591925630067776,0.012761954774932745,0.014922103006735798
237,0.15651779049381875,559.4829849591573,0.044922115565518055,1.0,0.2586276202603199,0.10345104810412796,0.025984012940859343,0.0255292319959827,0.02969358816587309
238,0.6829906729435116,424.28184786538526,0.04938248077097714,1.0,0.559445381668348,0.22377815266733922,0.07767559496243004,0.01843954453997146,0.02144387678152431
239,0.16692898980945675,669.9516796555896,1.4192345400657832e-07,1.0,0.15714360698914284,0.06285744279565714,0.02302186428423859,0.01797348017892494,0.02095537961422101
240,0.5753872906180574,779.768832292496,196.1728586357121,1.0,0.5290294856057384,0.21161179424229537,0.0536290900587538,0.04051884557497007,0.04898449197468381
241,0.5138719512427352,765.8369624000902,23.630298044387807,2.0,0.8087681705308405,0.3235072682123362,0.08622569447196787,0.020717898563545774,0.095255823824758
242,0.1897527888117523,735.9320288868066,1.655082478285315,1.0,0.34687775815058597,0.1387511032602344,0.044900171993615824,0.017677321058707323,0.08097018334541511
243,0.8086162136080198,616.5749850468857,0.059700291664514585,1.0,1.4505174474463418,0.5802069789785368,0.09404387298404508,0.036691478865218674,0.04317014086153281
244,0.7333260430057014,692.6836628040204,4.851679971227487,2.0,1.3969731129672953,0.5587892451869182,0.11980436020750326,0.03644440229404422,0.1224025751288096
245,0.3047891714183615,451.3534293612764,1.715876288622048,1.0,0.3286784165486183,0.13147136661944733,0.02867735419950952,0.030118864728206383,0.03587850447389542
246,0.37498076990211954,659.5939362741225,0.44718197873522164,1.0,0.8467236373098032,0.3386894549239213,0.06976809460517557,0.027970776000632882,0.0323811351722777
247,0.6681415196134299,612.0105050892838,38.255792000714465,1.0,0.7381365795104811,0.2952546318041924,0.07436766278148839,0.022890347038796235,0.026501366819810954
248,0.5975563794410688,646.1795463277259,0.231853406061161,1.0,0.7831733026929537,0.31326932107718153,0.06363740935291418,0.029470374770324093,0.034124806422182956
249,0.456996517527797,670.5265128076051,1.4605346375274137,1.0,0.5999675443162118,0.23998701772648473,0.02287344493099245,0.061658135410344414,0.07138835268526472
250,0.5667516845149264,623.9749897552813,22.437801193954193,1.0,0.46161705760610156,0.18464682304244062,0.03585923900000338,0.0333821281978135,0.03863608105965361
251,0.06457260236378534,543.9758128041631,1.8727304493343535,1.0,0.20721434981087578,0.08288573992435032,0.01359067965772022,0.038950168093255785,0.04508115225391669
252,0.42510504250115755,501.10999825227486,0.00668865459979586,1.0,0.4825476922369734,0.19301907689478937,0.011292531994290101,0.08286950524144472,0.09593661404657769
253,0.314754105954861,748.7645137704747,0.007177026546768188,1.0,0.5622693916017466,0.22490775664069865,0.06450357118132415,0.01723769133681526,0.020076810879422903
254,0.20571546917622632,812.6461370672025,14.783981304816333,1.0,0.30750570282384004,0.12300228112953603,0.006879570851423774,0.08161149584576245,0.09468521931173786
255,0.3672290160950744,659.5550367346251,5.755169069736112,1.0,0.5480539155967876,0.21922156623871505,0.08058464143293168,0.028937955145011587,0.03552786836359202
256,0.0381050483154682,784.9060668457086,7.437736627150235,1.0,0.09932764981774654,0.03973105992709862,0.02231529745300221,0.05135304852276031,0.06444916761404293
257,0.34905821557644257,734.8165210621565,1.3574188837477783,1.0,0.3631568190334412,0.1452627276133765,0.02260616284834545,0.13231276764324018,0.2107165189386882
258,0.8732392172091898,678.7712964588956,35.44824647959714,1.0,1.2806555328305906,0.5122622131322363,0.06400732825737336,0.10747628808909213,0.22208840112048472
259,0.5120302618308861,715.0514317144814,5.7849158927776756e-05,1.0,0.6474928973738292,0.2589971589495317,0.04237120574430418,0.38788481398616415,0.4146901175415605
260,0.2963287678278739,544.5557632730766,7.458673822774872,1.0,0.34774646300486883,0.13909858520194754,0.013961605347124671,0.0968234664919096,0.11840064629689154
261,0.1547680972319349,798.643252335954,7.011817090784687,1.0,0.2914782831391473,0.11659131325565893,0.021284586668296312,0.054677996238303696,0.14298329558215006
262,0.11978676695757096,853.0386415817495,68.89540643509416,1.0,0.20391871868179565,0.08156748747271826,0.013794667441843225,0.04351680293372119,0.052422182391278854
263,0.85952303883097,700.4957565150607,0.06506783240427956,1.0,1.0533319321566255,0.4213327728626502,0.07797201990634357,0.05201916072086722,0.24122860186093276
264,0.9582804516157146,671.9697322079832,3.941534382235199e-05,2.0,1.5921865182930606,0.6368746073172242,0.09608969193356487,0.1617300424525412,0.37368375557905464
265,0.2619071594690385,580.074626600309,8.385377478444507,1.0,0.42349281298902364,0.16939712519560945,0.023921304458967986,0.037624563373889475,0.043560892480977005
266,0.6853658994350387,950.5818313861436,14.571432879095196,1.0,0.5213386897265105,0.20853547589060423,0.042029783616731695,0.022748241617232653,0.026370043644712966
267,0.679842344536426,514.4542576200656,0.12200286952485995,1.0,1.2196626998196147,0.4878650799278459,0.04700586929986909,0.060007514374689215,0.06946316815526457
268,0.17997433628617288,686.9730100605257,32.34310275037877,1.0,0.23761380460600331,0.09504552184240134,0.0150212187927259,0.029639245512765987,0.03458334055643479
269,0.7879331214123867,769.200380189227,8.632169353502126,1.0,0.8973605895763844,0.3589442358305538,0.06102647355990041,0.031056132745256912,0.03653494231025013
270,0.13781158951396028,921.7998785170605,81.22129005813012,1.0,0.18290961819378712,0.07316384727751485,0.02128630675536351,0.026512696831645373,0.03206200114156647
271,0.7905562113023501,759.9110923127707,22.314217813951217,2.0,1.4916145393689941,0.5966458157475977,0.15171371385557073,0.02488260959928911,0.029718916997517067
272,0.5217514898192759,614.034725924965,3.2260349326787345,1.0,0.5589681967241596,0.22358727868966388,0.06514993928795121,0.016941572139225328,0.019619143947727156
273,0.29324646998165127,691.8959694563323,47.963039324773725,1.0,0.8072525989326146,0.32290103957304583,0.04721035817709751,0.03469696990458731,0.040171340991374434
274,0.2921909322512788,569.9559458181932,0.07880384763432871,1.0,0.578917475129182,0.2315669900516728,0.024970523336671407,0.050332251410543184,0.0582629088876031
275,0.9291389716761332,543.2154975305228,0.1369768209896098,1.0,1.4812539618700904,0.5925015847480362,0.060925456413793565,0.04525634964972382,0.052537247167092314
276,0.3840310561527271,662.3119512855336,4.867793418297664,1.0,0.6216499345666623,0.24865997382666494,0.02569968054959143,0.04614256002850747,0.053429080547426844
277,0.47817072608834377,829.3815550193409,5.093487150920383,1.0,0.5864196774095397,0.2345678709638159,0.03413264401578878,0.033826251420574875,0.03952055965008076
278,0.4391308187875388,551.9836816609857,0.12051650529388083,1.0,0.4993765487398118,0.19975061949592474,0.03390796403757437,0.031520866549873,0.03666157890417701
279,0.7472898540356452,678.7497866599948,57.04384871921002,1.0,0.9682325302529516,0.38729301210118067,0.05412805177108433,0.037694432199705315,0.04378033689624058
280,0.583811264114021,642.6299021246567,2.829664283848449e-06,1.0,0.4244536468141516,0.16978145872566064,0.05402841464754306,0.017343705515390457,0.02022868986480524
281,0.5108974320717828,508.6624332238328,27.905628611450997,1.0,0.45155733947883153,0.18062293579153263,0.04012900067505896,0.029306579712933344,0.03503509967658815
282,0.5816953782149601,795.3863838134657,1.2566525329017264,1.0,0.5440688268140433,0.21762753072561736,0.015489016290050586,0.07400373685361458,0.08715163696358523
283,0.23021702521712106,680.3251749288376,31.81741079322943,1.0,0.2853460564955103,0.11413842259820413,0.01807253107080958,0.030679964586585114,0.14230373981782707
284,0.3062975873957216,639.6802513879217,10.033849415267042,1.0,0.43468150649029885,0.17387260259611956,0.042796807393111064,0.021117323982545434,0.09206546093641008
285,0.03841593012157572,853.8181643378334,0.4097006499693004,1.0,0.12755407282991746,0.051021629131966985,0.0058488635573463585,0.04031510913546329,0.04698795583116
286,0.0815988739148453,646.7764912044314,2.9687560320367323,1.0,0.15711053762872712,0.06284421505149085,0.02453105555056434,0.011050610389613436,0.012823059684236094
287,0.3513154158347972,860.1568935241537,0.543604845523499,1.0,0.6132971277017036,0.24531885108068147,0.03536439656602509,0.033559020949363194,0.03930396737817807
288,0.7502009965615559,519.0773123124982,0.10899606053733042,1.0,0.805614160318605,0.32224566412744204,0.07074779102650246,0.07677933607529244,0.08886280497673037
289,0.8151381032049271,627.689895642585,1.3872754404323608,1.0,1.0394415239389485,0.41577660957557944,0.07380324049735942,0.036087742452395315,0.04227151428668987
290,0.9731916813236516,594.3148179013018,1.7187802302031396,2.0,2.0304934828804737,0.8121973931521895,0.13008167899842044,0.03876593301049033,0.045286766723111306
291,0.14329042168990488,600.840634039415,32.61709355864935,1.0,0.2314664805612112,0.09258659222448448,0.02447011254318021,0.024887650469883393,0.029191755046526154
292,0.7489582355163236,606.4364161251,2.0926998353363957,1.0,1.3532960129405383,0.5413184051762153,0.08566559570243579,0.034939188524587654,0.04048151656468872
293,0.2702766285225499,599.1976420463709,0.8981370313890525,1.0,0.2807312680180486,0.11229250720721945,0.02380112617290273,0.02572368272712415,0.029866241104006448
294,0.20509420942900514,633.4719084655958,0.39512255542439506,1.0,0.43379865931805744,0.173519463727223,0.02935845341390002,0.03598162679379628,0.0429034772208611
295,0.28865407427980727,696.6739482653635,0.3750875535545444,1.0,0.19327858139841975,0.0773114325593679,0.013472674048636219,0.03849534361911853,0.04607282662257258
296,0.31103396934188554,689.3088045308266,2.580432074155077,1.0,0.6184941739173564,0.24739766956694256,0.054540628844097556,0.028462406798882414,0.03391959113886757
297,0.7650694906816796,678.4026671904348,3.724203306370978,2.0,1.4833595375161976,0.593343815006479,0.09885642754189652,0.04156394444164929,0.048111183073213486
298,0.5913411588356761,987.5495707526002,0.1627177860956839,1.0,0.5665597565519946,0.22662390262079787,0.0357292651372373,0.02908932434557043,0.03371332999259789
299,0.006179201268260277,519.4879166284045,208.0047080542172,1.0,0.02073867041815578,0.008295468167262314,0.0005535878227017399,0.09718469487085946,0.3445558343489409
300,0.16288495092658098,846.9799548230939,0.1351262422935267,1.0,0.373084062124405,0.149233624849762,0.021220430884969797,0.03711538251463028,0.1576319892548267
301,0.8536521084504566,725.1969249492173,0.00847833675538758,1.0,1.1011239426166002,0.4404495770466401,0.07221609016427954,0.029561178845751993,0.1335914493808015
302,0.26845036863294464,920.1939916640658,26.767850054009244,1.0,0.24950338681435014,0.09980135472574006,0.04045456141464298,0.014060770645965441,0.055765331261317726
303,0.34853228348047965,875.381430989427,36.13104529599596,1.0,0.35598306324367607,0.14239322529747042,0.010102486267190172,0.09344909387280237,0.11183961800852793
304,0.33140381380820333,531.8124894915213,18.45139603419767,1.0,0.287741035350343,0.11509641414013722,0.0218469091314166,0.06783857473227105,0.0836304249052764
305,0.13887176807929688,741.524831818802,25.47318923301866,1.0,0.3208423122055719,0.12833692488222878,0.022873166367156493,0.0460165581700913,0.055723256146014866
306,0.2973423727755781,794.5056101700698,4.884015191794237,1.0,0.47000791417373955,0.18800316566949582,0.06781948588538095,0.04243906015416289,0.05236618755082652
307,0.824425847439705,458.13258223297885,1.8161669766234911,1.0,1.2355816706172071,0.4942326682468829,0.06533872492146654,0.06775100856065015,0.08147220519389925
308,0.5689927987087968,547.0317778418868,0.027872492744440865,1.0,0.9219869820436678,0.36879479281746713,0.06442478781217159,0.03164209165721275,0.03666591726987139
309,0.231688375947349,495.0228273936568,0.8514749484131526,1.0,0.4792269499124513,0.19169077996498052,0.03443646267592351,0.03961472187598855,0.04696318674806257
310,0.18443199175408054,507.2122198078817,4.151331891529137,1.0,0.12556000847491974,0.0502240033899679,0.013332957200915938,0.0204115972390031,0.023695215215723545
311,0.3435256721500533,454.8260325017013,1.165390145535738,1.0,0.4540706795771007,0.1816282718308403,0.020780358918721792,0.056250595135731336,0.26107317488477483
312,0.3663281356362531,675.9319317948163,6.766187655174953e-05,1.0,0.6615770309236655,0.26463081236946623,0.04276215874765252,0.040331728842180496,0.18717164795366814
313,0.43731537745739485,530.3430545239537,64.3486859205297,1.0,0.6586611058258548,0.26346444233034194,0.04738915871991235,0.09284372729892837,0.16968700009006102
314,0.06859413655174293,730.0001754871458,0.00992370915087197,1.0,0.25231773382031336,0.10092709352812534,0.021012848924693035,0.10799234864064207,0.16677534417917494
315,0.4453011836105558,870.0144335211861,0.07419503025740112,1.0,0.49787965106031634,0.19915186042412655,0.02485535501033989,0.11880687654505087,0.23365820015271677
