pregid,postgid,freq,delay,syn_id,initial_rho_raw,final_rho_raw,initial_rho,final_rho
180164,197248,10.0,-10.0,348477224,0.0,0.0,0,0
180164,197248,10.0,-10.0,348477225,0.0,0.0,0,0
180164,197248,10.0,-10.0,348477226,1.0,1.0,1,1
180164,197248,10.0,-10.0,348477227,0.0,0.0,0,0
180164,197248,10.0,10.0,348477224,0.0,0.0,0,0
180164,197248,10.0,10.0,348477225,0.0,0.0,0,0
180164,197248,10.0,10.0,348477226,1.0,1.0,1,1
180164,197248,10.0,10.0,348477227,0.0,0.0,0,0
180236,203656,10.0,-10.0,375936158,0.0,0.0,0,0
180236,203656,10.0,-10.0,375936159,0.0,0.0,0,0
180236,203656,10.0,-10.0,375936160,1.0,0.1775969753015544,1,0
180236,203656,10.0,-10.0,375936161,1.0,0.17708485137141775,1,0
180236,203656,10.0,-10.0,375936162,1.0,0.16610415441291893,1,0
180236,203656,10.0,-10.0,375936163,0.0,0.16015184212573771,0,0
180236,203656,10.0,-10.0,375936164,1.0,0.15820466052057353,1,0
180236,203656,10.0,-10.0,375936165,1.0,0.2091075709288421,1,0
180236,203656,10.0,10.0,375936158,0.0,0.0,0,0
180236,203656,10.0,10.0,375936159,0.0,0.0,0,0
180236,203656,10.0,10.0,375936160,1.0,0.21162681177338247,1,0
180236,203656,10.0,10.0,375936161,1.0,0.19055561086966694,1,0
180236,203656,10.0,10.0,375936162,1.0,0.18025928042788888,1,0
180236,203656,10.0,10.0,375936163,0.0,0.17428536874960532,0,0
180236,203656,10.0,10.0,375936164,1.0,0.19631796755579697,1,0
180236,203656,10.0,10.0,375936165,1.0,0.29102090560094096,1,0
180329,189548,10.0,-10.0,314608108,0.0,0.0,0,0
180329,189548,10.0,-10.0,314608109,1.0,1.0,1,1
180329,189548,10.0,-10.0,314608110,0.0,0.1319950968456898,0,0
180329,189548,10.0,-10.0,314608111,0.0,0.15946264556372106,0,0
180329,189548,10.0,10.0,314608108,0.0,0.0,0,0
180329,189548,10.0,10.0,314608109,1.0,1.0,1,1
180329,189548,10.0,10.0,314608110,0.0,0.17019787917814017,0,0
180329,189548,10.0,10.0,314608111,0.0,0.18298315228115333,0,0
180687,187024,10.0,-10.0,303146349,1.0,0.1455374978005249,1,0
180687,187024,10.0,-10.0,303146350,1.0,0.10318526638088918,1,0
180687,187024,10.0,-10.0,303146351,1.0,1.0,1,1
180687,187024,10.0,-10.0,303146352,1.0,1.0,1,1
180687,187024,10.0,-10.0,303146353,0.0,0.0,0,0
180687,187024,10.0,-10.0,303146354,0.0,0.0,0,0
180687,187024,10.0,-10.0,303146355,0.0,0.03798403182516118,0,0
180687,187024,10.0,10.0,303146349,1.0,0.19235565905471305,1,0
180687,187024,10.0,10.0,303146350,1.0,0.09733030956222816,1,0
180687,187024,10.0,10.0,303146351,1.0,1.0,1,1
180687,187024,10.0,10.0,303146352,1.0,1.0,1,1
180687,187024,10.0,10.0,303146353,0.0,0.0,0,0
180687,187024,10.0,10.0,303146354,0.0,0.0,0,0
180687,187024,10.0,10.0,303146355,0.0,0.03811768270180955,0,0
180723,207048,10.0,-10.0,390637380,1.0,0.16724646491719614,1,0
180723,207048,10.0,-10.0,390637381,0.0,0.14546480472669865,0,0
180723,207048,10.0,-10.0,390637382,1.0,0.15471797887552546,1,0
180723,207048,10.0,-10.0,390637383,0.0,0.0,0,0
180723,207048,10.0,-10.0,390637384,0.0,0.0,0,0
180723,207048,10.0,-10.0,390637385,0.0,0.0,0,0
180723,207048,10.0,-10.0,390637386,0.0,0.0,0,0
180723,207048,10.0,-10.0,390637387,0.0,0.1662847100826328,0,0
180723,207048,10.0,-10.0,390637388,0.0,0.17074776623176963,0,0
180723,207048,10.0,-10.0,390637389,1.0,1.0,1,1
180723,207048,10.0,10.0,390637380,1.0,0.15672184463960012,1,0
180723,207048,10.0,10.0,390637381,0.0,0.11772473759687194,0,0
180723,207048,10.0,10.0,390637382,1.0,0.11874362804586308,1,0
180723,207048,10.0,10.0,390637383,0.0,0.0,0,0
180723,207048,10.0,10.0,390637384,0.0,0.0,0,0
180723,207048,10.0,10.0,390637385,0.0,0.0,0,0
180723,207048,10.0,10.0,390637386,0.0,0.0,0,0
180723,207048,10.0,10.0,390637387,0.0,0.19354465108325633,0,0
180723,207048,10.0,10.0,390637388,0.0,0.19687052456497928,0,0
180723,207048,10.0,10.0,390637389,1.0,1.0,1,1
180815,206160,10.0,-10.0,386714985,1.0,0.17958199503508498,1,0
180815,206160,10.0,-10.0,386714986,1.0,0.1759143701816692,1,0
180815,206160,10.0,-10.0,386714987,0.0,0.0,0,0
180815,206160,10.0,-10.0,386714988,0.0,0.0,0,0
180815,206160,10.0,-10.0,386714989,0.0,0.12806084315351848,0,0
180815,206160,10.0,-10.0,386714990,0.0,0.0,0,0
180815,206160,10.0,-10.0,386714991,1.0,1.0,1,1
180815,206160,10.0,-10.0,386714992,0.0,0.1653650405274967,0,0
180815,206160,10.0,-10.0,386714993,0.0,0.0,0,0
180815,206160,10.0,-10.0,386714994,0.0,0.0,0,0
180815,206160,10.0,-10.0,386714995,0.0,0.12680935990769923,0,0
180815,206160,10.0,-10.0,386714996,0.0,0.0,0,0
180815,206160,10.0,-10.0,386714997,0.0,0.0,0,0
180815,206160,10.0,-10.0,386714998,0.0,0.0,0,0
180815,206160,10.0,10.0,386714985,1.0,0.21542399649068159,1,0
180815,206160,10.0,10.0,386714986,1.0,0.20869094441772448,1,0
180815,206160,10.0,10.0,386714987,0.0,0.0,0,0
180815,206160,10.0,10.0,386714988,0.0,0.0,0,0
180815,206160,10.0,10.0,386714989,0.0,0.4939305331814119,0,0
180815,206160,10.0,10.0,386714990,0.0,0.0,0,0
180815,206160,10.0,10.0,386714991,1.0,1.0,1,1
180815,206160,10.0,10.0,386714992,0.0,0.18131173674703135,0,0
180815,206160,10.0,10.0,386714993,0.0,0.0,0,0
180815,206160,10.0,10.0,386714994,0.0,0.0,0,0
180815,206160,10.0,10.0,386714995,0.0,0.13021542685728088,0,0
180815,206160,10.0,10.0,386714996,0.0,0.0,0,0
180815,206160,10.0,10.0,386714997,0.0,0.0,0,0
180815,206160,10.0,10.0,386714998,0.0,0.0,0,0
180834,205125,10.0,-10.0,382243740,0.0,0.0,0,0
180834,205125,10.0,-10.0,382243741,1.0,1.0,1,1
180834,205125,10.0,-10.0,382243742,1.0,1.0,1,1
180834,205125,10.0,-10.0,382243743,0.0,0.14357974145720226,0,0
180834,205125,10.0,-10.0,382243744,0.0,0.0,0,0
180834,205125,10.0,10.0,382243740,0.0,0.0,0,0
180834,205125,10.0,10.0,382243741,1.0,1.0,1,1
180834,205125,10.0,10.0,382243742,1.0,1.0,1,1
180834,205125,10.0,10.0,382243743,0.0,0.18421258626048273,0,0
180834,205125,10.0,10.0,382243744,0.0,0.0,0,0
181002,188173,10.0,-10.0,308315299,1.0,0.9705277326708454,1,1
181002,188173,10.0,-10.0,308315300,1.0,1.0,1,1
181002,188173,10.0,-10.0,308315301,0.0,0.0,0,0
181002,188173,10.0,-10.0,308315302,0.0,0.0,0,0
181002,188173,10.0,-10.0,308315303,0.0,0.0,0,0
181002,188173,10.0,-10.0,308315304,1.0,1.0,1,1
181002,188173,10.0,-10.0,308315305,0.0,0.0,0,0
181002,188173,10.0,-10.0,308315306,0.0,0.0,0,0
181002,188173,10.0,-10.0,308315307,1.0,1.0,1,1
181002,188173,10.0,10.0,308315299,1.0,0.040657223172536984,1,0
181002,188173,10.0,10.0,308315300,1.0,1.0,1,1
181002,188173,10.0,10.0,308315301,0.0,0.0,0,0
181002,188173,10.0,10.0,308315302,0.0,0.0,0,0
181002,188173,10.0,10.0,308315303,0.0,0.0,0,0
181002,188173,10.0,10.0,308315304,1.0,1.0,1,1
181002,188173,10.0,10.0,308315305,0.0,0.0,0,0
181002,188173,10.0,10.0,308315306,0.0,0.0,0,0
181002,188173,10.0,10.0,308315307,1.0,1.0,1,1
181023,208822,10.0,-10.0,398351429,0.0,0.16082178079800888,0,0
181023,208822,10.0,-10.0,398351430,0.0,0.0005501369659949841,0,0
181023,208822,10.0,-10.0,398351431,1.0,0.0015243145004879843,1,0
181023,208822,10.0,-10.0,398351432,0.0,0.0,0,0
181023,208822,10.0,10.0,398351429,0.0,0.3839121911447716,0,0
181023,208822,10.0,10.0,398351430,0.0,6.350648591579546e-05,0,0
181023,208822,10.0,10.0,398351431,1.0,0.020274975285656225,1,0
181023,208822,10.0,10.0,398351432,0.0,0.0,0,0
181295,210119,10.0,-10.0,404069811,0.0,0.16904307320641312,0,0
181295,210119,10.0,-10.0,404069812,1.0,1.0,1,1
181295,210119,10.0,-10.0,404069813,0.0,0.0,0,0
181295,210119,10.0,-10.0,404069814,1.0,0.36907700668085575,1,0
181295,210119,10.0,-10.0,404069815,0.0,0.0,0,0
181295,210119,10.0,-10.0,404069816,0.0,0.1624077709685559,0,0
181295,210119,10.0,-10.0,404069817,0.0,0.16223484664253465,0,0
181295,210119,10.0,-10.0,404069818,0.0,0.1624837447142214,0,0
181295,210119,10.0,-10.0,404069819,0.0,0.18723179883353147,0,0
181295,210119,10.0,10.0,404069811,0.0,0.17826546859224274,0,0
181295,210119,10.0,10.0,404069812,1.0,1.0,1,1
181295,210119,10.0,10.0,404069813,0.0,0.0,0,0
181295,210119,10.0,10.0,404069814,1.0,1.0,1,1
181295,210119,10.0,10.0,404069815,0.0,0.0,0,0
181295,210119,10.0,10.0,404069816,0.0,0.20146057183576413,0,0
181295,210119,10.0,10.0,404069817,0.0,0.21791728373806632,0,0
181295,210119,10.0,10.0,404069818,0.0,0.20695284949005202,0,0
181295,210119,10.0,10.0,404069819,0.0,0.2115608476621194,0,0
181588,206273,10.0,-10.0,387227451,0.0,0.14296745778399245,0,0
181588,206273,10.0,-10.0,387227452,0.0,0.16789274151794292,0,0
181588,206273,10.0,-10.0,387227453,0.0,0.15195607737587155,0,0
181588,206273,10.0,-10.0,387227454,0.0,0.16576848264547164,0,0
181588,206273,10.0,-10.0,387227455,0.0,0.18398292938950156,0,0
181588,206273,10.0,-10.0,387227456,0.0,0.17724482907137615,0,0
181588,206273,10.0,-10.0,387227457,1.0,0.19330832026062608,1,0
181588,206273,10.0,-10.0,387227458,0.0,0.1771557040188672,0,0
181588,206273,10.0,10.0,387227451,0.0,0.218424869777393,0,0
181588,206273,10.0,10.0,387227452,0.0,0.1828231514562896,0,0
181588,206273,10.0,10.0,387227453,0.0,0.2302855554698007,0,0
181588,206273,10.0,10.0,387227454,0.0,0.24051044640901487,0,0
181588,206273,10.0,10.0,387227455,0.0,0.2941693055453203,0,0
181588,206273,10.0,10.0,387227456,0.0,0.19485956953881492,0,0
181588,206273,10.0,10.0,387227457,1.0,0.24682106309934693,1,0
181588,206273,10.0,10.0,387227458,0.0,0.20507188850103233,0,0
182072,199843,10.0,-10.0,359590917,1.0,0.16654336927185018,1,0
182072,199843,10.0,-10.0,359590918,0.0,0.1709155945283017,0,0
182072,199843,10.0,-10.0,359590919,0.0,0.0,0,0
182072,199843,10.0,-10.0,359590920,0.0,0.0,0,0
182072,199843,10.0,-10.0,359590921,0.0,0.0,0,0
182072,199843,10.0,-10.0,359590922,0.0,0.1705653112181836,0,0
182072,199843,10.0,-10.0,359590923,1.0,0.17316270661081273,1,0
182072,199843,10.0,10.0,359590917,1.0,0.20092851051479912,1,0
182072,199843,10.0,10.0,359590918,0.0,0.22603038534922468,0,0
182072,199843,10.0,10.0,359590919,0.0,0.0,0,0
182072,199843,10.0,10.0,359590920,0.0,0.0,0,0
182072,199843,10.0,10.0,359590921,0.0,0.0,0,0
182072,199843,10.0,10.0,359590922,0.0,0.19718572220414773,0,0
182072,199843,10.0,10.0,359590923,1.0,0.20169174043371452,1,0
182354,185997,10.0,-10.0,298573895,1.0,0.17161746428983138,1,0
182354,185997,10.0,-10.0,298573896,0.0,0.149298511945928,0,0
182354,185997,10.0,-10.0,298573897,0.0,0.16481734003274293,0,0
182354,185997,10.0,-10.0,298573898,1.0,1.0,1,1
182354,185997,10.0,-10.0,298573899,1.0,1.0,1,1
182354,185997,10.0,-10.0,298573900,1.0,1.0,1,1
182354,185997,10.0,-10.0,298573901,1.0,0.15600860680546186,1,0
182354,185997,10.0,-10.0,298573902,0.0,0.1693607082089707,0,0
182354,185997,10.0,-10.0,298573903,0.0,0.0,0,0
182354,185997,10.0,-10.0,298573904,1.0,1.0,1,1
182354,185997,10.0,10.0,298573895,1.0,0.1750609239198002,1,0
182354,185997,10.0,10.0,298573896,0.0,0.09084953395902406,0,0
182354,185997,10.0,10.0,298573897,0.0,0.1303959595293168,0,0
182354,185997,10.0,10.0,298573898,1.0,1.0,1,1
182354,185997,10.0,10.0,298573899,1.0,1.0,1,1
182354,185997,10.0,10.0,298573900,1.0,1.0,1,1
182354,185997,10.0,10.0,298573901,1.0,0.19746669689116858,1,0
182354,185997,10.0,10.0,298573902,0.0,0.18681625068671254,0,0
182354,185997,10.0,10.0,298573903,0.0,0.0,0,0
182354,185997,10.0,10.0,298573904,1.0,1.0,1,1
182369,181607,10.0,-10.0,278810235,0.0,0.0,0,0
182369,181607,10.0,-10.0,278810236,1.0,1.0,1,1
182369,181607,10.0,-10.0,278810237,1.0,0.13640935443478025,1,0
182369,181607,10.0,-10.0,278810238,0.0,0.0,0,0
182369,181607,10.0,-10.0,278810239,0.0,0.16907702082348675,0,0
182369,181607,10.0,10.0,278810235,0.0,0.0,0,0
182369,181607,10.0,10.0,278810236,1.0,1.0,1,1
182369,181607,10.0,10.0,278810237,1.0,0.14893204725795836,1,0
182369,181607,10.0,10.0,278810238,0.0,0.0,0,0
182369,181607,10.0,10.0,278810239,0.0,0.17467636081084603,0,0
182581,208651,10.0,-10.0,397600125,1.0,0.16627598583977354,1,0
182581,208651,10.0,-10.0,397600126,1.0,0.16127933793726396,1,0
182581,208651,10.0,-10.0,397600127,1.0,0.1675570641825649,1,0
182581,208651,10.0,-10.0,397600128,1.0,0.16793394768021272,1,0
182581,208651,10.0,10.0,397600125,1.0,0.1809266011848173,1,0
182581,208651,10.0,10.0,397600126,1.0,0.21268468142455477,1,0
182581,208651,10.0,10.0,397600127,1.0,0.18792301935873912,1,0
182581,208651,10.0,10.0,397600128,1.0,0.2498508450758624,1,0
182967,198780,10.0,-10.0,354917775,0.0,0.15002825437635225,0,0
182967,198780,10.0,-10.0,354917776,1.0,0.005521251211530169,1,0
182967,198780,10.0,-10.0,354917777,0.0,0.012700960971922293,0,0
182967,198780,10.0,-10.0,354917778,0.0,0.0,0,0
182967,198780,10.0,-10.0,354917779,0.0,6.548443046024956e-05,0,0
182967,198780,10.0,-10.0,354917780,0.0,0.0004846005340240676,0,0
182967,198780,10.0,-10.0,354917781,1.0,0.0018090885475914246,1,0
182967,198780,10.0,-10.0,354917782,0.0,0.15895970681308388,0,0
182967,198780,10.0,-10.0,354917783,0.0,0.1578813329028091,0,0
182967,198780,10.0,-10.0,354917784,1.0,0.10720349738142543,1,0
182967,198780,10.0,10.0,354917775,0.0,0.40385638468020585,0,0
182967,198780,10.0,10.0,354917776,1.0,1.0,1,1
182967,198780,10.0,10.0,354917777,0.0,0.0,0,0
182967,198780,10.0,10.0,354917778,0.0,0.0,0,0
182967,198780,10.0,10.0,354917779,0.0,0.0,0,0
182967,198780,10.0,10.0,354917780,0.0,0.0,0,0
182967,198780,10.0,10.0,354917781,1.0,1.0,1,1
182967,198780,10.0,10.0,354917782,0.0,0.27841152870911867,0,0
182967,198780,10.0,10.0,354917783,0.0,0.6387453639364616,0,1
182967,198780,10.0,10.0,354917784,1.0,0.4660433022353924,1,0
183423,197906,10.0,-10.0,351235378,1.0,0.1687891892331988,1,0
183423,197906,10.0,-10.0,351235379,1.0,0.15477511549614734,1,0
183423,197906,10.0,-10.0,351235380,0.0,0.17284247814894615,0,0
183423,197906,10.0,-10.0,351235381,1.0,0.16828188778260664,1,0
183423,197906,10.0,-10.0,351235382,1.0,0.1541003393854804,1,0
183423,197906,10.0,-10.0,351235383,0.0,0.0,0,0
183423,197906,10.0,-10.0,351235384,1.0,0.13779915309712928,1,0
183423,197906,10.0,10.0,351235378,1.0,0.2416966827302248,1,0
183423,197906,10.0,10.0,351235379,1.0,0.18300589250002927,1,0
183423,197906,10.0,10.0,351235380,0.0,0.21387684198275214,0,0
183423,197906,10.0,10.0,351235381,1.0,0.24092132411488099,1,0
183423,197906,10.0,10.0,351235382,1.0,0.15619651021035103,1,0
183423,197906,10.0,10.0,351235383,0.0,0.0,0,0
183423,197906,10.0,10.0,351235384,1.0,0.152877177747053,1,0
183796,186882,10.0,-10.0,302504977,1.0,1.0,1,1
183796,186882,10.0,-10.0,302504978,1.0,1.0,1,1
183796,186882,10.0,-10.0,302504979,1.0,1.0,1,1
183796,186882,10.0,-10.0,302504980,0.0,0.0,0,0
183796,186882,10.0,-10.0,302504981,0.0,0.0,0,0
183796,186882,10.0,-10.0,302504982,1.0,1.0,1,1
183796,186882,10.0,-10.0,302504983,0.0,0.0,0,0
183796,186882,10.0,-10.0,302504984,1.0,0.15479244587149305,1,0
183796,186882,10.0,-10.0,302504985,1.0,0.14704429524930354,1,0
183796,186882,10.0,-10.0,302504986,0.0,0.0,0,0
183796,186882,10.0,-10.0,302504987,0.0,0.0,0,0
183796,186882,10.0,10.0,302504977,1.0,1.0,1,1
183796,186882,10.0,10.0,302504978,1.0,1.0,1,1
183796,186882,10.0,10.0,302504979,1.0,1.0,1,1
183796,186882,10.0,10.0,302504980,0.0,0.0,0,0
183796,186882,10.0,10.0,302504981,0.0,0.0,0,0
183796,186882,10.0,10.0,302504982,1.0,1.0,1,1
183796,186882,10.0,10.0,302504983,0.0,0.0,0,0
183796,186882,10.0,10.0,302504984,1.0,0.17419585438940877,1,0
183796,186882,10.0,10.0,302504985,1.0,0.15337439386793966,1,0
183796,186882,10.0,10.0,302504986,0.0,0.0,0,0
183796,186882,10.0,10.0,302504987,0.0,0.0,0,0
184015,184061,10.0,-10.0,289900563,1.0,0.08442020451973821,1,0
184015,184061,10.0,-10.0,289900564,0.0,0.015477956996560903,0,0
184015,184061,10.0,-10.0,289900565,0.0,0.008199966750794582,0,0
184015,184061,10.0,-10.0,289900566,0.0,0.08658539773931977,0,0
184015,184061,10.0,-10.0,289900567,1.0,1.0,1,1
184015,184061,10.0,-10.0,289900568,0.0,0.0,0,0
184015,184061,10.0,-10.0,289900569,0.0,0.10593137348373133,0,0
184015,184061,10.0,10.0,289900563,1.0,0.18485766413917878,1,0
184015,184061,10.0,10.0,289900564,0.0,0.0,0,0
184015,184061,10.0,10.0,289900565,0.0,0.007116007585162787,0,0
184015,184061,10.0,10.0,289900566,0.0,0.08884429245767915,0,0
184015,184061,10.0,10.0,289900567,1.0,1.0,1,1
184015,184061,10.0,10.0,289900568,0.0,0.0,0,0
184015,184061,10.0,10.0,289900569,0.0,0.3139304432556113,0,0
184033,189853,10.0,-10.0,315965752,0.0,0.14024457839560447,0,0
184033,189853,10.0,-10.0,315965753,0.0,0.1413181056265695,0,0
184033,189853,10.0,-10.0,315965754,0.0,0.1342572354765241,0,0
184033,189853,10.0,-10.0,315965755,0.0,0.0,0,0
184033,189853,10.0,-10.0,315965756,1.0,0.16823453992164697,1,0
184033,189853,10.0,-10.0,315965757,1.0,0.17411891309612681,1,0
184033,189853,10.0,-10.0,315965758,1.0,0.1652726698918084,1,0
184033,189853,10.0,10.0,315965752,0.0,0.31548722366766724,0,0
184033,189853,10.0,10.0,315965753,0.0,0.4084812476094398,0,0
184033,189853,10.0,10.0,315965754,0.0,0.12985047438342864,0,0
184033,189853,10.0,10.0,315965755,0.0,0.0,0,0
184033,189853,10.0,10.0,315965756,1.0,0.1765093232151741,1,0
184033,189853,10.0,10.0,315965757,1.0,0.3786493369025273,1,0
184033,189853,10.0,10.0,315965758,1.0,0.3051773118667128,1,0
184090,195582,10.0,-10.0,341308484,0.0,0.11730345786869803,0,0
184090,195582,10.0,-10.0,341308485,0.0,0.0,0,0
184090,195582,10.0,-10.0,341308486,0.0,0.0,0,0
184090,195582,10.0,-10.0,341308487,1.0,1.0,1,1
184090,195582,10.0,-10.0,341308488,0.0,0.0,0,0
184090,195582,10.0,-10.0,341308489,1.0,0.16304360512859042,1,0
184090,195582,10.0,-10.0,341308490,0.0,0.16275605347331337,0,0
184090,195582,10.0,-10.0,341308491,0.0,0.16370811659927273,0,0
184090,195582,10.0,-10.0,341308492,0.0,0.16561821755358636,0,0
184090,195582,10.0,10.0,341308484,0.0,0.12808072390541114,0,0
184090,195582,10.0,10.0,341308485,0.0,0.0,0,0
184090,195582,10.0,10.0,341308486,0.0,0.0,0,0
184090,195582,10.0,10.0,341308487,1.0,1.0,1,1
184090,195582,10.0,10.0,341308488,0.0,0.005457100977034229,0,0
184090,195582,10.0,10.0,341308489,1.0,0.17694196800914494,1,0
184090,195582,10.0,10.0,341308490,0.0,0.1996040839915044,0,0
184090,195582,10.0,10.0,341308491,0.0,0.1668079725967087,0,0
184090,195582,10.0,10.0,341308492,0.0,0.18431133815774137,0,0
184709,196154,10.0,-10.0,343780368,1.0,0.1685571914140613,1,0
184709,196154,10.0,-10.0,343780369,0.0,0.11130115014755634,0,0
184709,196154,10.0,-10.0,343780370,0.0,0.0,0,0
184709,196154,10.0,-10.0,343780371,0.0,0.08875443765373002,0,0
184709,196154,10.0,-10.0,343780372,1.0,0.1641241973698153,1,0
184709,196154,10.0,10.0,343780368,1.0,0.2606466208042493,1,0
184709,196154,10.0,10.0,343780369,0.0,0.11947066696934419,0,0
184709,196154,10.0,10.0,343780370,0.0,0.0,0,0
184709,196154,10.0,10.0,343780371,0.0,0.26511396133699483,0,0
184709,196154,10.0,10.0,343780372,1.0,0.2607840134658986,1,0
185337,193957,10.0,-10.0,334382417,1.0,0.1792208662765131,1,0
185337,193957,10.0,-10.0,334382418,0.0,0.0,0,0
185337,193957,10.0,-10.0,334382419,1.0,1.0,1,1
185337,193957,10.0,-10.0,334382420,0.0,0.0,0,0
185337,193957,10.0,10.0,334382417,1.0,0.21106253001688063,1,0
185337,193957,10.0,10.0,334382418,0.0,0.0,0,0
185337,193957,10.0,10.0,334382419,1.0,1.0,1,1
185337,193957,10.0,10.0,334382420,0.0,0.0,0,0
185785,189513,10.0,-10.0,314468887,1.0,1.0,1,1
185785,189513,10.0,-10.0,314468888,1.0,1.0,1,1
185785,189513,10.0,-10.0,314468889,0.0,0.0,0,0
185785,189513,10.0,-10.0,314468890,0.0,0.17216979825372916,0,0
185785,189513,10.0,-10.0,314468891,0.0,0.17378278694326565,0,0
185785,189513,10.0,10.0,314468887,1.0,1.0,1,1
185785,189513,10.0,10.0,314468888,1.0,1.0,1,1
185785,189513,10.0,10.0,314468889,0.0,0.0,0,0
185785,189513,10.0,10.0,314468890,0.0,0.1557576336137614,0,0
185785,189513,10.0,10.0,314468891,0.0,0.21121860383976634,0,0
185875,206473,10.0,-10.0,388130204,0.0,0.11346412538818823,0,0
185875,206473,10.0,-10.0,388130205,1.0,0.1395792950884628,1,0
185875,206473,10.0,-10.0,388130206,0.0,0.13900122634412065,0,0
185875,206473,10.0,-10.0,388130207,0.0,0.159172551092522,0,0
185875,206473,10.0,-10.0,388130208,1.0,0.15898104021720524,1,0
185875,206473,10.0,-10.0,388130209,1.0,0.16732963338961013,1,0
185875,206473,10.0,-10.0,388130210,0.0,0.13859825471146198,0,0
185875,206473,10.0,-10.0,388130211,1.0,0.1412965651646874,1,0
185875,206473,10.0,-10.0,388130212,1.0,0.04203351859023877,1,0
185875,206473,10.0,-10.0,388130213,0.0,0.0,0,0
185875,206473,10.0,-10.0,388130214,0.0,0.01610463502043649,0,0
185875,206473,10.0,-10.0,388130215,1.0,0.16397856470418673,1,0
185875,206473,10.0,-10.0,388130216,1.0,1.0,1,1
185875,206473,10.0,-10.0,388130217,0.0,0.16400308336890387,0,0
185875,206473,10.0,-10.0,388130218,0.0,0.16540901845673645,0,0
185875,206473,10.0,-10.0,388130219,0.0,0.16193576335347126,0,0
185875,206473,10.0,-10.0,388130220,1.0,0.1591892137448902,1,0
185875,206473,10.0,-10.0,388130221,0.0,0.0,0,0
185875,206473,10.0,-10.0,388130222,1.0,1.0,1,1
185875,206473,10.0,-10.0,388130223,1.0,1.0,1,1
185875,206473,10.0,-10.0,388130224,1.0,1.0,1,1
185875,206473,10.0,-10.0,388130225,0.0,0.0,0,0
185875,206473,10.0,-10.0,388130226,1.0,1.0,1,1
185875,206473,10.0,10.0,388130204,0.0,0.0972322689646244,0,0
185875,206473,10.0,10.0,388130205,1.0,0.12621996510121272,1,0
185875,206473,10.0,10.0,388130206,0.0,0.10220937559045024,0,0
185875,206473,10.0,10.0,388130207,0.0,0.18025095971207575,0,0
185875,206473,10.0,10.0,388130208,1.0,0.1628019589576626,1,0
185875,206473,10.0,10.0,388130209,1.0,0.21429155132471978,1,0
185875,206473,10.0,10.0,388130210,0.0,0.09875480615253975,0,0
185875,206473,10.0,10.0,388130211,1.0,0.184164243029758,1,0
185875,206473,10.0,10.0,388130212,1.0,0.04263436375627686,1,0
185875,206473,10.0,10.0,388130213,0.0,0.0,0,0
185875,206473,10.0,10.0,388130214,0.0,0.0,0,0
185875,206473,10.0,10.0,388130215,1.0,0.196279839625617,1,0
185875,206473,10.0,10.0,388130216,1.0,1.0,1,1
185875,206473,10.0,10.0,388130217,0.0,0.221399777479248,0,0
185875,206473,10.0,10.0,388130218,0.0,0.13173779259474874,0,0
185875,206473,10.0,10.0,388130219,0.0,0.16761250009748943,0,0
185875,206473,10.0,10.0,388130220,1.0,0.1997902929541037,1,0
185875,206473,10.0,10.0,388130221,0.0,0.0,0,0
185875,206473,10.0,10.0,388130222,1.0,1.0,1,1
185875,206473,10.0,10.0,388130223,1.0,1.0,1,1
185875,206473,10.0,10.0,388130224,1.0,1.0,1,1
185875,206473,10.0,10.0,388130225,0.0,0.0,0,0
185875,206473,10.0,10.0,388130226,1.0,1.0,1,1
186117,200624,10.0,-10.0,362954684,1.0,0.17172977255170052,1,0
186117,200624,10.0,-10.0,362954685,1.0,0.16474507580827893,1,0
186117,200624,10.0,-10.0,362954686,1.0,0.1689272308366806,1,0
186117,200624,10.0,-10.0,362954687,1.0,0.18024956727945654,1,0
186117,200624,10.0,-10.0,362954688,1.0,0.18028244897478848,1,0
186117,200624,10.0,-10.0,362954689,0.0,0.15612685884025582,0,0
186117,200624,10.0,10.0,362954684,1.0,0.17696823928592495,1,0
186117,200624,10.0,10.0,362954685,1.0,0.16136450044672473,1,0
186117,200624,10.0,10.0,362954686,1.0,0.20448925985066738,1,0
186117,200624,10.0,10.0,362954687,1.0,0.5679477408599525,1,1
186117,200624,10.0,10.0,362954688,1.0,0.8004266251318445,1,1
186117,200624,10.0,10.0,362954689,0.0,0.44690623887304853,0,0
186198,204134,10.0,-10.0,377956722,1.0,0.16973981369788055,1,0
186198,204134,10.0,-10.0,377956723,1.0,0.1697617809495903,1,0
186198,204134,10.0,-10.0,377956724,0.0,0.17036104368614838,0,0
186198,204134,10.0,-10.0,377956725,0.0,0.12798402074158313,0,0
186198,204134,10.0,10.0,377956722,1.0,0.1771158477299881,1,0
186198,204134,10.0,10.0,377956723,1.0,0.17930325566054992,1,0
186198,204134,10.0,10.0,377956724,0.0,0.18916361849568122,0,0
186198,204134,10.0,10.0,377956725,0.0,0.28132918846470056,0,0
186356,189091,10.0,-10.0,312579598,0.0,0.03417205761404342,0,0
186356,189091,10.0,-10.0,312579599,1.0,0.016543506924854942,1,0
186356,189091,10.0,-10.0,312579600,1.0,0.5106849197062615,1,1
186356,189091,10.0,-10.0,312579601,0.0,0.17026839707324753,0,0
186356,189091,10.0,-10.0,312579602,0.0,0.16774691845205106,0,0
186356,189091,10.0,-10.0,312579603,1.0,0.16720604242746417,1,0
186356,189091,10.0,-10.0,312579604,1.0,0.16724738944760145,1,0
186356,189091,10.0,-10.0,312579605,0.0,0.0,0,0
186356,189091,10.0,-10.0,312579606,1.0,0.04139440871283345,1,0
186356,189091,10.0,-10.0,312579607,0.0,0.04473407008683016,0,0
186356,189091,10.0,-10.0,312579608,0.0,0.0,0,0
186356,189091,10.0,10.0,312579598,0.0,0.0265713785276153,0,0
186356,189091,10.0,10.0,312579599,1.0,1.0,1,1
186356,189091,10.0,10.0,312579600,1.0,1.0,1,1
186356,189091,10.0,10.0,312579601,0.0,0.2159505094512156,0,0
186356,189091,10.0,10.0,312579602,0.0,0.1914072219949016,0,0
186356,189091,10.0,10.0,312579603,1.0,0.2000328718415061,1,0
186356,189091,10.0,10.0,312579604,1.0,0.18779423558317124,1,0
186356,189091,10.0,10.0,312579605,0.0,0.0,0,0
186356,189091,10.0,10.0,312579606,1.0,1.0,1,1
186356,189091,10.0,10.0,312579607,0.0,0.04126870298378877,0,0
186356,189091,10.0,10.0,312579608,0.0,0.0,0,0
186407,182154,10.0,-10.0,281322973,1.0,0.9982726727960521,1,1
186407,182154,10.0,-10.0,281322974,1.0,1.0,1,1
186407,182154,10.0,-10.0,281322975,0.0,0.1644913617952751,0,0
186407,182154,10.0,-10.0,281322976,0.0,0.0,0,0
186407,182154,10.0,-10.0,281322977,1.0,1.0,1,1
186407,182154,10.0,-10.0,281322978,1.0,0.12070514003274417,1,0
186407,182154,10.0,-10.0,281322979,0.0,0.00786637664106176,0,0
186407,182154,10.0,-10.0,281322980,0.0,0.0,0,0
186407,182154,10.0,-10.0,281322981,0.0,0.0,0,0
186407,182154,10.0,-10.0,281322982,1.0,0.25178696424637154,1,0
186407,182154,10.0,-10.0,281322983,0.0,0.007893557935065488,0,0
186407,182154,10.0,10.0,281322973,1.0,7.831718196146909e-05,1,0
186407,182154,10.0,10.0,281322974,1.0,1.0,1,1
186407,182154,10.0,10.0,281322975,0.0,0.23644836774112207,0,0
186407,182154,10.0,10.0,281322976,0.0,0.0,0,0
186407,182154,10.0,10.0,281322977,1.0,1.0,1,1
186407,182154,10.0,10.0,281322978,1.0,0.11785352397902157,1,0
186407,182154,10.0,10.0,281322979,0.0,0.007979001305319188,0,0
186407,182154,10.0,10.0,281322980,0.0,0.0,0,0
186407,182154,10.0,10.0,281322981,0.0,0.0,0,0
186407,182154,10.0,10.0,281322982,1.0,0.24783893145225916,1,0
186407,182154,10.0,10.0,281322983,0.0,0.001064893841763002,0,0
186810,208210,10.0,-10.0,395700900,0.0,0.0,0,0
186810,208210,10.0,-10.0,395700901,0.0,0.1521388693824204,0,0
186810,208210,10.0,-10.0,395700902,1.0,1.0,1,1
186810,208210,10.0,-10.0,395700903,1.0,1.0,1,1
186810,208210,10.0,-10.0,395700904,0.0,0.0,0,0
186810,208210,10.0,-10.0,395700905,1.0,0.03490933895526303,1,0
186810,208210,10.0,10.0,395700900,0.0,0.0,0,0
186810,208210,10.0,10.0,395700901,0.0,0.19022207101390243,0,0
186810,208210,10.0,10.0,395700902,1.0,1.0,1,1
186810,208210,10.0,10.0,395700903,1.0,1.0,1,1
186810,208210,10.0,10.0,395700904,0.0,0.0,0,0
186810,208210,10.0,10.0,395700905,1.0,0.03347927329999724,1,0
187212,192870,10.0,-10.0,329465375,0.0,0.045210725473268085,0,0
187212,192870,10.0,-10.0,329465376,1.0,0.15761543322969712,1,0
187212,192870,10.0,-10.0,329465377,1.0,0.003608214957004661,1,0
187212,192870,10.0,-10.0,329465378,0.0,0.0,0,0
187212,192870,10.0,10.0,329465375,0.0,0.04626039409167073,0,0
187212,192870,10.0,10.0,329465376,1.0,0.22069532348804907,1,0
187212,192870,10.0,10.0,329465377,1.0,0.014012615292443378,1,0
187212,192870,10.0,10.0,329465378,0.0,0.0,0,0
187417,207485,10.0,-10.0,392530199,0.0,0.16716863264256235,0,0
187417,207485,10.0,-10.0,392530200,0.0,0.1662164287064649,0,0
187417,207485,10.0,-10.0,392530201,0.0,0.0,0,0
187417,207485,10.0,-10.0,392530202,1.0,0.008867430924880466,1,0
187417,207485,10.0,-10.0,392530203,0.0,0.0,0,0
187417,207485,10.0,-10.0,392530204,1.0,0.16611855265602374,1,0
187417,207485,10.0,-10.0,392530205,1.0,1.0,1,1
187417,207485,10.0,-10.0,392530206,0.0,0.0,0,0
187417,207485,10.0,-10.0,392530207,0.0,0.0,0,0
187417,207485,10.0,10.0,392530199,0.0,0.23339582408272155,0,0
187417,207485,10.0,10.0,392530200,0.0,0.16064827299349144,0,0
187417,207485,10.0,10.0,392530201,0.0,0.0,0,0
187417,207485,10.0,10.0,392530202,1.0,0.0072033836015358245,1,0
187417,207485,10.0,10.0,392530203,0.0,0.0,0,0
187417,207485,10.0,10.0,392530204,1.0,0.1804336304356211,1,0
187417,207485,10.0,10.0,392530205,1.0,1.0,1,1
187417,207485,10.0,10.0,392530206,0.0,0.0,0,0
187417,207485,10.0,10.0,392530207,0.0,0.0,0,0
188013,194919,10.0,-10.0,338508431,0.0,0.0,0,0
188013,194919,10.0,-10.0,338508432,0.0,0.0,0,0
188013,194919,10.0,-10.0,338508433,0.0,0.0,0,0
188013,194919,10.0,-10.0,338508434,0.0,0.0,0,0
188013,194919,10.0,-10.0,338508435,1.0,1.0,1,1
188013,194919,10.0,-10.0,338508436,0.0,0.0,0,0
188013,194919,10.0,-10.0,338508437,0.0,0.0,0,0
188013,194919,10.0,-10.0,338508438,1.0,0.16612969485883128,1,0
188013,194919,10.0,-10.0,338508439,1.0,0.17167687170899396,1,0
188013,194919,10.0,-10.0,338508440,0.0,0.16464389197697082,0,0
188013,194919,10.0,-10.0,338508441,1.0,0.17409375270584307,1,0
188013,194919,10.0,-10.0,338508442,0.0,0.1662445244670324,0,0
188013,194919,10.0,-10.0,338508443,0.0,0.0,0,0
188013,194919,10.0,-10.0,338508444,0.0,0.1679429088547291,0,0
188013,194919,10.0,10.0,338508431,0.0,0.0,0,0
188013,194919,10.0,10.0,338508432,0.0,0.0,0,0
188013,194919,10.0,10.0,338508433,0.0,0.0,0,0
188013,194919,10.0,10.0,338508434,0.0,0.0,0,0
188013,194919,10.0,10.0,338508435,1.0,1.0,1,1
188013,194919,10.0,10.0,338508436,0.0,0.0,0,0
188013,194919,10.0,10.0,338508437,0.0,0.0,0,0
188013,194919,10.0,10.0,338508438,1.0,0.17437662406521062,1,0
188013,194919,10.0,10.0,338508439,1.0,0.19497637046147992,1,0
188013,194919,10.0,10.0,338508440,0.0,0.18468582737429773,0,0
188013,194919,10.0,10.0,338508441,1.0,0.19610410289905733,1,0
188013,194919,10.0,10.0,338508442,0.0,0.1930646494797548,0,0
188013,194919,10.0,10.0,338508443,0.0,0.0,0,0
188013,194919,10.0,10.0,338508444,0.0,0.2615815268190911,0,0
189027,190257,10.0,-10.0,317711994,0.0,0.0,0,0
189027,190257,10.0,-10.0,317711995,0.0,0.0,0,0
189027,190257,10.0,-10.0,317711996,0.0,0.1681653529294632,0,0
189027,190257,10.0,-10.0,317711997,0.0,0.1674987693642042,0,0
189027,190257,10.0,-10.0,317711998,1.0,1.0,1,1
189027,190257,10.0,-10.0,317711999,0.0,0.0,0,0
189027,190257,10.0,-10.0,317712000,0.0,0.0,0,0
189027,190257,10.0,-10.0,317712001,1.0,1.0,1,1
189027,190257,10.0,-10.0,317712002,0.0,0.04477776841277793,0,0
189027,190257,10.0,-10.0,317712003,0.0,0.1721149438708243,0,0
189027,190257,10.0,10.0,317711994,0.0,0.0,0,0
189027,190257,10.0,10.0,317711995,0.0,0.0,0,0
189027,190257,10.0,10.0,317711996,0.0,0.21993723002554902,0,0
189027,190257,10.0,10.0,317711997,0.0,0.20171444748300738,0,0
189027,190257,10.0,10.0,317711998,1.0,1.0,1,1
189027,190257,10.0,10.0,317711999,0.0,0.0,0,0
189027,190257,10.0,10.0,317712000,0.0,0.0,0,0
189027,190257,10.0,10.0,317712001,1.0,1.0,1,1
189027,190257,10.0,10.0,317712002,0.0,0.04492559263943772,0,0
189027,190257,10.0,10.0,317712003,0.0,0.22049355831527984,0,0
189143,193722,10.0,-10.0,333365842,0.0,0.11528936280008872,0,0
189143,193722,10.0,-10.0,333365843,0.0,0.1706546239716291,0,0
189143,193722,10.0,-10.0,333365844,0.0,0.1706792400797371,0,0
189143,193722,10.0,-10.0,333365845,0.0,0.08948142509121797,0,0
189143,193722,10.0,-10.0,333365846,1.0,0.1783376220266489,1,0
189143,193722,10.0,-10.0,333365847,0.0,0.1721957036302268,0,0
189143,193722,10.0,-10.0,333365848,1.0,0.17084366991644764,1,0
189143,193722,10.0,10.0,333365842,0.0,0.12766518752174338,0,0
189143,193722,10.0,10.0,333365843,0.0,0.22941551113441178,0,0
189143,193722,10.0,10.0,333365844,0.0,0.21140102095314414,0,0
189143,193722,10.0,10.0,333365845,0.0,0.14155320787707484,0,0
189143,193722,10.0,10.0,333365846,1.0,0.19058673997071238,1,0
189143,193722,10.0,10.0,333365847,0.0,0.23573745686247932,0,0
189143,193722,10.0,10.0,333365848,1.0,0.16589868260396579,1,0
189265,184120,10.0,-10.0,290200262,0.0,0.0,0,0
189265,184120,10.0,-10.0,290200263,0.0,0.0,0,0
189265,184120,10.0,-10.0,290200264,1.0,0.029742636815244295,1,0
189265,184120,10.0,10.0,290200262,0.0,0.0,0,0
189265,184120,10.0,10.0,290200263,0.0,0.0,0,0
189265,184120,10.0,10.0,290200264,1.0,0.03107188539404695,1,0
189415,192019,10.0,-10.0,325601244,1.0,0.16888922909013884,1,0
189415,192019,10.0,-10.0,325601245,1.0,0.1669049988873595,1,0
189415,192019,10.0,-10.0,325601246,1.0,0.1758789521502406,1,0
189415,192019,10.0,-10.0,325601247,0.0,0.17495991178089143,0,0
189415,192019,10.0,10.0,325601244,1.0,0.1875685843318449,1,0
189415,192019,10.0,10.0,325601245,1.0,0.20399713130557964,1,0
189415,192019,10.0,10.0,325601246,1.0,0.32794955185264413,1,0
189415,192019,10.0,10.0,325601247,0.0,0.2879928383613241,0,0
189500,185042,10.0,-10.0,294250780,0.0,0.17299263452756253,0,0
189500,185042,10.0,-10.0,294250781,0.0,0.14899286350361038,0,0
189500,185042,10.0,-10.0,294250782,0.0,0.0,0,0
189500,185042,10.0,-10.0,294250783,1.0,1.0,1,1
189500,185042,10.0,-10.0,294250784,0.0,0.0,0,0
189500,185042,10.0,-10.0,294250785,1.0,1.0,1,1
189500,185042,10.0,-10.0,294250786,1.0,0.39528923995691784,1,0
189500,185042,10.0,-10.0,294250787,0.0,0.0,0,0
189500,185042,10.0,-10.0,294250788,1.0,1.0,1,1
189500,185042,10.0,10.0,294250780,0.0,0.1696734087023299,0,0
189500,185042,10.0,10.0,294250781,0.0,0.189188873217405,0,0
189500,185042,10.0,10.0,294250782,0.0,0.0,0,0
189500,185042,10.0,10.0,294250783,1.0,1.0,1,1
189500,185042,10.0,10.0,294250784,0.0,0.0,0,0
189500,185042,10.0,10.0,294250785,1.0,1.0,1,1
189500,185042,10.0,10.0,294250786,1.0,0.22895176808552462,1,0
189500,185042,10.0,10.0,294250787,0.0,0.0,0,0
189500,185042,10.0,10.0,294250788,1.0,1.0,1,1
190073,201891,10.0,-10.0,368403821,0.0,0.17427064578634546,0,0
190073,201891,10.0,-10.0,368403822,0.0,0.17086893260840344,0,0
190073,201891,10.0,-10.0,368403823,0.0,0.007063299207986921,0,0
190073,201891,10.0,-10.0,368403824,0.0,0.1660824826498792,0,0
190073,201891,10.0,-10.0,368403825,1.0,0.16700874351609113,1,0
190073,201891,10.0,-10.0,368403826,1.0,0.019288073230191334,1,0
190073,201891,10.0,-10.0,368403827,1.0,0.15977454618403344,1,0
190073,201891,10.0,-10.0,368403828,0.0,0.16516748893508842,0,0
190073,201891,10.0,-10.0,368403829,0.0,0.16827298324765397,0,0
190073,201891,10.0,-10.0,368403830,1.0,0.17218267310692253,1,0
190073,201891,10.0,10.0,368403821,0.0,0.2143974396008362,0,0
190073,201891,10.0,10.0,368403822,0.0,0.3306977727164696,0,0
190073,201891,10.0,10.0,368403823,0.0,0.007584204111052195,0,0
190073,201891,10.0,10.0,368403824,0.0,0.1627697551818606,0,0
190073,201891,10.0,10.0,368403825,1.0,0.26934173722881183,1,0
190073,201891,10.0,10.0,368403826,1.0,0.021793193671428613,1,0
190073,201891,10.0,10.0,368403827,1.0,0.20180503059359725,1,0
190073,201891,10.0,10.0,368403828,0.0,0.17187102529661283,0,0
190073,201891,10.0,10.0,368403829,0.0,0.20399555327482052,0,0
190073,201891,10.0,10.0,368403830,1.0,0.19760422751533044,1,0
190353,181954,10.0,-10.0,280407258,0.0,0.0,0,0
190353,181954,10.0,-10.0,280407259,0.0,0.0,0,0
190353,181954,10.0,-10.0,280407260,1.0,0.002356909545486187,1,0
190353,181954,10.0,-10.0,280407261,0.0,0.0,0,0
190353,181954,10.0,-10.0,280407262,0.0,0.0,0,0
190353,181954,10.0,10.0,280407258,0.0,0.0,0,0
190353,181954,10.0,10.0,280407259,0.0,0.0,0,0
190353,181954,10.0,10.0,280407260,1.0,0.0008301732307846382,1,0
190353,181954,10.0,10.0,280407261,0.0,0.0,0,0
190353,181954,10.0,10.0,280407262,0.0,0.0,0,0
190392,207670,10.0,-10.0,393339605,0.0,0.0,0,0
190392,207670,10.0,-10.0,393339606,1.0,0.14699561952492637,1,0
190392,207670,10.0,-10.0,393339607,0.0,0.0,0,0
190392,207670,10.0,-10.0,393339608,0.0,0.17256237598133395,0,0
190392,207670,10.0,-10.0,393339609,0.0,0.0,0,0
190392,207670,10.0,-10.0,393339610,1.0,0.027011687304037715,1,0
190392,207670,10.0,10.0,393339605,0.0,0.0009648218525549002,0,0
190392,207670,10.0,10.0,393339606,1.0,0.16993096239828068,1,0
190392,207670,10.0,10.0,393339607,0.0,0.0,0,0
190392,207670,10.0,10.0,393339608,0.0,0.22466785798840586,0,0
190392,207670,10.0,10.0,393339609,0.0,0.0,0,0
190392,207670,10.0,10.0,393339610,1.0,0.004576376619882231,1,0
190525,205438,10.0,-10.0,383631526,0.0,0.0,0,0
190525,205438,10.0,-10.0,383631527,1.0,0.009807594946150622,1,0
190525,205438,10.0,-10.0,383631528,0.0,0.0,0,0
190525,205438,10.0,-10.0,383631529,0.0,0.0,0,0
190525,205438,10.0,-10.0,383631530,1.0,1.0,1,1
190525,205438,10.0,10.0,383631526,0.0,0.0,0,0
190525,205438,10.0,10.0,383631527,1.0,0.004171106713482797,1,0
190525,205438,10.0,10.0,383631528,0.0,0.0,0,0
190525,205438,10.0,10.0,383631529,0.0,0.0,0,0
190525,205438,10.0,10.0,383631530,1.0,1.0,1,1
190541,188497,10.0,-10.0,309894833,1.0,1.0,1,1
190541,188497,10.0,-10.0,309894834,1.0,0.004095444878803486,1,0
190541,188497,10.0,-10.0,309894835,1.0,0.17547560908879536,1,0
190541,188497,10.0,-10.0,309894836,1.0,0.17230344850671644,1,0
190541,188497,10.0,-10.0,309894837,0.0,0.17188417198317368,0,0
190541,188497,10.0,-10.0,309894838,1.0,0.0972475457538298,1,0
190541,188497,10.0,-10.0,309894839,1.0,0.13126307874536566,1,0
190541,188497,10.0,-10.0,309894840,0.0,0.12122506363948632,0,0
190541,188497,10.0,-10.0,309894841,1.0,0.14169407647646487,1,0
190541,188497,10.0,-10.0,309894842,0.0,0.0,0,0
190541,188497,10.0,-10.0,309894843,0.0,0.12579555677818655,0,0
190541,188497,10.0,-10.0,309894844,0.0,0.1519277751959521,0,0
190541,188497,10.0,-10.0,309894845,1.0,0.15287998500877079,1,0
190541,188497,10.0,-10.0,309894846,0.0,0.14929176369494118,0,0
190541,188497,10.0,-10.0,309894847,0.0,0.17364684909120873,0,0
190541,188497,10.0,-10.0,309894848,0.0,0.16784309382604662,0,0
190541,188497,10.0,10.0,309894833,1.0,1.0,1,1
190541,188497,10.0,10.0,309894834,1.0,0.0037397538919457505,1,0
190541,188497,10.0,10.0,309894835,1.0,0.18349466586434013,1,0
190541,188497,10.0,10.0,309894836,1.0,0.18742886358351368,1,0
190541,188497,10.0,10.0,309894837,0.0,0.19395173084223402,0,0
190541,188497,10.0,10.0,309894838,1.0,0.0958625464798702,1,0
190541,188497,10.0,10.0,309894839,1.0,0.1537064590979695,1,0
190541,188497,10.0,10.0,309894840,0.0,0.1183039499894625,0,0
190541,188497,10.0,10.0,309894841,1.0,0.21288156624596913,1,0
190541,188497,10.0,10.0,309894842,0.0,0.0,0,0
190541,188497,10.0,10.0,309894843,0.0,0.13183337105821646,0,0
190541,188497,10.0,10.0,309894844,0.0,0.22066719301121107,0,0
190541,188497,10.0,10.0,309894845,1.0,0.21621665201271215,1,0
190541,188497,10.0,10.0,309894846,0.0,0.178214618038734,0,0
190541,188497,10.0,10.0,309894847,0.0,0.3587696415771735,0,0
190541,188497,10.0,10.0,309894848,0.0,0.2054207678424399,0,0
191341,181892,10.0,-10.0,280115934,0.0,0.1709034160656629,0,0
191341,181892,10.0,-10.0,280115935,1.0,0.17046289266793388,1,0
191341,181892,10.0,-10.0,280115936,1.0,0.17243745004680522,1,0
191341,181892,10.0,-10.0,280115937,0.0,0.0,0,0
191341,181892,10.0,10.0,280115934,0.0,0.20191523859935726,0,0
191341,181892,10.0,10.0,280115935,1.0,0.1769072035831713,1,0
191341,181892,10.0,10.0,280115936,1.0,0.20164530076839252,1,0
191341,181892,10.0,10.0,280115937,0.0,0.0,0,0
191917,186517,10.0,-10.0,300884795,1.0,0.16979902530297486,1,0
191917,186517,10.0,-10.0,300884796,0.0,0.16054674967059077,0,0
191917,186517,10.0,-10.0,300884797,1.0,0.09082927819721254,1,0
191917,186517,10.0,-10.0,300884798,0.0,0.16959544858763,0,0
191917,186517,10.0,-10.0,300884799,0.0,0.17034586357780926,0,0
191917,186517,10.0,10.0,300884795,1.0,0.19546621135337974,1,0
191917,186517,10.0,10.0,300884796,0.0,0.23445020553908058,0,0
191917,186517,10.0,10.0,300884797,1.0,1.0,1,1
191917,186517,10.0,10.0,300884798,0.0,0.17459102361888626,0,0
191917,186517,10.0,10.0,300884799,0.0,0.19414275504969547,0,0
192816,200992,10.0,-10.0,364515969,0.0,0.0,0,0
192816,200992,10.0,-10.0,364515970,1.0,1.0,1,1
192816,200992,10.0,-10.0,364515971,0.0,0.0,0,0
192816,200992,10.0,-10.0,364515972,1.0,0.16749488646507432,1,0
192816,200992,10.0,-10.0,364515973,0.0,0.16239385097724937,0,0
192816,200992,10.0,-10.0,364515974,0.0,0.16250866611030435,0,0
192816,200992,10.0,10.0,364515969,0.0,0.0,0,0
192816,200992,10.0,10.0,364515970,1.0,1.0,1,1
192816,200992,10.0,10.0,364515971,0.0,0.0,0,0
192816,200992,10.0,10.0,364515972,1.0,0.23388968369095903,1,0
192816,200992,10.0,10.0,364515973,0.0,0.1738375090667978,0,0
192816,200992,10.0,10.0,364515974,0.0,0.21318207322194827,0,0
193467,199529,10.0,-10.0,358178293,0.0,0.16987694954130259,0,0
193467,199529,10.0,-10.0,358178294,1.0,0.07841326891082326,1,0
193467,199529,10.0,-10.0,358178295,0.0,0.09828178310871949,0,0
193467,199529,10.0,-10.0,358178296,0.0,0.0,0,0
193467,199529,10.0,-10.0,358178297,0.0,0.0,0,0
193467,199529,10.0,10.0,358178293,0.0,0.19049190402979213,0,0
193467,199529,10.0,10.0,358178294,1.0,0.0894066803277793,1,0
193467,199529,10.0,10.0,358178295,0.0,0.12146274313372075,0,0
193467,199529,10.0,10.0,358178296,0.0,0.0,0,0
193467,199529,10.0,10.0,358178297,0.0,0.0,0,0
193481,196243,10.0,-10.0,344143074,0.0,0.0,0,0
193481,196243,10.0,-10.0,344143075,1.0,1.0,1,1
193481,196243,10.0,-10.0,344143076,0.0,0.0,0,0
193481,196243,10.0,-10.0,344143077,0.0,0.0,0,0
193481,196243,10.0,-10.0,344143078,0.0,0.0,0,0
193481,196243,10.0,-10.0,344143079,1.0,1.0,1,1
193481,196243,10.0,-10.0,344143080,0.0,0.0,0,0
193481,196243,10.0,-10.0,344143081,0.0,0.0,0,0
193481,196243,10.0,-10.0,344143082,0.0,0.0,0,0
193481,196243,10.0,-10.0,344143083,0.0,0.0,0,0
193481,196243,10.0,-10.0,344143084,0.0,0.0,0,0
193481,196243,10.0,-10.0,344143085,0.0,0.0,0,0
193481,196243,10.0,-10.0,344143086,0.0,0.0,0,0
193481,196243,10.0,-10.0,344143087,0.0,0.0,0,0
193481,196243,10.0,-10.0,344143088,1.0,1.0,1,1
193481,196243,10.0,-10.0,344143089,0.0,0.0,0,0
193481,196243,10.0,-10.0,344143090,0.0,0.0,0,0
193481,196243,10.0,-10.0,344143091,0.0,0.0,0,0
193481,196243,10.0,-10.0,344143092,1.0,1.0,1,1
193481,196243,10.0,-10.0,344143093,0.0,0.0,0,0
193481,196243,10.0,-10.0,344143094,0.0,0.0,0,0
193481,196243,10.0,-10.0,344143095,1.0,1.0,1,1
193481,196243,10.0,-10.0,344143096,0.0,0.0,0,0
193481,196243,10.0,-10.0,344143097,1.0,1.0,1,1
193481,196243,10.0,-10.0,344143098,1.0,1.0,1,1
193481,196243,10.0,-10.0,344143099,0.0,0.0,0,0
193481,196243,10.0,-10.0,344143100,0.0,0.0,0,0
193481,196243,10.0,-10.0,344143101,0.0,0.0,0,0
193481,196243,10.0,-10.0,344143102,0.0,0.0,0,0
193481,196243,10.0,-10.0,344143103,0.0,0.0,0,0
193481,196243,10.0,10.0,344143074,0.0,0.0,0,0
193481,196243,10.0,10.0,344143075,1.0,1.0,1,1
193481,196243,10.0,10.0,344143076,0.0,0.0,0,0
193481,196243,10.0,10.0,344143077,0.0,0.0,0,0
193481,196243,10.0,10.0,344143078,0.0,0.0,0,0
193481,196243,10.0,10.0,344143079,1.0,1.0,1,1
193481,196243,10.0,10.0,344143080,0.0,0.0,0,0
193481,196243,10.0,10.0,344143081,0.0,0.0,0,0
193481,196243,10.0,10.0,344143082,0.0,0.0,0,0
193481,196243,10.0,10.0,344143083,0.0,0.0,0,0
193481,196243,10.0,10.0,344143084,0.0,0.0,0,0
193481,196243,10.0,10.0,344143085,0.0,0.0,0,0
193481,196243,10.0,10.0,344143086,0.0,0.0,0,0
193481,196243,10.0,10.0,344143087,0.0,0.0,0,0
193481,196243,10.0,10.0,344143088,1.0,1.0,1,1
193481,196243,10.0,10.0,344143089,0.0,0.0,0,0
193481,196243,10.0,10.0,344143090,0.0,0.0,0,0
193481,196243,10.0,10.0,344143091,0.0,0.0,0,0
193481,196243,10.0,10.0,344143092,1.0,1.0,1,1
193481,196243,10.0,10.0,344143093,0.0,0.0,0,0
193481,196243,10.0,10.0,344143094,0.0,0.0,0,0
193481,196243,10.0,10.0,344143095,1.0,1.0,1,1
193481,196243,10.0,10.0,344143096,0.0,0.0,0,0
193481,196243,10.0,10.0,344143097,1.0,0.20298467477026583,1,0
193481,196243,10.0,10.0,344143098,1.0,1.0,1,1
193481,196243,10.0,10.0,344143099,0.0,0.0,0,0
193481,196243,10.0,10.0,344143100,0.0,0.0,0,0
193481,196243,10.0,10.0,344143101,0.0,0.0,0,0
193481,196243,10.0,10.0,344143102,0.0,0.0,0,0
193481,196243,10.0,10.0,344143103,0.0,0.0,0,0
193709,181631,10.0,-10.0,278917287,1.0,0.15995780437000437,1,0
193709,181631,10.0,-10.0,278917288,0.0,0.0,0,0
193709,181631,10.0,-10.0,278917289,0.0,0.0,0,0
193709,181631,10.0,-10.0,278917290,1.0,0.16566355746375352,1,0
193709,181631,10.0,-10.0,278917291,1.0,0.16330813938468883,1,0
193709,181631,10.0,-10.0,278917292,0.0,0.0,0,0
193709,181631,10.0,-10.0,278917293,1.0,1.0,1,1
193709,181631,10.0,-10.0,278917294,0.0,0.17220598861927705,0,0
193709,181631,10.0,-10.0,278917295,1.0,0.007446907662073111,1,0
193709,181631,10.0,10.0,278917287,1.0,0.2473928933344879,1,0
193709,181631,10.0,10.0,278917288,0.0,0.0,0,0
193709,181631,10.0,10.0,278917289,0.0,0.0,0,0
193709,181631,10.0,10.0,278917290,1.0,0.18696662114470347,1,0
193709,181631,10.0,10.0,278917291,1.0,0.1686407520872058,1,0
193709,181631,10.0,10.0,278917292,0.0,0.0,0,0
193709,181631,10.0,10.0,278917293,1.0,1.0,1,1
193709,181631,10.0,10.0,278917294,0.0,0.18100608094798998,0,0
193709,181631,10.0,10.0,278917295,1.0,1.0,1,1
194277,200870,10.0,-10.0,363988362,1.0,0.17238540934654042,1,0
194277,200870,10.0,-10.0,363988363,0.0,0.0,0,0
194277,200870,10.0,-10.0,363988364,0.0,0.0,0,0
194277,200870,10.0,-10.0,363988365,1.0,1.0,1,1
194277,200870,10.0,-10.0,363988366,0.0,0.17438273437981655,0,0
194277,200870,10.0,10.0,363988362,1.0,0.21646977536638082,1,0
194277,200870,10.0,10.0,363988363,0.0,0.0,0,0
194277,200870,10.0,10.0,363988364,0.0,0.0,0,0
194277,200870,10.0,10.0,363988365,1.0,1.0,1,1
194277,200870,10.0,10.0,363988366,0.0,0.24162750888849835,0,0
194532,187415,10.0,-10.0,304869715,0.0,0.167872268339864,0,0
194532,187415,10.0,-10.0,304869716,1.0,0.1580203282781832,1,0
194532,187415,10.0,-10.0,304869717,0.0,0.0,0,0
194532,187415,10.0,-10.0,304869718,1.0,1.0,1,1
194532,187415,10.0,-10.0,304869719,0.0,0.1354074410617424,0,0
194532,187415,10.0,-10.0,304869720,1.0,0.0012253077878047907,1,0
194532,187415,10.0,-10.0,304869721,0.0,0.0,0,0
194532,187415,10.0,-10.0,304869722,0.0,0.009609181800788513,0,0
194532,187415,10.0,-10.0,304869723,1.0,0.14632723147404478,1,0
194532,187415,10.0,-10.0,304869724,1.0,0.00432857644808243,1,0
194532,187415,10.0,-10.0,304869725,0.0,0.1045183964837215,0,0
194532,187415,10.0,-10.0,304869726,0.0,0.1668633104024568,0,0
194532,187415,10.0,-10.0,304869727,0.0,0.16496502553403117,0,0
194532,187415,10.0,-10.0,304869728,0.0,0.16464253799704184,0,0
194532,187415,10.0,-10.0,304869729,0.0,0.17390237947361012,0,0
194532,187415,10.0,-10.0,304869730,1.0,0.17371716559178046,1,0
194532,187415,10.0,-10.0,304869731,0.0,0.009217644650650336,0,0
194532,187415,10.0,-10.0,304869732,0.0,0.0,0,0
194532,187415,10.0,-10.0,304869733,1.0,0.0018438580391614,1,0
194532,187415,10.0,10.0,304869715,0.0,0.14430138685018817,0,0
194532,187415,10.0,10.0,304869716,1.0,0.5131251726905088,1,1
194532,187415,10.0,10.0,304869717,0.0,0.0,0,0
194532,187415,10.0,10.0,304869718,1.0,1.0,1,1
194532,187415,10.0,10.0,304869719,0.0,0.6159657262846245,0,1
194532,187415,10.0,10.0,304869720,1.0,1.0,1,1
194532,187415,10.0,10.0,304869721,0.0,0.0,0,0
194532,187415,10.0,10.0,304869722,0.0,0.0,0,0
194532,187415,10.0,10.0,304869723,1.0,0.230694951347083,1,0
194532,187415,10.0,10.0,304869724,1.0,1.0,1,1
194532,187415,10.0,10.0,304869725,0.0,0.36539601110837805,0,0
194532,187415,10.0,10.0,304869726,0.0,0.2315827921341913,0,0
194532,187415,10.0,10.0,304869727,0.0,0.15314677615284125,0,0
194532,187415,10.0,10.0,304869728,0.0,0.20344862699831584,0,0
194532,187415,10.0,10.0,304869729,0.0,0.21200947693998537,0,0
194532,187415,10.0,10.0,304869730,1.0,0.2088855933242071,1,0
194532,187415,10.0,10.0,304869731,0.0,0.0,0,0
194532,187415,10.0,10.0,304869732,0.0,0.0,0,0
194532,187415,10.0,10.0,304869733,1.0,0.993905197031955,1,1
194969,207559,10.0,-10.0,392867483,0.0,0.0,0,0
194969,207559,10.0,-10.0,392867484,1.0,0.0042292030663604015,1,0
194969,207559,10.0,-10.0,392867485,0.0,0.0,0,0
194969,207559,10.0,-10.0,392867486,0.0,0.0,0,0
194969,207559,10.0,-10.0,392867487,0.0,0.0,0,0
194969,207559,10.0,-10.0,392867488,1.0,0.10146610866262515,1,0
194969,207559,10.0,-10.0,392867489,1.0,0.0015293412897834351,1,0
194969,207559,10.0,-10.0,392867490,0.0,0.011674471192676728,0,0
194969,207559,10.0,10.0,392867483,0.0,0.0,0,0
194969,207559,10.0,10.0,392867484,1.0,0.937390265658832,1,1
194969,207559,10.0,10.0,392867485,0.0,0.0,0,0
194969,207559,10.0,10.0,392867486,0.0,0.0,0,0
194969,207559,10.0,10.0,392867487,0.0,0.0,0,0
194969,207559,10.0,10.0,392867488,1.0,0.10153483685845482,1,0
194969,207559,10.0,10.0,392867489,1.0,0.030420698861311882,1,0
194969,207559,10.0,10.0,392867490,0.0,0.0037721417249622605,0,0
195214,208946,10.0,-10.0,398929191,0.0,0.14224749480774618,0,0
195214,208946,10.0,-10.0,398929192,0.0,0.0,0,0
195214,208946,10.0,-10.0,398929193,0.0,0.0,0,0
195214,208946,10.0,-10.0,398929194,0.0,0.0,0,0
195214,208946,10.0,-10.0,398929195,0.0,0.16584370284298983,0,0
195214,208946,10.0,10.0,398929191,0.0,0.17894361426242156,0,0
195214,208946,10.0,10.0,398929192,0.0,0.0,0,0
195214,208946,10.0,10.0,398929193,0.0,0.0,0,0
195214,208946,10.0,10.0,398929194,0.0,0.0,0,0
195214,208946,10.0,10.0,398929195,0.0,0.21580723360078266,0,0
196430,183658,10.0,-10.0,288130788,0.0,0.17112075159565937,0,0
196430,183658,10.0,-10.0,288130789,1.0,0.0504007976472748,1,0
196430,183658,10.0,-10.0,288130790,1.0,1.0,1,1
196430,183658,10.0,-10.0,288130791,1.0,1.0,1,1
196430,183658,10.0,-10.0,288130792,0.0,0.0,0,0
196430,183658,10.0,-10.0,288130793,1.0,1.0,1,1
196430,183658,10.0,-10.0,288130794,0.0,0.0,0,0
196430,183658,10.0,-10.0,288130795,0.0,0.0,0,0
196430,183658,10.0,-10.0,288130796,0.0,0.047262659972099184,0,0
196430,183658,10.0,-10.0,288130797,1.0,0.03661565446564635,1,0
196430,183658,10.0,10.0,288130788,0.0,0.17330783627244048,0,0
196430,183658,10.0,10.0,288130789,1.0,0.049490728828551545,1,0
196430,183658,10.0,10.0,288130790,1.0,1.0,1,1
196430,183658,10.0,10.0,288130791,1.0,1.0,1,1
196430,183658,10.0,10.0,288130792,0.0,0.0,0,0
196430,183658,10.0,10.0,288130793,1.0,1.0,1,1
196430,183658,10.0,10.0,288130794,0.0,0.0,0,0
196430,183658,10.0,10.0,288130795,0.0,0.0,0,0
196430,183658,10.0,10.0,288130796,0.0,0.048331333051005676,0,0
196430,183658,10.0,10.0,288130797,1.0,0.0008031173603966322,1,0
196562,186098,10.0,-10.0,299014785,1.0,1.0,1,1
196562,186098,10.0,-10.0,299014786,0.0,0.0,0,0
196562,186098,10.0,-10.0,299014787,0.0,0.0,0,0
196562,186098,10.0,-10.0,299014788,0.0,0.0,0,0
196562,186098,10.0,-10.0,299014789,0.0,0.0,0,0
196562,186098,10.0,-10.0,299014790,0.0,0.1661729309731461,0,0
196562,186098,10.0,-10.0,299014791,1.0,0.14764592338382027,1,0
196562,186098,10.0,10.0,299014785,1.0,1.0,1,1
196562,186098,10.0,10.0,299014786,0.0,0.0,0,0
196562,186098,10.0,10.0,299014787,0.0,0.0,0,0
196562,186098,10.0,10.0,299014788,0.0,0.0,0,0
196562,186098,10.0,10.0,299014789,0.0,0.0,0,0
196562,186098,10.0,10.0,299014790,0.0,0.23991003708313655,0,0
196562,186098,10.0,10.0,299014791,1.0,0.17552915026584134,1,0
196654,200262,10.0,-10.0,361384285,0.0,0.0,0,0
196654,200262,10.0,-10.0,361384286,0.0,0.09113635922871553,0,0
196654,200262,10.0,-10.0,361384287,1.0,0.1620605412387422,1,0
196654,200262,10.0,-10.0,361384288,0.0,0.0,0,0
196654,200262,10.0,-10.0,361384289,1.0,0.0031992433941916885,1,0
196654,200262,10.0,10.0,361384285,0.0,0.0,0,0
196654,200262,10.0,10.0,361384286,0.0,0.10930140396147847,0,0
196654,200262,10.0,10.0,361384287,1.0,0.23253890983126227,1,0
196654,200262,10.0,10.0,361384288,0.0,0.0,0,0
196654,200262,10.0,10.0,361384289,1.0,0.0006335077076041343,1,0
196734,181209,10.0,-10.0,277029414,1.0,0.19114034702231114,1,0
196734,181209,10.0,-10.0,277029415,1.0,1.0,1,1
196734,181209,10.0,-10.0,277029416,0.0,0.0,0,0
196734,181209,10.0,-10.0,277029417,0.0,0.0,0,0
196734,181209,10.0,-10.0,277029418,0.0,0.0,0,0
196734,181209,10.0,-10.0,277029419,1.0,0.10568801176494304,1,0
196734,181209,10.0,10.0,277029414,1.0,0.18814019065407797,1,0
196734,181209,10.0,10.0,277029415,1.0,1.0,1,1
196734,181209,10.0,10.0,277029416,0.0,0.0,0,0
196734,181209,10.0,10.0,277029417,0.0,0.0,0,0
196734,181209,10.0,10.0,277029418,0.0,0.0,0,0
196734,181209,10.0,10.0,277029419,1.0,0.08930099879910276,1,0
196748,180959,10.0,-10.0,275880153,1.0,0.16929820248179203,1,0
196748,180959,10.0,-10.0,275880154,1.0,0.1672010574468322,1,0
196748,180959,10.0,-10.0,275880155,1.0,0.06276993760633753,1,0
196748,180959,10.0,-10.0,275880156,1.0,0.03746318197035688,1,0
196748,180959,10.0,-10.0,275880157,0.0,0.1630904838147796,0,0
196748,180959,10.0,10.0,275880153,1.0,0.19378868357147438,1,0
196748,180959,10.0,10.0,275880154,1.0,0.1921930384722036,1,0
196748,180959,10.0,10.0,275880155,1.0,0.0791993934535937,1,0
196748,180959,10.0,10.0,275880156,1.0,0.037137026736612594,1,0
196748,180959,10.0,10.0,275880157,0.0,0.16577894177194827,0,0
197652,203951,10.0,-10.0,377158501,1.0,1.0,1,1
197652,203951,10.0,-10.0,377158502,1.0,1.0,1,1
197652,203951,10.0,-10.0,377158503,1.0,0.16717831994337712,1,0
197652,203951,10.0,-10.0,377158504,1.0,0.1632394077045653,1,0
197652,203951,10.0,-10.0,377158505,1.0,0.16023530661870097,1,0
197652,203951,10.0,-10.0,377158506,0.0,0.16342835663263647,0,0
197652,203951,10.0,-10.0,377158507,0.0,0.1632316992929327,0,0
197652,203951,10.0,10.0,377158501,1.0,1.0,1,1
197652,203951,10.0,10.0,377158502,1.0,1.0,1,1
197652,203951,10.0,10.0,377158503,1.0,0.16361373164649343,1,0
197652,203951,10.0,10.0,377158504,1.0,0.17274915094919377,1,0
197652,203951,10.0,10.0,377158505,1.0,0.21210041131558383,1,0
197652,203951,10.0,10.0,377158506,0.0,0.17635248706553427,0,0
197652,203951,10.0,10.0,377158507,0.0,0.25407697753819175,0,0
198242,189050,10.0,-10.0,312390449,0.0,0.17088963966699702,0,0
198242,189050,10.0,-10.0,312390450,0.0,0.17341122268779283,0,0
198242,189050,10.0,-10.0,312390451,1.0,1.0,1,1
198242,189050,10.0,-10.0,312390452,0.0,0.0,0,0
198242,189050,10.0,10.0,312390449,0.0,0.2454864927855295,0,0
198242,189050,10.0,10.0,312390450,0.0,0.24100261126665753,0,0
198242,189050,10.0,10.0,312390451,1.0,1.0,1,1
198242,189050,10.0,10.0,312390452,0.0,0.0,0,0
198864,197551,10.0,-10.0,349771028,0.0,0.14528754914304276,0,0
198864,197551,10.0,-10.0,349771029,0.0,0.12054398157855829,0,0
198864,197551,10.0,-10.0,349771030,0.0,0.14999772195634128,0,0
198864,197551,10.0,-10.0,349771031,1.0,0.15957848505473762,1,0
198864,197551,10.0,-10.0,349771032,0.0,0.0,0,0
198864,197551,10.0,10.0,349771028,0.0,0.19334527897565318,0,0
198864,197551,10.0,10.0,349771029,0.0,0.138973104955252,0,0
198864,197551,10.0,10.0,349771030,0.0,0.16454480107807698,0,0
198864,197551,10.0,10.0,349771031,1.0,0.1795434409639909,1,0
198864,197551,10.0,10.0,349771032,0.0,0.0,0,0
198910,188914,10.0,-10.0,311785109,0.0,0.0,0,0
198910,188914,10.0,-10.0,311785110,0.0,0.0,0,0
198910,188914,10.0,-10.0,311785111,0.0,0.16634022502521326,0,0
198910,188914,10.0,-10.0,311785112,1.0,0.9941145808582337,1,1
198910,188914,10.0,-10.0,311785113,0.0,0.0,0,0
198910,188914,10.0,-10.0,311785114,0.0,0.16284726599523555,0,0
198910,188914,10.0,-10.0,311785115,0.0,0.16538428408802902,0,0
198910,188914,10.0,-10.0,311785116,0.0,0.16582284151581075,0,0
198910,188914,10.0,-10.0,311785117,1.0,0.16600539609540663,1,0
198910,188914,10.0,-10.0,311785118,0.0,0.16603664283959124,0,0
198910,188914,10.0,10.0,311785109,0.0,0.0,0,0
198910,188914,10.0,10.0,311785110,0.0,0.0,0,0
198910,188914,10.0,10.0,311785111,0.0,0.19532427776636702,0,0
198910,188914,10.0,10.0,311785112,1.0,0.9922735450232553,1,1
198910,188914,10.0,10.0,311785113,0.0,0.0,0,0
198910,188914,10.0,10.0,311785114,0.0,0.19088029921192645,0,0
198910,188914,10.0,10.0,311785115,0.0,0.17653454749126,0,0
198910,188914,10.0,10.0,311785116,0.0,0.18978734605558692,0,0
198910,188914,10.0,10.0,311785117,1.0,0.18309442840214907,1,0
198910,188914,10.0,10.0,311785118,0.0,0.22544537860555555,0,0
199365,195486,10.0,-10.0,340878371,0.0,0.14234539448600314,0,0
199365,195486,10.0,-10.0,340878372,1.0,0.1660226510129491,1,0
199365,195486,10.0,-10.0,340878373,0.0,0.0,0,0
199365,195486,10.0,-10.0,340878374,1.0,1.0,1,1
199365,195486,10.0,10.0,340878371,0.0,0.1740896434096661,0,0
199365,195486,10.0,10.0,340878372,1.0,0.25665804674617115,1,0
199365,195486,10.0,10.0,340878373,0.0,0.0,0,0
199365,195486,10.0,10.0,340878374,1.0,1.0,1,1
199521,190468,10.0,-10.0,318698945,0.0,0.16668909553356714,0,0
199521,190468,10.0,-10.0,318698946,1.0,1.0,1,1
199521,190468,10.0,-10.0,318698947,1.0,0.0010771429249801171,1,0
199521,190468,10.0,-10.0,318698948,0.0,0.16690586401432692,0,0
199521,190468,10.0,-10.0,318698949,0.0,0.14525761122543587,0,0
199521,190468,10.0,-10.0,318698950,1.0,0.16619675269386514,1,0
199521,190468,10.0,10.0,318698945,0.0,0.18611161352638456,0,0
199521,190468,10.0,10.0,318698946,1.0,1.0,1,1
199521,190468,10.0,10.0,318698947,1.0,1.0,1,1
199521,190468,10.0,10.0,318698948,0.0,0.23997424391748193,0,0
199521,190468,10.0,10.0,318698949,0.0,0.7879932498365967,0,1
199521,190468,10.0,10.0,318698950,1.0,0.2362133370844756,1,0
199599,194835,10.0,-10.0,338148740,0.0,0.0,0,0
199599,194835,10.0,-10.0,338148741,1.0,0.17368753159060615,1,0
199599,194835,10.0,-10.0,338148742,1.0,0.17491884332072788,1,0
199599,194835,10.0,-10.0,338148743,0.0,0.1747015806811151,0,0
199599,194835,10.0,-10.0,338148744,0.0,0.029667854301612267,0,0
199599,194835,10.0,-10.0,338148745,0.0,0.17450511976967467,0,0
199599,194835,10.0,-10.0,338148746,1.0,0.1846695323823761,1,0
199599,194835,10.0,-10.0,338148747,1.0,1.0,1,1
199599,194835,10.0,-10.0,338148748,1.0,0.9737310243768009,1,1
199599,194835,10.0,10.0,338148740,0.0,0.0,0,0
199599,194835,10.0,10.0,338148741,1.0,0.18489626183493432,1,0
199599,194835,10.0,10.0,338148742,1.0,0.25346332353141054,1,0
199599,194835,10.0,10.0,338148743,0.0,0.5711161330513701,0,1
199599,194835,10.0,10.0,338148744,0.0,0.028150603978643163,0,0
199599,194835,10.0,10.0,338148745,0.0,0.20098720227440942,0,0
199599,194835,10.0,10.0,338148746,1.0,0.2290290549115515,1,0
199599,194835,10.0,10.0,338148747,1.0,1.0,1,1
199599,194835,10.0,10.0,338148748,1.0,1.0,1,1
199879,192945,10.0,-10.0,329806872,0.0,0.0,0,0
199879,192945,10.0,-10.0,329806873,0.0,0.0,0,0
199879,192945,10.0,-10.0,329806874,0.0,0.0,0,0
199879,192945,10.0,-10.0,329806875,0.0,0.17333276358738933,0,0
199879,192945,10.0,-10.0,329806876,0.0,0.016694288779056914,0,0
199879,192945,10.0,-10.0,329806877,0.0,0.0,0,0
199879,192945,10.0,-10.0,329806878,1.0,0.17945549921876267,1,0
199879,192945,10.0,-10.0,329806879,0.0,0.12485067166687491,0,0
199879,192945,10.0,-10.0,329806880,0.0,0.049519032642740296,0,0
199879,192945,10.0,-10.0,329806881,0.0,0.16817055771886705,0,0
199879,192945,10.0,-10.0,329806882,0.0,0.0,0,0
199879,192945,10.0,10.0,329806872,0.0,0.0,0,0
199879,192945,10.0,10.0,329806873,0.0,0.0,0,0
199879,192945,10.0,10.0,329806874,0.0,0.0,0,0
199879,192945,10.0,10.0,329806875,0.0,0.1979076720818995,0,0
199879,192945,10.0,10.0,329806876,0.0,0.010979198824086718,0,0
199879,192945,10.0,10.0,329806877,0.0,0.0,0,0
199879,192945,10.0,10.0,329806878,1.0,0.23138618005657963,1,0
199879,192945,10.0,10.0,329806879,0.0,0.1285542817660986,0,0
199879,192945,10.0,10.0,329806880,0.0,0.05199099134147211,0,0
199879,192945,10.0,10.0,329806881,0.0,0.1937525663807304,0,0
199879,192945,10.0,10.0,329806882,0.0,0.0,0,0
199932,195364,10.0,-10.0,340396764,0.0,0.0,0,0
199932,195364,10.0,-10.0,340396765,0.0,0.0,0,0
199932,195364,10.0,-10.0,340396766,0.0,0.01362193695001901,0,0
199932,195364,10.0,-10.0,340396767,0.0,0.15800449473703077,0,0
199932,195364,10.0,-10.0,340396768,0.0,0.1615360383217973,0,0
199932,195364,10.0,-10.0,340396769,0.0,0.16677664419514687,0,0
199932,195364,10.0,10.0,340396764,0.0,0.0,0,0
199932,195364,10.0,10.0,340396765,0.0,0.0,0,0
199932,195364,10.0,10.0,340396766,0.0,0.015881029443289535,0,0
199932,195364,10.0,10.0,340396767,0.0,0.18758522215563822,0,0
199932,195364,10.0,10.0,340396768,0.0,0.18873502991901334,0,0
199932,195364,10.0,10.0,340396769,0.0,0.14796428417295507,0,0
200132,185914,10.0,-10.0,298186394,0.0,0.0,0,0
200132,185914,10.0,-10.0,298186395,0.0,0.0,0,0
200132,185914,10.0,-10.0,298186396,0.0,0.0,0,0
200132,185914,10.0,-10.0,298186397,0.0,0.0,0,0
200132,185914,10.0,-10.0,298186398,0.0,0.0,0,0
200132,185914,10.0,-10.0,298186399,0.0,0.0,0,0
200132,185914,10.0,10.0,298186394,0.0,0.0,0,0
200132,185914,10.0,10.0,298186395,0.0,0.0,0,0
200132,185914,10.0,10.0,298186396,0.0,0.0,0,0
200132,185914,10.0,10.0,298186397,0.0,0.0,0,0
200132,185914,10.0,10.0,298186398,0.0,0.0,0,0
200132,185914,10.0,10.0,298186399,0.0,0.0,0,0
200462,204393,10.0,-10.0,379071282,1.0,0.1581093564833861,1,0
200462,204393,10.0,-10.0,379071283,0.0,0.0,0,0
200462,204393,10.0,-10.0,379071284,0.0,0.17055582322838903,0,0
200462,204393,10.0,-10.0,379071285,0.0,0.163396589640288,0,0
200462,204393,10.0,-10.0,379071286,1.0,0.16347696644046586,1,0
200462,204393,10.0,-10.0,379071287,0.0,0.0,0,0
200462,204393,10.0,-10.0,379071288,0.0,0.16815298956500635,0,0
200462,204393,10.0,10.0,379071282,1.0,0.2444074781665047,1,0
200462,204393,10.0,10.0,379071283,0.0,0.0,0,0
200462,204393,10.0,10.0,379071284,0.0,0.21261612432078392,0,0
200462,204393,10.0,10.0,379071285,0.0,0.1735791679759877,0,0
200462,204393,10.0,10.0,379071286,1.0,0.13872499563249696,1,0
200462,204393,10.0,10.0,379071287,0.0,0.0,0,0
200462,204393,10.0,10.0,379071288,0.0,0.19062359813604876,0,0
200586,209048,10.0,-10.0,399350139,1.0,1.0,1,1
200586,209048,10.0,-10.0,399350140,1.0,0.1551930146062965,1,0
200586,209048,10.0,-10.0,399350141,0.0,0.14933773820076135,0,0
200586,209048,10.0,-10.0,399350142,0.0,0.0,0,0
200586,209048,10.0,10.0,399350139,1.0,1.0,1,1
200586,209048,10.0,10.0,399350140,1.0,0.20377307573087247,1,0
200586,209048,10.0,10.0,399350141,0.0,0.1926790734132438,0,0
200586,209048,10.0,10.0,399350142,0.0,0.0,0,0
201258,187071,10.0,-10.0,303340037,0.0,0.0,0,0
201258,187071,10.0,-10.0,303340038,1.0,1.0,1,1
201258,187071,10.0,-10.0,303340039,0.0,0.0,0,0
201258,187071,10.0,-10.0,303340040,0.0,0.10694339281096553,0,0
201258,187071,10.0,-10.0,303340041,0.0,0.0,0,0
201258,187071,10.0,10.0,303340037,0.0,0.0,0,0
201258,187071,10.0,10.0,303340038,1.0,1.0,1,1
201258,187071,10.0,10.0,303340039,0.0,0.0,0,0
201258,187071,10.0,10.0,303340040,0.0,0.1199949622866486,0,0
201258,187071,10.0,10.0,303340041,0.0,0.0,0,0
201281,199420,10.0,-10.0,357684155,0.0,0.03385029860724066,0,0
201281,199420,10.0,-10.0,357684156,1.0,0.005277097486496131,1,0
201281,199420,10.0,-10.0,357684157,1.0,0.15043231919179437,1,0
201281,199420,10.0,-10.0,357684158,1.0,1.0,1,1
201281,199420,10.0,-10.0,357684159,0.0,0.0,0,0
201281,199420,10.0,-10.0,357684160,1.0,1.0,1,1
201281,199420,10.0,-10.0,357684161,0.0,0.0,0,0
201281,199420,10.0,-10.0,357684162,1.0,0.1718640367466937,1,0
201281,199420,10.0,-10.0,357684163,1.0,1.0,1,1
201281,199420,10.0,-10.0,357684164,1.0,0.018536793318737244,1,0
201281,199420,10.0,10.0,357684155,0.0,0.0334166069381141,0,0
201281,199420,10.0,10.0,357684156,1.0,0.00371320578724142,1,0
201281,199420,10.0,10.0,357684157,1.0,0.17400287549111645,1,0
201281,199420,10.0,10.0,357684158,1.0,1.0,1,1
201281,199420,10.0,10.0,357684159,0.0,0.0,0,0
201281,199420,10.0,10.0,357684160,1.0,1.0,1,1
201281,199420,10.0,10.0,357684161,0.0,0.0,0,0
201281,199420,10.0,10.0,357684162,1.0,0.17786701451898088,1,0
201281,199420,10.0,10.0,357684163,1.0,1.0,1,1
201281,199420,10.0,10.0,357684164,1.0,0.08126121456274582,1,0
201521,209101,10.0,-10.0,399576194,0.0,0.0,0,0
201521,209101,10.0,-10.0,399576195,1.0,0.1631605284831109,1,0
201521,209101,10.0,-10.0,399576196,0.0,0.16293379490456045,0,0
201521,209101,10.0,-10.0,399576197,0.0,0.16253979387920084,0,0
201521,209101,10.0,-10.0,399576198,0.0,0.016602070902053134,0,0
201521,209101,10.0,10.0,399576194,0.0,0.0,0,0
201521,209101,10.0,10.0,399576195,1.0,0.18166081102025985,1,0
201521,209101,10.0,10.0,399576196,0.0,0.20451964367349207,0,0
201521,209101,10.0,10.0,399576197,0.0,0.18603829803525537,0,0
201521,209101,10.0,10.0,399576198,0.0,0.01479234760197483,0,0
202328,190143,10.0,-10.0,317243675,0.0,0.13734670587910497,0,0
202328,190143,10.0,-10.0,317243676,1.0,0.10952289686821723,1,0
202328,190143,10.0,-10.0,317243677,0.0,0.044171659944355554,0,0
202328,190143,10.0,-10.0,317243678,1.0,1.0,1,1
202328,190143,10.0,-10.0,317243679,1.0,1.0,1,1
202328,190143,10.0,10.0,317243675,0.0,0.1405920221236828,0,0
202328,190143,10.0,10.0,317243676,1.0,0.10433136390024277,1,0
202328,190143,10.0,10.0,317243677,0.0,0.044718976128230906,0,0
202328,190143,10.0,10.0,317243678,1.0,1.0,1,1
202328,190143,10.0,10.0,317243679,1.0,1.0,1,1
202571,195398,10.0,-10.0,340531992,1.0,1.0,1,1
202571,195398,10.0,-10.0,340531993,0.0,0.151102591643545,0,0
202571,195398,10.0,-10.0,340531994,0.0,0.019726958428708617,0,0
202571,195398,10.0,-10.0,340531995,0.0,0.0,0,0
202571,195398,10.0,-10.0,340531996,0.0,0.0,0,0
202571,195398,10.0,10.0,340531992,1.0,1.0,1,1
202571,195398,10.0,10.0,340531993,0.0,0.3102383187063554,0,0
202571,195398,10.0,10.0,340531994,0.0,0.011988042948825297,0,0
202571,195398,10.0,10.0,340531995,0.0,0.0,0,0
202571,195398,10.0,10.0,340531996,0.0,0.0,0,0
203038,207594,10.0,-10.0,393009527,0.0,0.16746736614137672,0,0
203038,207594,10.0,-10.0,393009528,0.0,0.14970442837281647,0,0
203038,207594,10.0,-10.0,393009529,1.0,1.0,1,1
203038,207594,10.0,-10.0,393009530,0.0,0.0,0,0
203038,207594,10.0,-10.0,393009531,0.0,0.0,0,0
203038,207594,10.0,-10.0,393009532,0.0,0.12373103159237332,0,0
203038,207594,10.0,-10.0,393009533,0.0,0.0,0,0
203038,207594,10.0,-10.0,393009534,0.0,0.0,0,0
203038,207594,10.0,-10.0,393009535,0.0,0.17028783248428161,0,0
203038,207594,10.0,-10.0,393009536,1.0,0.10967269848887139,1,0
203038,207594,10.0,-10.0,393009537,0.0,0.0,0,0
203038,207594,10.0,-10.0,393009538,0.0,0.0,0,0
203038,207594,10.0,-10.0,393009539,0.0,0.1685308363438396,0,0
203038,207594,10.0,-10.0,393009540,0.0,0.0,0,0
203038,207594,10.0,-10.0,393009541,0.0,0.1678137256548967,0,0
203038,207594,10.0,10.0,393009527,0.0,0.17771433244683538,0,0
203038,207594,10.0,10.0,393009528,0.0,0.1991865182919294,0,0
203038,207594,10.0,10.0,393009529,1.0,1.0,1,1
203038,207594,10.0,10.0,393009530,0.0,0.0,0,0
203038,207594,10.0,10.0,393009531,0.0,0.0,0,0
203038,207594,10.0,10.0,393009532,0.0,0.15539832774959145,0,0
203038,207594,10.0,10.0,393009533,0.0,0.0,0,0
203038,207594,10.0,10.0,393009534,0.0,0.0,0,0
203038,207594,10.0,10.0,393009535,0.0,0.19874005842887243,0,0
203038,207594,10.0,10.0,393009536,1.0,0.007917067452194311,1,0
203038,207594,10.0,10.0,393009537,0.0,0.0,0,0
203038,207594,10.0,10.0,393009538,0.0,0.0,0,0
203038,207594,10.0,10.0,393009539,0.0,0.18482072622371776,0,0
203038,207594,10.0,10.0,393009540,0.0,0.0,0,0
203038,207594,10.0,10.0,393009541,0.0,0.16835642875010565,0,0
203171,197644,10.0,-10.0,350164833,1.0,1.0,1,1
203171,197644,10.0,-10.0,350164834,0.0,0.17342608716404906,0,0
203171,197644,10.0,-10.0,350164835,0.0,0.17101750338538452,0,0
203171,197644,10.0,10.0,350164833,1.0,1.0,1,1
203171,197644,10.0,10.0,350164834,0.0,0.24891668614114387,0,0
203171,197644,10.0,10.0,350164835,0.0,0.21207651817549014,0,0
203300,206195,10.0,-10.0,386881448,0.0,0.0,0,0
203300,206195,10.0,-10.0,386881449,1.0,1.0,1,1
203300,206195,10.0,-10.0,386881450,1.0,1.0,1,1
203300,206195,10.0,-10.0,386881451,1.0,1.0,1,1
203300,206195,10.0,-10.0,386881452,0.0,0.0,0,0
203300,206195,10.0,10.0,386881448,0.0,0.0,0,0
203300,206195,10.0,10.0,386881449,1.0,1.0,1,1
203300,206195,10.0,10.0,386881450,1.0,1.0,1,1
203300,206195,10.0,10.0,386881451,1.0,1.0,1,1
203300,206195,10.0,10.0,386881452,0.0,0.0,0,0
203710,206592,10.0,-10.0,388649882,0.0,0.16733014255169687,0,0
203710,206592,10.0,-10.0,388649883,1.0,1.0,1,1
203710,206592,10.0,-10.0,388649884,0.0,0.0,0,0
203710,206592,10.0,-10.0,388649885,1.0,1.0,1,1
203710,206592,10.0,-10.0,388649886,1.0,1.0,1,1
203710,206592,10.0,-10.0,388649887,1.0,1.0,1,1
203710,206592,10.0,-10.0,388649888,0.0,0.0,0,0
203710,206592,10.0,-10.0,388649889,0.0,0.0,0,0
203710,206592,10.0,10.0,388649882,0.0,0.22262647169622857,0,0
203710,206592,10.0,10.0,388649883,1.0,1.0,1,1
203710,206592,10.0,10.0,388649884,0.0,0.0,0,0
203710,206592,10.0,10.0,388649885,1.0,1.0,1,1
203710,206592,10.0,10.0,388649886,1.0,1.0,1,1
203710,206592,10.0,10.0,388649887,1.0,1.0,1,1
203710,206592,10.0,10.0,388649888,0.0,0.0,0,0
203710,206592,10.0,10.0,388649889,0.0,0.0,0,0
203919,187736,10.0,-10.0,306312629,1.0,0.0411236471435213,1,0
203919,187736,10.0,-10.0,306312630,1.0,1.0,1,1
203919,187736,10.0,-10.0,306312631,0.0,0.17136265709364282,0,0
203919,187736,10.0,-10.0,306312632,1.0,0.16556130547396153,1,0
203919,187736,10.0,-10.0,306312633,1.0,0.16775700118056058,1,0
203919,187736,10.0,-10.0,306312634,0.0,0.17284983593553516,0,0
203919,187736,10.0,10.0,306312629,1.0,0.040980537543750924,1,0
203919,187736,10.0,10.0,306312630,1.0,1.0,1,1
203919,187736,10.0,10.0,306312631,0.0,0.18812836509621392,0,0
203919,187736,10.0,10.0,306312632,1.0,0.21192502445882536,1,0
203919,187736,10.0,10.0,306312633,1.0,0.1837379294474954,1,0
203919,187736,10.0,10.0,306312634,0.0,0.20437224674483215,0,0
203964,196350,10.0,-10.0,344604330,0.0,0.0,0,0
203964,196350,10.0,-10.0,344604331,0.0,0.0,0,0
203964,196350,10.0,-10.0,344604332,1.0,0.16394562373822655,1,0
203964,196350,10.0,-10.0,344604333,1.0,0.003757106256594943,1,0
203964,196350,10.0,-10.0,344604334,0.0,0.0,0,0
203964,196350,10.0,-10.0,344604335,0.0,0.0,0,0
203964,196350,10.0,-10.0,344604336,0.0,0.178184973533842,0,0
203964,196350,10.0,-10.0,344604337,0.0,0.012975143321542497,0,0
203964,196350,10.0,10.0,344604330,0.0,0.0,0,0
203964,196350,10.0,10.0,344604331,0.0,0.0,0,0
203964,196350,10.0,10.0,344604332,1.0,0.2724756393257475,1,0
203964,196350,10.0,10.0,344604333,1.0,1.0,1,1
203964,196350,10.0,10.0,344604334,0.0,0.0,0,0
203964,196350,10.0,10.0,344604335,0.0,0.0,0,0
203964,196350,10.0,10.0,344604336,0.0,0.17711061064668085,0,0
203964,196350,10.0,10.0,344604337,0.0,0.0007336401323783714,0,0
204120,188861,10.0,-10.0,311545968,1.0,0.17311628896557013,1,0
204120,188861,10.0,-10.0,311545969,1.0,0.17360924809799536,1,0
204120,188861,10.0,-10.0,311545970,0.0,0.0,0,0
204120,188861,10.0,-10.0,311545971,0.0,0.0,0,0
204120,188861,10.0,10.0,311545968,1.0,0.22791279794450514,1,0
204120,188861,10.0,10.0,311545969,1.0,0.20410581648812,1,0
204120,188861,10.0,10.0,311545970,0.0,0.0,0,0
204120,188861,10.0,10.0,311545971,0.0,0.0,0,0
204194,205064,10.0,-10.0,381997066,0.0,0.16635792886305392,0,0
204194,205064,10.0,-10.0,381997067,0.0,0.0,0,0
204194,205064,10.0,-10.0,381997068,1.0,1.0,1,1
204194,205064,10.0,-10.0,381997069,0.0,0.0,0,0
204194,205064,10.0,-10.0,381997070,0.0,0.0,0,0
204194,205064,10.0,-10.0,381997071,0.0,0.16696665331646052,0,0
204194,205064,10.0,10.0,381997066,0.0,0.28445198982898456,0,0
204194,205064,10.0,10.0,381997067,0.0,0.0,0,0
204194,205064,10.0,10.0,381997068,1.0,1.0,1,1
204194,205064,10.0,10.0,381997069,0.0,0.0,0,0
204194,205064,10.0,10.0,381997070,0.0,0.0,0,0
204194,205064,10.0,10.0,381997071,0.0,0.1954288273755196,0,0
204883,200512,10.0,-10.0,362493506,1.0,0.16649546436916768,1,0
204883,200512,10.0,-10.0,362493507,0.0,0.14126663485127733,0,0
204883,200512,10.0,-10.0,362493508,0.0,0.0,0,0
204883,200512,10.0,-10.0,362493509,0.0,0.0,0,0
204883,200512,10.0,-10.0,362493510,0.0,0.0,0,0
204883,200512,10.0,-10.0,362493511,1.0,1.0,1,1
204883,200512,10.0,-10.0,362493512,0.0,0.0,0,0
204883,200512,10.0,-10.0,362493513,0.0,0.0,0,0
204883,200512,10.0,-10.0,362493514,0.0,0.0,0,0
204883,200512,10.0,-10.0,362493515,1.0,0.16788312888143492,1,0
204883,200512,10.0,-10.0,362493516,1.0,0.1676609692894459,1,0
204883,200512,10.0,-10.0,362493517,1.0,1.0,1,1
204883,200512,10.0,-10.0,362493518,0.0,0.10563428523999942,0,0
204883,200512,10.0,-10.0,362493519,0.0,0.12642918343631968,0,0
204883,200512,10.0,10.0,362493506,1.0,0.21006748036285477,1,0
204883,200512,10.0,10.0,362493507,0.0,0.09197953841005246,0,0
204883,200512,10.0,10.0,362493508,0.0,0.0,0,0
204883,200512,10.0,10.0,362493509,0.0,0.0,0,0
204883,200512,10.0,10.0,362493510,0.0,0.0,0,0
204883,200512,10.0,10.0,362493511,1.0,1.0,1,1
204883,200512,10.0,10.0,362493512,0.0,0.0,0,0
204883,200512,10.0,10.0,362493513,0.0,0.0,0,0
204883,200512,10.0,10.0,362493514,0.0,0.0,0,0
204883,200512,10.0,10.0,362493515,1.0,0.177507943293923,1,0
204883,200512,10.0,10.0,362493516,1.0,0.2059769600747958,1,0
204883,200512,10.0,10.0,362493517,1.0,1.0,1,1
204883,200512,10.0,10.0,362493518,0.0,0.1367863288094594,0,0
204883,200512,10.0,10.0,362493519,0.0,0.14252389320398953,0,0
205300,191467,10.0,-10.0,323184890,0.0,0.0,0,0
205300,191467,10.0,-10.0,323184891,0.0,0.0,0,0
205300,191467,10.0,-10.0,323184892,1.0,1.0,1,1
205300,191467,10.0,-10.0,323184893,1.0,1.0,1,1
205300,191467,10.0,-10.0,323184894,0.0,0.0,0,0
205300,191467,10.0,-10.0,323184895,0.0,0.0,0,0
205300,191467,10.0,-10.0,323184896,0.0,0.0,0,0
205300,191467,10.0,-10.0,323184897,1.0,0.05119544839595264,1,0
205300,191467,10.0,10.0,323184890,0.0,0.0,0,0
205300,191467,10.0,10.0,323184891,0.0,0.0,0,0
205300,191467,10.0,10.0,323184892,1.0,1.0,1,1
205300,191467,10.0,10.0,323184893,1.0,1.0,1,1
205300,191467,10.0,10.0,323184894,0.0,0.0,0,0
205300,191467,10.0,10.0,323184895,0.0,0.0,0,0
205300,191467,10.0,10.0,323184896,0.0,0.0,0,0
205300,191467,10.0,10.0,323184897,1.0,0.052177485797269135,1,0
205327,192314,10.0,-10.0,326955987,0.0,0.0,0,0
205327,192314,10.0,-10.0,326955988,1.0,1.0,1,1
205327,192314,10.0,-10.0,326955989,0.0,0.0,0,0
205327,192314,10.0,-10.0,326955990,0.0,0.0,0,0
205327,192314,10.0,-10.0,326955991,1.0,1.0,1,1
205327,192314,10.0,10.0,326955987,0.0,0.0,0,0
205327,192314,10.0,10.0,326955988,1.0,1.0,1,1
205327,192314,10.0,10.0,326955989,0.0,0.0,0,0
205327,192314,10.0,10.0,326955990,0.0,0.0,0,0
205327,192314,10.0,10.0,326955991,1.0,1.0,1,1
205559,199162,10.0,-10.0,356546100,1.0,1.0,1,1
205559,199162,10.0,-10.0,356546101,1.0,1.0,1,1
205559,199162,10.0,-10.0,356546102,0.0,0.0,0,0
205559,199162,10.0,-10.0,356546103,1.0,1.0,1,1
205559,199162,10.0,-10.0,356546104,0.0,0.13555454251926494,0,0
205559,199162,10.0,-10.0,356546105,0.0,0.23639765342891164,0,0
205559,199162,10.0,-10.0,356546106,1.0,1.0,1,1
205559,199162,10.0,-10.0,356546107,1.0,1.0,1,1
205559,199162,10.0,10.0,356546100,1.0,0.9754026659775717,1,1
205559,199162,10.0,10.0,356546101,1.0,0.932141488246572,1,1
205559,199162,10.0,10.0,356546102,0.0,0.0,0,0
205559,199162,10.0,10.0,356546103,1.0,0.03788209963035434,1,0
205559,199162,10.0,10.0,356546104,0.0,0.1550173334592622,0,0
205559,199162,10.0,10.0,356546105,0.0,0.6695468483561586,0,1
205559,199162,10.0,10.0,356546106,1.0,1.0,1,1
205559,199162,10.0,10.0,356546107,1.0,1.0,1,1
205643,189193,10.0,-10.0,313023925,0.0,0.16964455076847273,0,0
205643,189193,10.0,-10.0,313023926,1.0,0.15811345839364485,1,0
205643,189193,10.0,-10.0,313023927,1.0,0.17096776723313625,1,0
205643,189193,10.0,-10.0,313023928,0.0,0.15810258563946952,0,0
205643,189193,10.0,-10.0,313023929,1.0,0.156106745774181,1,0
205643,189193,10.0,-10.0,313023930,1.0,0.1676579869561492,1,0
205643,189193,10.0,-10.0,313023931,0.0,0.16744544924857332,0,0
205643,189193,10.0,-10.0,313023932,1.0,0.16530123609434838,1,0
205643,189193,10.0,-10.0,313023933,0.0,0.16559177562734095,0,0
205643,189193,10.0,-10.0,313023934,1.0,0.17466316380658292,1,0
205643,189193,10.0,-10.0,313023935,1.0,0.15871513475218352,1,0
205643,189193,10.0,-10.0,313023936,0.0,0.1812661253761515,0,0
205643,189193,10.0,10.0,313023925,0.0,0.1679633711661162,0,0
205643,189193,10.0,10.0,313023926,1.0,0.1401228843373934,1,0
205643,189193,10.0,10.0,313023927,1.0,0.17549024826202717,1,0
205643,189193,10.0,10.0,313023928,0.0,0.136296887035663,0,0
205643,189193,10.0,10.0,313023929,1.0,0.16151829187146763,1,0
205643,189193,10.0,10.0,313023930,1.0,0.26982220613649416,1,0
205643,189193,10.0,10.0,313023931,0.0,0.23670529906905657,0,0
205643,189193,10.0,10.0,313023932,1.0,0.1758773070374025,1,0
205643,189193,10.0,10.0,313023933,0.0,0.1648215117212214,0,0
205643,189193,10.0,10.0,313023934,1.0,0.40918849239929916,1,0
205643,189193,10.0,10.0,313023935,1.0,0.26029488695445796,1,0
205643,189193,10.0,10.0,313023936,0.0,0.9589947517307473,0,1
206314,189443,10.0,-10.0,314153239,1.0,0.16664690061698895,1,0
206314,189443,10.0,-10.0,314153240,0.0,0.1676696351174733,0,0
206314,189443,10.0,-10.0,314153241,0.0,0.018578399885974043,0,0
206314,189443,10.0,-10.0,314153242,0.0,0.01980378797437804,0,0
206314,189443,10.0,-10.0,314153243,0.0,0.06383840919724486,0,0
206314,189443,10.0,-10.0,314153244,0.0,0.0672384729055793,0,0
206314,189443,10.0,-10.0,314153245,0.0,0.16319761838015578,0,0
206314,189443,10.0,-10.0,314153246,1.0,0.1807702207375453,1,0
206314,189443,10.0,-10.0,314153247,1.0,0.0006222097716867538,1,0
206314,189443,10.0,-10.0,314153248,0.0,0.0,0,0
206314,189443,10.0,-10.0,314153249,0.0,0.16735042992147323,0,0
206314,189443,10.0,-10.0,314153250,0.0,0.1760198330407557,0,0
206314,189443,10.0,10.0,314153239,1.0,0.17616780448979938,1,0
206314,189443,10.0,10.0,314153240,0.0,0.16597985022098613,0,0
206314,189443,10.0,10.0,314153241,0.0,0.014952625212100104,0,0
206314,189443,10.0,10.0,314153242,0.0,0.015044744290291722,0,0
206314,189443,10.0,10.0,314153243,0.0,0.07690016143463799,0,0
206314,189443,10.0,10.0,314153244,0.0,0.11567442337359873,0,0
206314,189443,10.0,10.0,314153245,0.0,0.5493648578857061,0,1
206314,189443,10.0,10.0,314153246,1.0,0.20531410755539423,1,0
206314,189443,10.0,10.0,314153247,1.0,0.0030578554272664574,1,0
206314,189443,10.0,10.0,314153248,0.0,0.0,0,0
206314,189443,10.0,10.0,314153249,0.0,0.13896326350922422,0,0
206314,189443,10.0,10.0,314153250,0.0,0.19226078705718772,0,0
206930,184305,10.0,-10.0,291008236,0.0,0.15752293117185887,0,0
206930,184305,10.0,-10.0,291008237,1.0,0.15339168184672444,1,0
206930,184305,10.0,-10.0,291008238,0.0,0.15614781310243078,0,0
206930,184305,10.0,-10.0,291008239,0.0,0.0,0,0
206930,184305,10.0,-10.0,291008240,1.0,0.15974905722145158,1,0
206930,184305,10.0,-10.0,291008241,0.0,0.15757765990321945,0,0
206930,184305,10.0,10.0,291008236,0.0,0.2331199683156191,0,0
206930,184305,10.0,10.0,291008237,1.0,0.14949214111724915,1,0
206930,184305,10.0,10.0,291008238,0.0,0.1812954309588325,0,0
206930,184305,10.0,10.0,291008239,0.0,0.0,0,0
206930,184305,10.0,10.0,291008240,1.0,0.17100378475536993,1,0
206930,184305,10.0,10.0,291008241,0.0,0.182378426359585,0,0
207423,186224,10.0,-10.0,299584329,0.0,0.19356501915626148,0,0
207423,186224,10.0,-10.0,299584330,0.0,0.0,0,0
207423,186224,10.0,-10.0,299584331,1.0,0.13607562040386031,1,0
207423,186224,10.0,-10.0,299584332,0.0,0.18823432660250025,0,0
207423,186224,10.0,10.0,299584329,0.0,0.29013244296767715,0,0
207423,186224,10.0,10.0,299584330,0.0,0.0,0,0
207423,186224,10.0,10.0,299584331,1.0,0.16932116467195327,1,0
207423,186224,10.0,10.0,299584332,0.0,0.23366730361769739,0,0
207475,192618,10.0,-10.0,328327399,0.0,0.0,0,0
207475,192618,10.0,-10.0,328327400,1.0,0.002366262212890239,1,0
207475,192618,10.0,-10.0,328327401,0.0,0.0,0,0
207475,192618,10.0,-10.0,328327402,0.0,0.0,0,0
207475,192618,10.0,-10.0,328327403,0.0,0.1598398853251763,0,0
207475,192618,10.0,10.0,328327399,0.0,0.0,0,0
207475,192618,10.0,10.0,328327400,1.0,1.0,1,1
207475,192618,10.0,10.0,328327401,0.0,0.0,0,0
207475,192618,10.0,10.0,328327402,0.0,0.0,0,0
207475,192618,10.0,10.0,328327403,0.0,0.20196481098469732,0,0
207836,184831,10.0,-10.0,293301102,0.0,0.0,0,0
207836,184831,10.0,-10.0,293301103,1.0,0.15239639906877092,1,0
207836,184831,10.0,-10.0,293301104,0.0,0.15641728977286729,0,0
207836,184831,10.0,-10.0,293301105,1.0,1.0,1,1
207836,184831,10.0,10.0,293301102,0.0,0.0,0,0
207836,184831,10.0,10.0,293301103,1.0,0.16879135673271456,1,0
207836,184831,10.0,10.0,293301104,0.0,0.17303219283149876,0,0
207836,184831,10.0,10.0,293301105,1.0,1.0,1,1
208093,203811,10.0,-10.0,376580872,0.0,0.16816437169890644,0,0
208093,203811,10.0,-10.0,376580873,0.0,0.0,0,0
208093,203811,10.0,-10.0,376580874,0.0,0.0,0,0
208093,203811,10.0,-10.0,376580875,0.0,0.0,0,0
208093,203811,10.0,-10.0,376580876,0.0,0.0,0,0
208093,203811,10.0,-10.0,376580877,1.0,1.0,1,1
208093,203811,10.0,10.0,376580872,0.0,0.18465463655092199,0,0
208093,203811,10.0,10.0,376580873,0.0,0.0,0,0
208093,203811,10.0,10.0,376580874,0.0,0.0,0,0
208093,203811,10.0,10.0,376580875,0.0,0.0,0,0
208093,203811,10.0,10.0,376580876,0.0,0.0,0,0
208093,203811,10.0,10.0,376580877,1.0,1.0,1,1
208904,200676,10.0,-10.0,363171049,0.0,0.1770182502062746,0,0
208904,200676,10.0,-10.0,363171050,0.0,0.1784781706182576,0,0
208904,200676,10.0,-10.0,363171051,1.0,1.0,1,1
208904,200676,10.0,-10.0,363171052,0.0,0.0,0,0
208904,200676,10.0,-10.0,363171053,0.0,0.0,0,0
208904,200676,10.0,-10.0,363171054,0.0,0.0,0,0
208904,200676,10.0,-10.0,363171055,0.0,0.03521415081868218,0,0
208904,200676,10.0,-10.0,363171056,1.0,1.0,1,1
208904,200676,10.0,-10.0,363171057,1.0,1.0,1,1
208904,200676,10.0,-10.0,363171058,1.0,1.0,1,1
208904,200676,10.0,-10.0,363171059,0.0,0.0,0,0
208904,200676,10.0,10.0,363171049,0.0,0.22198287580607493,0,0
208904,200676,10.0,10.0,363171050,0.0,0.20270182698649136,0,0
208904,200676,10.0,10.0,363171051,1.0,1.0,1,1
208904,200676,10.0,10.0,363171052,0.0,0.0,0,0
208904,200676,10.0,10.0,363171053,0.0,0.0,0,0
208904,200676,10.0,10.0,363171054,0.0,0.0,0,0
208904,200676,10.0,10.0,363171055,0.0,0.03474089368965244,0,0
208904,200676,10.0,10.0,363171056,1.0,1.0,1,1
208904,200676,10.0,10.0,363171057,1.0,1.0,1,1
208904,200676,10.0,10.0,363171058,1.0,1.0,1,1
208904,200676,10.0,10.0,363171059,0.0,0.0,0,0
208966,196199,10.0,-10.0,343962003,1.0,0.1578660372610313,1,0
208966,196199,10.0,-10.0,343962004,0.0,0.15809960175495708,0,0
208966,196199,10.0,-10.0,343962005,0.0,0.10438179340382617,0,0
208966,196199,10.0,-10.0,343962006,0.0,0.0,0,0
208966,196199,10.0,-10.0,343962007,0.0,0.0,0,0
208966,196199,10.0,-10.0,343962008,0.0,0.0,0,0
208966,196199,10.0,-10.0,343962009,1.0,0.16693405115757443,1,0
208966,196199,10.0,10.0,343962003,1.0,0.2091861074630729,1,0
208966,196199,10.0,10.0,343962004,0.0,0.1860921033403354,0,0
208966,196199,10.0,10.0,343962005,0.0,0.3537276694812802,0,0
208966,196199,10.0,10.0,343962006,0.0,0.0,0,0
208966,196199,10.0,10.0,343962007,0.0,0.0,0,0
208966,196199,10.0,10.0,343962008,0.0,0.0,0,0
208966,196199,10.0,10.0,343962009,1.0,0.21006033365447432,1,0
208976,188476,10.0,-10.0,309789495,0.0,0.17158248918842156,0,0
208976,188476,10.0,-10.0,309789496,0.0,0.0,0,0
208976,188476,10.0,-10.0,309789497,0.0,0.1630337746963336,0,0
208976,188476,10.0,-10.0,309789498,0.0,0.16497643876046755,0,0
208976,188476,10.0,-10.0,309789499,1.0,0.16093685030770669,1,0
208976,188476,10.0,10.0,309789495,0.0,0.22558071615223432,0,0
208976,188476,10.0,10.0,309789496,0.0,0.0,0,0
208976,188476,10.0,10.0,309789497,0.0,0.24055640159030345,0,0
208976,188476,10.0,10.0,309789498,0.0,0.2096671747982779,0,0
208976,188476,10.0,10.0,309789499,1.0,0.22685597113023342,1,0
209495,189342,10.0,-10.0,313674400,0.0,0.022588780980942406,0,0
209495,189342,10.0,-10.0,313674401,0.0,0.1545067299562558,0,0
209495,189342,10.0,-10.0,313674402,0.0,0.16703165945246298,0,0
209495,189342,10.0,-10.0,313674403,0.0,0.0,0,0
209495,189342,10.0,10.0,313674400,0.0,0.022421038985354767,0,0
209495,189342,10.0,10.0,313674401,0.0,0.22372211355046764,0,0
209495,189342,10.0,10.0,313674402,0.0,0.21146055691420143,0,0
209495,189342,10.0,10.0,313674403,0.0,0.0,0,0
209709,184968,10.0,-10.0,293950331,0.0,0.0,0,0
209709,184968,10.0,-10.0,293950332,0.0,0.16333581365085384,0,0
209709,184968,10.0,-10.0,293950333,0.0,0.16247288898359805,0,0
209709,184968,10.0,-10.0,293950334,0.0,0.16228680967651157,0,0
209709,184968,10.0,-10.0,293950335,0.0,0.16369797036020622,0,0
209709,184968,10.0,-10.0,293950336,0.0,0.16089232488756597,0,0
209709,184968,10.0,-10.0,293950337,1.0,0.16669615420551284,1,0
209709,184968,10.0,-10.0,293950338,0.0,0.21157915316238873,0,0
209709,184968,10.0,-10.0,293950339,0.0,0.0,0,0
209709,184968,10.0,-10.0,293950340,0.0,0.16845544479857777,0,0
209709,184968,10.0,10.0,293950331,0.0,0.0,0,0
209709,184968,10.0,10.0,293950332,0.0,0.17716676604145526,0,0
209709,184968,10.0,10.0,293950333,0.0,0.21144573254535143,0,0
209709,184968,10.0,10.0,293950334,0.0,0.17940911688631114,0,0
209709,184968,10.0,10.0,293950335,0.0,0.17454186684104192,0,0
209709,184968,10.0,10.0,293950336,0.0,0.141662084607231,0,0
209709,184968,10.0,10.0,293950337,1.0,0.26513309585359834,1,0
209709,184968,10.0,10.0,293950338,0.0,0.2729386760758024,0,0
209709,184968,10.0,10.0,293950339,0.0,0.0,0,0
209709,184968,10.0,10.0,293950340,0.0,0.18880476242643005,0,0
210209,180231,10.0,-10.0,272639657,0.0,0.0,0,0
210209,180231,10.0,-10.0,272639658,0.0,0.0,0,0
210209,180231,10.0,-10.0,272639659,1.0,0.07970226968415427,1,0
210209,180231,10.0,-10.0,272639660,0.0,0.0,0,0
210209,180231,10.0,-10.0,272639661,1.0,1.0,1,1
210209,180231,10.0,-10.0,272639662,0.0,0.0,0,0
210209,180231,10.0,-10.0,272639663,1.0,0.17522894831386357,1,0
210209,180231,10.0,10.0,272639657,0.0,0.0,0,0
210209,180231,10.0,10.0,272639658,0.0,0.0,0,0
210209,180231,10.0,10.0,272639659,1.0,0.09520732203396169,1,0
210209,180231,10.0,10.0,272639660,0.0,0.0,0,0
210209,180231,10.0,10.0,272639661,1.0,1.0,1,1
210209,180231,10.0,10.0,272639662,0.0,0.0,0,0
210209,180231,10.0,10.0,272639663,1.0,0.2528138645650476,1,0
