pregid,postgid,frequency_train,dt_train,path,epsp_before,epsp_after,epsp_ratio,epsp_before_std,epsp_after_std,N,apical_ratio,Use_before_mean,Use_before_std,Dep_mean,Dep_std,Fac_mean,Fac_std,gmax_AMPA_before_mean,gmax_AMPA_before_std,spine_volume_mean,spine_volume_std,Nrrp_mean,Nrrp_std,Cpre_mean,Cpre_std,Cpost_mean,Cpost_std,risetime
90859,9462,0.2,-15,/gpfs/bbp.cscs.ch/project/proj32/glusynapse_20190926_release/testing/rodriguez_paulsen_2008/simulations/L4PC_L23PC/90859-9462/0Hz_-15ms/simulation.batch,7.981450680137638,5.559744459008987,0.6965832004506116,1.0911693925748411,1.064192978411128,4.0,0.25,0.6878282300711166,0.19322836574190885,578.8735342498634,104.14509016632888,2.6074512021520344,4.240935248864756,1.4888715076126577,0.9983451248614719,0.12160169269384473,0.06279904301056938,2.25,0.82915619758885,0.029230478396929088,0.010035606304190934,0.007338142990452546,0.012289642236541748,1.3250000000000002
97125,4498,0.2,-15,/gpfs/bbp.cscs.ch/project/proj32/glusynapse_20190926_release/testing/rodriguez_paulsen_2008/simulations/L4PC_L23PC/97125-4498/0Hz_-15ms/simulation.batch,1.3008181874051072,0.2841806046109236,0.21846296996954784,0.5972001490112215,0.27326155509045946,2.0,0.0,0.5405083311348144,0.10255655957957588,722.0647721161747,132.414134350793,0.0030276138886965666,0.003026358296498483,0.7538419632100517,0.38159098473144953,0.05220669755636196,0.022724873403759886,1.5,0.5,0.023650465387040145,0.001740014787443624,0.0019808364072773877,0.0005624640572874318,1.5750000000000002
89002,17938,0.2,-15,/gpfs/bbp.cscs.ch/project/proj32/glusynapse_20190926_release/testing/rodriguez_paulsen_2008/simulations/L4PC_L23PC/89002-17938/0Hz_-15ms/simulation.batch,3.8617073393566623,3.044239048263584,0.7883142819338392,0.9252907066085055,0.6599418942387755,5.0,0.4,0.6083431935650817,0.10957940030456634,665.1926353019056,60.55162957896692,0.6130639860284242,0.6288604554198857,1.0873771582942209,0.3832232800111585,0.07604386789218835,0.036719917122168856,1.6,0.8,0.03951336629461677,0.019272635073754905,0.044044335407524636,0.04952153853769391,2.125
100058,7011,0.2,-15,/gpfs/bbp.cscs.ch/project/proj32/glusynapse_20190926_release/testing/rodriguez_paulsen_2008/simulations/L4PC_L23PC/100058-7011/0Hz_-15ms/simulation.batch,2.9021427877079815,2.0891325842766775,0.7198586482805717,0.7043953751736624,0.7240137198560249,12.0,0.0,0.41651388983821286,0.187154763892506,703.4391588043276,92.77604054920639,24.056487758668496,59.1365522961224,0.5501548518897686,0.38279854369653354,0.04455933449737582,0.03569983881061112,1.0833333333333333,0.2763853991962833,0.03687850961689355,0.021585941469851152,0.0004466130270075398,0.0009576983274250056,1.9000000000000001
92743,15750,0.2,-15,/gpfs/bbp.cscs.ch/project/proj32/glusynapse_20190926_release/testing/rodriguez_paulsen_2008/simulations/L4PC_L23PC/92743-15750/0Hz_-15ms/simulation.batch,0.4103092581472801,0.13967446799667158,0.3404126648941847,0.3715461754391199,0.1813793899052374,3.0,0.0,0.27023003495952785,0.10386881915896287,779.774261180523,134.50444493654743,27.197222088247543,23.214442715601027,0.3976288285341804,0.17677438483463245,0.024935199894211068,0.007783249035375381,1.0,0.0,0.029658391682651036,0.006236457602900929,0.007361346623577225,0.009638763621181311,1.7750000000000001
98117,123753,0.2,-15,/gpfs/bbp.cscs.ch/project/proj32/glusynapse_20190926_release/testing/rodriguez_paulsen_2008/simulations/L4PC_L23PC/98117-123753/0Hz_-15ms/simulation.batch,2.164016186453783,1.9853652838390732,0.9174447475333036,0.5810837384262473,0.5693517275863915,7.0,0.42857142857142855,0.43286339979313654,0.17534468576679726,654.5803642060579,61.13148438682107,4.545006017256037,7.821639257130489,0.6931691842183602,0.4861864677257047,0.05632172928322784,0.04351832280719715,1.4285714285714286,0.4948716593053935,0.02782839102802028,0.014202665938799878,0.007925283544804236,0.004830686562436556,1.25
92722,3098,0.2,-15,/gpfs/bbp.cscs.ch/project/proj32/glusynapse_20190926_release/testing/rodriguez_paulsen_2008/simulations/L4PC_L23PC/92722-3098/0Hz_-15ms/simulation.batch,2.0679837399101504,0.8121931000682177,0.39274636661480994,0.34482563188309173,0.3373135696933885,4.0,0.0,0.6231777098053005,0.25046661434934964,664.0855780852601,138.06223593315877,13.551213707019945,13.684370446089561,0.9457992749329724,0.5557583122580467,0.046426527592302876,0.019115638530488636,1.5,0.5,0.03349903612825575,0.00816589095375992,0.01517115361364086,0.006673999143546384,1.675
91659,120773,0.2,-15,/gpfs/bbp.cscs.ch/project/proj32/glusynapse_20190926_release/testing/rodriguez_paulsen_2008/simulations/L4PC_L23PC/91659-120773/0Hz_-15ms/simulation.batch,1.9627816830880804,0.9440723008207326,0.4809869120723637,0.5202855393474237,0.40309503161068355,5.0,0.2,0.5316219707750724,0.2801427390116742,664.4622560409643,84.1430227575215,33.316569478841224,42.65808717593018,0.8942871025624554,0.7281113383186478,0.07285265712040997,0.052974558711550344,1.2,0.4,0.026084194342603045,0.01079983790800435,0.00038007031391231475,0.0006336784501789919,1.9000000000000001
96554,14729,0.2,-15,/gpfs/bbp.cscs.ch/project/proj32/glusynapse_20190926_release/testing/rodriguez_paulsen_2008/simulations/L4PC_L23PC/96554-14729/0Hz_-15ms/simulation.batch,0.2619951143836599,0.2659762089151935,1.0151953006486365,0.26851024386201067,0.2824609862899064,2.0,1.0,0.37230668494011643,0.07829107595388288,682.5104943401313,36.03823428710871,54.07720341401718,53.52304978051488,0.4833736740126361,0.1574435513726378,0.04977285954898468,0.021511386177977668,1.0,0.0,0.01697954632125558,0.002104057083513331,0.0032157646803143624,0.0004684623115610443,2.475
92094,5000,0.2,-15,/gpfs/bbp.cscs.ch/project/proj32/glusynapse_20190926_release/testing/rodriguez_paulsen_2008/simulations/L4PC_L23PC/92094-5000/0Hz_-15ms/simulation.batch,2.049315265658013,1.4096068461050881,0.6878428466946879,0.5687262574458122,0.6808731842381914,5.0,0.2,0.6255918136262322,0.23523775913423597,623.2541541952277,123.29662522460917,24.436044709703694,24.322760052992656,0.8547689430013561,0.39579833563874117,0.054768433234800906,0.033772002229231664,1.6,0.8,0.03992065900017322,0.014920405400792744,0.006511423857035391,0.008994994752256695,2.275
103244,17768,0.2,-15,/gpfs/bbp.cscs.ch/project/proj32/glusynapse_20190926_release/testing/rodriguez_paulsen_2008/simulations/L4PC_L23PC/103244-17768/0Hz_-15ms/simulation.batch,1.8753892942103108,1.1256429688575809,0.6002182972530867,0.4914152853936358,0.44648637204952973,3.0,0.0,0.655684989767625,0.2321959310514387,678.1652171279497,75.57693142609104,1.2480054273806762,1.1151782992794512,0.9301681113099579,0.45172791431958786,0.0785553642578065,0.04947943298783392,1.3333333333333333,0.4714045207910317,0.02239990211850797,0.003137129270073187,0.005865324596444732,0.003059325629551449,1.175
93874,1832,0.2,-15,/gpfs/bbp.cscs.ch/project/proj32/glusynapse_20190926_release/testing/rodriguez_paulsen_2008/simulations/L4PC_L23PC/93874-1832/0Hz_-15ms/simulation.batch,1.9349167523715103,1.0342018307334568,0.5344942253799283,0.5092341349721,0.5449886772763494,5.0,0.0,0.4050906481062696,0.25452223388347617,585.5859885429448,106.8520914052601,44.80811421823796,41.32032156272578,0.6946513902172786,0.6824113740132994,0.05782327707376929,0.06187129280683154,1.4,0.8000000000000002,0.02458171864486233,0.008528033252002527,0.0004317179742218752,0.00011275688435696182,2.0500000000000003
93092,117702,0.2,-15,/gpfs/bbp.cscs.ch/project/proj32/glusynapse_20190926_release/testing/rodriguez_paulsen_2008/simulations/L4PC_L23PC/93092-117702/0Hz_-15ms/simulation.batch,0.35636348593933487,0.11050472186855345,0.3100899116453393,0.20649945105577983,0.1278460846683034,2.0,0.5,0.43895996994723796,0.05553062630733377,703.3087051951637,61.28402369710773,45.11156016142071,44.90181653574972,0.6510197831655044,0.2445280591367512,0.06483756856606329,0.012160618770651568,1.5,0.5,0.01719830562273335,0.003611054840857341,0.0022634499464592463,0.002151627444266463,1.5
97312,21941,0.2,-15,/gpfs/bbp.cscs.ch/project/proj32/glusynapse_20190926_release/testing/rodriguez_paulsen_2008/simulations/L4PC_L23PC/97312-21941/0Hz_-15ms/simulation.batch,6.0404071586752766,5.673966955744447,0.9393351816682514,0.8558662396725951,0.8750422181935548,16.0,0.875,0.6021920616962304,0.20295099640110464,630.8143557687588,81.3386924178671,16.490017057441445,21.19584264882216,0.876852224589674,0.3982766391176169,0.07229747671421949,0.033843009677612675,1.25,0.4330127018922193,0.031265222273783325,0.01208379490403685,0.011976305960980087,0.008517587851758874,1.375
99023,24822,0.2,-15,/gpfs/bbp.cscs.ch/project/proj32/glusynapse_20190926_release/testing/rodriguez_paulsen_2008/simulations/L4PC_L23PC/99023-24822/0Hz_-15ms/simulation.batch,2.943013152414817,2.406488363218832,0.8176954157490758,0.3002167677903216,0.34625713348573767,11.0,0.0,0.5976699252491599,0.2592721808309041,730.981569900447,113.64555214159081,13.582666129527405,17.348131056160117,1.3481426245782808,1.3965520742286035,0.1129252597281934,0.09370078023098631,1.8181818181818181,0.8331955809010617,0.03492699971288004,0.025123391156589736,0.0015532942610214345,0.0037907518028496715,1.7750000000000001
108211,9567,0.2,-15,/gpfs/bbp.cscs.ch/project/proj32/glusynapse_20190926_release/testing/rodriguez_paulsen_2008/simulations/L4PC_L23PC/108211-9567/0Hz_-15ms/simulation.batch,0.7120018129073112,0.606215967876493,0.8514247532617034,0.20870509949136024,0.2850094185724033,6.0,0.0,0.45764025011186527,0.18809188183226824,677.8956626700159,97.46297132330889,24.749464785962754,53.627884434219894,0.8297854443851898,0.44619731971985466,0.053051453497658295,0.028212298810278084,1.1666666666666667,0.3726779962499649,0.02853490864852938,0.013740625542899119,0.00014013419934957652,0.00018680510500665887,2.35
89445,24676,0.2,-15,/gpfs/bbp.cscs.ch/project/proj32/glusynapse_20190926_release/testing/rodriguez_paulsen_2008/simulations/L4PC_L23PC/89445-24676/0Hz_-15ms/simulation.batch,2.1938665729863414,0.7114811803097775,0.3243046724310554,0.5779338121983171,0.4883175930776471,5.0,0.2,0.4838259422880391,0.27062232619756804,604.3334879819297,105.86149221115382,10.019339368404935,8.063020150921767,0.7548247450683695,0.6988579510383858,0.049934587817560626,0.046711904828405086,1.2,0.4,0.031206795861163917,0.006915028720138973,0.004896299012299854,0.007511569232784351,2.475
100453,5522,0.2,-15,/gpfs/bbp.cscs.ch/project/proj32/glusynapse_20190926_release/testing/rodriguez_paulsen_2008/simulations/L4PC_L23PC/100453-5522/0Hz_-15ms/simulation.batch,0.43588566385459515,1.5864001312856182,3.6394868261022166,0.5091691264627836,0.8159220115887078,3.0,0.0,0.20625860715753988,0.15301344422950547,655.3964224837653,126.13549381875166,7.394151112346646,9.95441848020347,0.33599659307560875,0.360602101634798,0.02577444637586765,0.01515863427410553,1.0,0.0,0.019910016697367014,0.015407626430245224,0.002098890247026989,0.0021964015347709937,1.4500000000000002
91115,17336,0.2,-15,/gpfs/bbp.cscs.ch/project/proj32/glusynapse_20190926_release/testing/rodriguez_paulsen_2008/simulations/L4PC_L23PC/91115-17336/0Hz_-15ms/simulation.batch,0.9723928264289393,0.7856789969906186,0.8079851842140616,0.44811922498115025,0.39099092271735153,6.0,0.3333333333333333,0.38342893293428054,0.15572479238899714,640.2871727753362,143.76450300957788,7.757475029370183,17.11882235357092,0.44945757406813214,0.16635155631244244,0.03296085083481454,0.025519540347163916,1.1666666666666667,0.37267799624996495,0.03130659848929682,0.011662399890994098,0.02130500237860646,0.03152852633929348,2.025
93550,2546,0.2,-15,/gpfs/bbp.cscs.ch/project/proj32/glusynapse_20190926_release/testing/rodriguez_paulsen_2008/simulations/L4PC_L23PC/93550-2546/0Hz_-15ms/simulation.batch,6.176606791277981,6.275797245510626,1.016059052742796,1.5379513225671206,1.638142421997169,7.0,0.5714285714285714,0.5456440714030438,0.16431091868702696,697.5935893233753,152.51044165474445,28.18690500719771,34.987276790040895,0.9891454186772447,0.40874456668268067,0.06922090058864584,0.025258676519445373,1.2857142857142858,0.45175395145262565,0.031119347807780202,0.006512111489188417,0.018442312361116132,0.022370594508011144,1.2000000000000002
88441,14910,0.2,-15,/gpfs/bbp.cscs.ch/project/proj32/glusynapse_20190926_release/testing/rodriguez_paulsen_2008/simulations/L4PC_L23PC/88441-14910/0Hz_-15ms/simulation.batch,0.6039139336801777,0.6077901643089236,1.0064185149779947,0.2772283154010789,0.36765570386121244,5.0,0.8,0.4570307112738761,0.2447506733090463,659.9683797442301,135.2077444586034,4.3842306804841815,4.326307689090657,0.542861299871569,0.3110031148232497,0.059123221085220126,0.032413027745412125,1.2,0.4000000000000001,0.018875696816423947,0.006449703710870355,0.041087976534980405,0.04213407610912382,2.5250000000000004
92798,13477,0.2,-15,/gpfs/bbp.cscs.ch/project/proj32/glusynapse_20190926_release/testing/rodriguez_paulsen_2008/simulations/L4PC_L23PC/92798-13477/0Hz_-15ms/simulation.batch,0.7857212882161503,0.525988586493483,0.669434052993082,0.31599430916800475,0.21873361520683693,3.0,0.3333333333333333,0.5330322973366383,0.2106787562331102,613.2308775158931,143.46050982103142,28.0952333463964,32.71297135464597,0.6589163951167625,0.35271356609127474,0.04722360093888619,0.034610693157372766,1.3333333333333333,0.4714045207910317,0.03043776290645603,0.002722055457209859,0.0006146075943284762,0.0007351752369741384,5.1000000000000005
93469,14859,0.2,-15,/gpfs/bbp.cscs.ch/project/proj32/glusynapse_20190926_release/testing/rodriguez_paulsen_2008/simulations/L4PC_L23PC/93469-14859/0Hz_-15ms/simulation.batch,1.6210320497797295,0.5062260462515169,0.31228626622175937,0.3935854118027373,0.29566355882094464,4.0,1.0,0.6472460668156381,0.12767823281558366,742.6764017603459,114.81882356305061,12.431095416760435,18.8670949819356,0.9789067632457498,0.339664338252573,0.08263459676713457,0.029396504961391647,1.5,0.5,0.023296286387135427,0.0035557256868828445,7.746782663134238e-05,2.4516434542786645e-05,5.3500000000000005
91888,4509,0.2,-15,/gpfs/bbp.cscs.ch/project/proj32/glusynapse_20190926_release/testing/rodriguez_paulsen_2008/simulations/L4PC_L23PC/91888-4509/0Hz_-15ms/simulation.batch,3.672805458227927,2.071200953599527,0.5639288487114289,0.40749492862236175,0.5013043341004512,8.0,0.75,0.6425237175719565,0.20366446518378992,684.8938656685413,132.38740550655953,40.325003514335165,85.00354318171065,1.3000588538962667,0.6138509498586746,0.09918383838603351,0.05489517247038115,1.75,0.82915619758885,0.03178115370968762,0.010702815933398127,0.0036376040552607977,0.006196979295864155,1.8
98156,24153,0.2,-15,/gpfs/bbp.cscs.ch/project/proj32/glusynapse_20190926_release/testing/rodriguez_paulsen_2008/simulations/L4PC_L23PC/98156-24153/0Hz_-15ms/simulation.batch,0.7269185224442457,0.6128237265483212,0.843043212721718,0.39453474778935543,0.4314392887771272,2.0,1.0,0.431589387645838,0.013811716220285902,781.3845388092639,31.895390507892955,0.037531650682312824,0.033126679851464766,0.7064960937935277,0.2369921540575964,0.044465819387622035,0.027601418787904494,1.5,0.5,0.03421503993370057,0.012264242262579923,0.027306711345668207,0.011479794850006643,1.1
105280,124329,0.2,-15,/gpfs/bbp.cscs.ch/project/proj32/glusynapse_20190926_release/testing/rodriguez_paulsen_2008/simulations/L4PC_L23PC/105280-124329/0Hz_-15ms/simulation.batch,1.0100443131506163,0.34543559399100826,0.3420004345289526,0.43806431300140564,0.3031814927946582,2.0,0.0,0.6412159602478844,0.011631436953172758,696.9758717651484,38.88958455137845,1.2090495874719944e-05,1.878532039084665e-06,0.8534365746015478,0.19467956762184396,0.07581846652181401,0.0040304014312147265,1.0,0.0,0.020423906195961666,0.005487516820819709,0.0015390543515443153,0.0009960351341425221,1.2000000000000002
95719,24908,0.2,-15,/gpfs/bbp.cscs.ch/project/proj32/glusynapse_20190926_release/testing/rodriguez_paulsen_2008/simulations/L4PC_L23PC/95719-24908/0Hz_-15ms/simulation.batch,0.5008575302913301,1.426794554772417,2.8487034106136013,0.39650956735155873,0.3033426312347947,3.0,0.0,0.3364573141920086,0.14075169448691693,692.6667567962259,85.92905853467553,10.45996950358921,11.214968805921172,0.5461213275586098,0.3247572915012378,0.03775800884793901,0.00653924716152324,1.0,0.0,0.03236967394329366,0.027156383217484648,0.002005993467007947,0.001428067392206535,2.125
100334,24640,0.2,-15,/gpfs/bbp.cscs.ch/project/proj32/glusynapse_20190926_release/testing/rodriguez_paulsen_2008/simulations/L4PC_L23PC/100334-24640/0Hz_-15ms/simulation.batch,1.219084986323337,1.2631995813060082,1.0361866444731775,0.2946564526790925,0.26561991670966123,2.0,0.5,0.8336580115268073,0.03181625583404446,724.4501172455784,11.706281197225735,32.87020393082595,32.11336087997583,1.476797544768616,0.4462945237714469,0.09152728863686961,0.029315166993556963,1.5,0.5,0.04005006151336614,0.002554070908224095,0.029845353096445898,0.02982160118225706,1.85
102941,11005,0.2,-15,/gpfs/bbp.cscs.ch/project/proj32/glusynapse_20190926_release/testing/rodriguez_paulsen_2008/simulations/L4PC_L23PC/102941-11005/0Hz_-15ms/simulation.batch,2.433763584839103,2.4208722224825263,0.9947031164255715,0.6026755599424468,0.6483235287045829,5.0,0.6,0.4802875742848373,0.2700611137516776,720.3991312958861,191.41742452371102,7.8546653087847655,15.55540665466528,0.6360043826466596,0.5365974785081734,0.05077531898875781,0.029039880677859304,1.2,0.4,0.019843436111603475,0.008398910073790573,0.027435452640849022,0.017319602316667414,1.25
88654,12543,0.2,-15,/gpfs/bbp.cscs.ch/project/proj32/glusynapse_20190926_release/testing/rodriguez_paulsen_2008/simulations/L4PC_L23PC/88654-12543/0Hz_-15ms/simulation.batch,1.5378810701176033,0.8180779654306097,0.5319513851406276,0.24942088403757795,0.23017255728901637,4.0,1.0,0.5089059698799427,0.27229193611876246,636.1111805301314,84.84493958361676,8.561960442672293,14.82168561632575,1.0008573641144445,1.0095287142699436,0.07033936445065386,0.06072841855066738,1.5,0.8660254037844386,0.028989042846213224,0.006610204221313412,2.8212748241607878e-05,5.8207412253189155e-06,5.025
88449,27020,0.2,-15,/gpfs/bbp.cscs.ch/project/proj32/glusynapse_20190926_release/testing/rodriguez_paulsen_2008/simulations/L4PC_L23PC/88449-27020/0Hz_-15ms/simulation.batch,2.3866034854580658,0.6597434773386394,0.27643614926340115,0.7973010749227013,0.4653622568800204,9.0,0.0,0.4322512353560326,0.17662707381601,650.9096027983185,101.81532112762235,9.246731117291679,13.29951294664451,0.5462071512770461,0.2894695781563649,0.04435357797140461,0.02672181590782144,1.0,0.0,0.025372360116760355,0.008820189547704851,0.005794381710814602,0.010050895341928451,1.475
91379,23322,0.2,-15,/gpfs/bbp.cscs.ch/project/proj32/glusynapse_20190926_release/testing/rodriguez_paulsen_2008/simulations/L4PC_L23PC/91379-23322/0Hz_-15ms/simulation.batch,1.9531764688971611,0.15104537912994095,0.07733319622431609,0.5962556030471187,0.23097042190035477,3.0,0.0,0.6771770327945253,0.0816928981622013,589.7692256627321,39.05235876012533,18.544946342704062,10.036526772928264,1.023625308386297,0.07019395045075537,0.07390871239196271,0.024705232475320752,1.3333333333333333,0.4714045207910317,0.02588420521324808,0.006525788416606838,0.00017900124975030757,0.00011215140391547556,2.15
93180,113170,0.2,-15,/gpfs/bbp.cscs.ch/project/proj32/glusynapse_20190926_release/testing/rodriguez_paulsen_2008/simulations/L4PC_L23PC/93180-113170/0Hz_-15ms/simulation.batch,2.3796819891126337,2.2788121865022797,0.957612066203868,0.692538023813894,0.7125586572479862,3.0,1.0,0.6152813600714874,0.07523524011523647,617.2727218063771,27.666721387911988,49.60722644248906,69.00544721129228,0.8926111103555504,0.09050739161494349,0.0654417604521494,0.008490864979355027,2.0,0.0,0.03349738997286624,0.0061728623683911885,7.920076824598384e-05,4.00070418237508e-05,2.1
93273,10853,0.2,-15,/gpfs/bbp.cscs.ch/project/proj32/glusynapse_20190926_release/testing/rodriguez_paulsen_2008/simulations/L4PC_L23PC/93273-10853/0Hz_-15ms/simulation.batch,2.769740211693219,2.7617269561194653,0.9971068566142328,0.7686259186530264,0.7980055911265447,3.0,1.0,0.5996086141624711,0.20777655159170783,634.6179434500499,37.19356664770574,17.970597789076326,24.9485333976112,1.4901038313692105,0.9561598596951589,0.08879148785178705,0.06092634353933297,1.6666666666666667,0.9428090415820634,0.07049041410264767,0.018559310288753524,0.00017809049618332836,0.00018574379455721835,5.1000000000000005
88401,18051,0.2,-15,/gpfs/bbp.cscs.ch/project/proj32/glusynapse_20190926_release/testing/rodriguez_paulsen_2008/simulations/L4PC_L23PC/88401-18051/0Hz_-15ms/simulation.batch,2.389589005621801,1.7690604211576977,0.7403199533458541,0.31526007047589105,0.2807783338371931,3.0,0.0,0.6194105394997931,0.3042928076871822,663.3318819893929,29.03537985505519,13.684124925976526,19.085168055406655,1.246647370530819,0.6631922375359666,0.10448642908047377,0.055403461848073834,2.0,0.816496580927726,0.024534747687524755,0.004874585597774415,0.0009821786875564749,0.001198675807058386,1.725
89866,18189,0.2,-15,/gpfs/bbp.cscs.ch/project/proj32/glusynapse_20190926_release/testing/rodriguez_paulsen_2008/simulations/L4PC_L23PC/89866-18189/0Hz_-15ms/simulation.batch,2.0164841204750767,1.7266147560606113,0.8562501130203926,0.7556165281666026,0.8049680482706715,4.0,0.5,0.550822933632632,0.1258402472241461,695.6531784506668,192.36110582205276,9.74350322382197,11.979706480656017,0.9032195100506132,0.22389498164410473,0.059151564521362755,0.016421257297647644,1.25,0.4330127018922193,0.02972005569625258,0.006253921737655494,0.022503226669742086,0.01949000198234264,1.875
88314,9303,0.2,-15,/gpfs/bbp.cscs.ch/project/proj32/glusynapse_20190926_release/testing/rodriguez_paulsen_2008/simulations/L4PC_L23PC/88314-9303/0Hz_-15ms/simulation.batch,2.281933209270902,1.0654128948415031,0.4668904815062103,0.5277399409748067,0.3554727018940825,3.0,0.3333333333333333,0.7312394530246404,0.03806742564663645,644.0071838228691,183.3639979476973,1.3584991426696125,1.9196522250489652,1.1585821888283612,0.17237769223765867,0.10445618949615842,0.026467108550574218,2.0,0.0,0.02100937361363449,0.004971095752431507,0.014858582058277838,0.020766820263306878,1.7000000000000002
91816,23816,0.2,-15,/gpfs/bbp.cscs.ch/project/proj32/glusynapse_20190926_release/testing/rodriguez_paulsen_2008/simulations/L4PC_L23PC/91816-23816/0Hz_-15ms/simulation.batch,1.2518584818782583,0.6555826554374865,0.5236875133472484,0.4766824661202711,0.3460926394014395,4.0,0.0,0.3300320047697925,0.23342815374879444,780.354243552377,62.609411023387594,6.4854399015329705,8.99413281377317,0.604811146636722,0.652196538959256,0.04882567391747374,0.05806836074516859,1.25,0.4330127018922193,0.032199570966542496,0.0052176728292281874,0.0007281181646561293,0.0009355080870077366,2.5
99309,24554,0.2,-15,/gpfs/bbp.cscs.ch/project/proj32/glusynapse_20190926_release/testing/rodriguez_paulsen_2008/simulations/L4PC_L23PC/99309-24554/0Hz_-15ms/simulation.batch,3.557541348325471,3.331928620521481,0.9365818396151078,1.0004029391013316,0.9344726182419621,6.0,1.0,0.5021474317110922,0.18818790624673382,626.735619791244,117.6841552966292,13.38286792925951,20.127713919870107,0.8118619082075741,0.521087658617514,0.05917679970915234,0.031658716677957784,1.1666666666666667,0.37267799624996495,0.02467060204459114,0.00822225899809845,0.03561138609695876,0.007248581450279027,1.0
91572,11941,0.2,-15,/gpfs/bbp.cscs.ch/project/proj32/glusynapse_20190926_release/testing/rodriguez_paulsen_2008/simulations/L4PC_L23PC/91572-11941/0Hz_-15ms/simulation.batch,1.9150932011191435,2.007468306819786,1.0482353055436988,0.34310833198731366,0.48513782649819553,4.0,0.0,0.602232868437615,0.22709251005030484,614.8523285893139,137.99680133230962,9.840033593766396,6.974245478740536,1.058605772224789,0.44375053193695546,0.06123224857884383,0.04521659946603537,1.5,0.5,0.04505797975699551,0.018291803021321704,0.002503119161586602,0.001974499325791682,2.7
98862,26642,0.2,-15,/gpfs/bbp.cscs.ch/project/proj32/glusynapse_20190926_release/testing/rodriguez_paulsen_2008/simulations/L4PC_L23PC/98862-26642/0Hz_-15ms/simulation.batch,2.0583062608358635,2.0385940204651525,0.990423077097037,0.8712323638883034,0.8979094000128637,3.0,1.0,0.6219261582337917,0.10077135908535974,579.2520834097563,24.363878490134745,8.97959872955106,12.227899462139778,0.6762080603162537,0.099885228746049,0.06165895783326891,0.024097487196433426,1.0,0.0,0.021381200268913703,0.007665211530092752,0.03052824588088639,0.0032516347342900244,0.9500000000000001
89858,16399,0.2,-15,/gpfs/bbp.cscs.ch/project/proj32/glusynapse_20190926_release/testing/rodriguez_paulsen_2008/simulations/L4PC_L23PC/89858-16399/0Hz_-15ms/simulation.batch,3.087057192492003,3.4866220744247878,1.1294322900478042,0.7527603937412427,0.6399356896580783,7.0,0.42857142857142855,0.5937620829865501,0.1799751770369129,725.0348148715537,165.39417839832402,16.469784853191207,17.909915916087897,0.942488146202762,0.2820152240694353,0.0847107067750976,0.04681425292386168,1.4285714285714286,0.4948716593053935,0.031716163647393554,0.012507969353792878,0.03811152756537223,0.04324935279377419,1.9500000000000002
88415,25518,0.2,-15,/gpfs/bbp.cscs.ch/project/proj32/glusynapse_20190926_release/testing/rodriguez_paulsen_2008/simulations/L4PC_L23PC/88415-25518/0Hz_-15ms/simulation.batch,3.742481472629428,2.763139025721047,0.7383173559920644,0.6417930598660759,0.8751520694452487,3.0,0.6666666666666666,0.8155160924718728,0.04778463913762855,693.2082330337244,74.22553951836173,1.003241274483935,0.864900700302964,1.0850552881690192,0.2649938093382897,0.061066551853583145,0.020211000832116074,1.6666666666666667,0.4714045207910317,0.033039491647408485,0.0023009568606756604,0.02516507938920028,0.01772037431014303,1.5250000000000001
93167,10954,0.2,-15,/gpfs/bbp.cscs.ch/project/proj32/glusynapse_20190926_release/testing/rodriguez_paulsen_2008/simulations/L4PC_L23PC/93167-10954/0Hz_-15ms/simulation.batch,1.2327593621386486,0.5377427192831968,0.4362106148196641,0.4685149638797891,0.36083178884270695,4.0,0.25,0.5441979542258962,0.1470860233972656,691.6957848289694,120.08599157316,140.20903921814585,140.25811880729051,0.6966608034705977,0.25758585742884615,0.06504218212410195,0.054080843039326094,1.25,0.4330127018922193,0.02620149312723883,0.00925243289072597,0.00030553143261422043,0.00017294395063282233,2.35
92622,25584,0.2,-15,/gpfs/bbp.cscs.ch/project/proj32/glusynapse_20190926_release/testing/rodriguez_paulsen_2008/simulations/L4PC_L23PC/92622-25584/0Hz_-15ms/simulation.batch,1.560870684780432,1.3103284220208287,0.8394855735311301,0.706805037112814,0.7792019236377279,7.0,0.7142857142857143,0.3092034358388639,0.15236677569355755,746.0689818364277,182.03037388920407,10.166952657873315,15.076925407844499,0.3710666469131535,0.28169757497755105,0.029600441172218734,0.024707195875971234,1.0,0.0,0.028702365960981826,0.008550923107969536,0.0558032980887244,0.04303166292372735,1.75
102535,12843,0.2,-15,/gpfs/bbp.cscs.ch/project/proj32/glusynapse_20190926_release/testing/rodriguez_paulsen_2008/simulations/L4PC_L23PC/102535-12843/0Hz_-15ms/simulation.batch,2.089397898758641,1.5429718982109164,0.7384768114908278,0.3817455381891488,0.46120345088606485,4.0,0.5,0.7117468479201516,0.17821569270764118,622.665392684864,60.92232469525142,27.380833024902916,16.426076542278782,1.26599863491753,0.8760306711705798,0.07602965706685716,0.025253677414160024,1.5,0.5,0.044285722056414775,0.017224061755152113,0.0018252750954139303,0.0031253679187086443,6.550000000000001
108553,124932,0.2,-15,/gpfs/bbp.cscs.ch/project/proj32/glusynapse_20190926_release/testing/rodriguez_paulsen_2008/simulations/L4PC_L23PC/108553-124932/0Hz_-15ms/simulation.batch,1.7299036605447886,1.7236538101765124,0.9963871685396006,0.6151256210379566,0.6431085965197295,2.0,0.5,0.6482118589122079,0.11075901508354669,731.2236485231922,39.79344062326345,20.698375754029772,19.92759840416103,1.0781464985038176,0.5996087042499724,0.07775368775798222,0.052541889979683544,1.5,0.5,0.03303260560016799,0.001649497675468587,0.000316281387655173,0.00027589593414084905,1.55
88952,10433,0.2,-15,/gpfs/bbp.cscs.ch/project/proj32/glusynapse_20190926_release/testing/rodriguez_paulsen_2008/simulations/L4PC_L23PC/88952-10433/0Hz_-15ms/simulation.batch,1.5143223020786796,1.5390438861919058,1.0163251799694764,0.3865332875741251,0.466642470831115,3.0,0.3333333333333333,0.46800018582105846,0.3251517889166242,716.1327351340866,137.695865534315,13.536687619571993,14.529956426603631,0.8972403189027253,0.6828496829082422,0.05200402928757928,0.03869641541990805,1.3333333333333333,0.4714045207910317,0.02844152283662739,0.008992282689416708,0.0016352575650390461,0.0006568080905901589,2.5
95835,22055,0.2,-15,/gpfs/bbp.cscs.ch/project/proj32/glusynapse_20190926_release/testing/rodriguez_paulsen_2008/simulations/L4PC_L23PC/95835-22055/0Hz_-15ms/simulation.batch,1.2777881665047899,1.809088789836434,1.4157971072661772,0.4783793293886504,0.47339263502419493,2.0,0.5,0.5617402334921104,0.31827676972384517,740.3287999731591,74.37105904968962,27.82363938820566,27.413101011709802,1.0966869443646972,0.5758008139488209,0.0696044809194399,0.016320628070693455,1.0,0.0,0.026346982350819708,0.008331921249948592,0.020771654886566567,0.020725879333351672,2.0500000000000003
94821,25384,0.2,-15,/gpfs/bbp.cscs.ch/project/proj32/glusynapse_20190926_release/testing/rodriguez_paulsen_2008/simulations/L4PC_L23PC/94821-25384/0Hz_-15ms/simulation.batch,0.2601851750362949,0.27874696174827657,1.0713406776900043,0.2175221178636853,0.22225145284939513,2.0,0.5,0.3750440316483722,0.09232115271013061,711.6618707291072,14.369058802395953,73.92976591306447,67.7667134263186,0.4127652754291394,0.1761024955670169,0.03551652830540874,0.01219598959986569,1.0,0.0,0.01982111282179455,0.002808920122805732,0.0008976915342768361,0.0007121497203821696,2.125
92629,9484,0.2,-15,/gpfs/bbp.cscs.ch/project/proj32/glusynapse_20190926_release/testing/rodriguez_paulsen_2008/simulations/L4PC_L23PC/92629-9484/0Hz_-15ms/simulation.batch,0.5237331220783867,0.8567827678633587,1.635914804210387,0.3644594662362736,0.4401956220418013,3.0,0.3333333333333333,0.36989086965895357,0.15900834840654895,714.574124439862,41.805764101230565,2.6914590295619285,3.085989953724994,0.3584093985937074,0.21891784710974485,0.03781163851300947,0.01179674073571008,1.0,0.0,0.016155755885387806,0.00802559970071413,0.02509768998688099,0.03475150608701906,1.975
90020,10751,0.2,-15,/gpfs/bbp.cscs.ch/project/proj32/glusynapse_20190926_release/testing/rodriguez_paulsen_2008/simulations/L4PC_L23PC/90020-10751/0Hz_-15ms/simulation.batch,2.3042223599224223,2.3312416216724574,1.011725978455892,0.42324952436341146,0.45487530839767887,5.0,0.2,0.42765871367779046,0.3205380511116229,813.2432421636003,174.21681388224584,10.58853341545515,16.704750422836195,0.9546659521723301,0.893558620817154,0.07883935691207458,0.06231040642998915,1.6,0.8,0.026064020442737285,0.012524459157386307,0.025530058493890968,0.04474004737764881,2.325
93632,14546,0.2,-15,/gpfs/bbp.cscs.ch/project/proj32/glusynapse_20190926_release/testing/rodriguez_paulsen_2008/simulations/L4PC_L23PC/93632-14546/0Hz_-15ms/simulation.batch,4.126260385756003,4.207178348913507,1.019610483971597,1.3330406044002139,1.2254232435531018,8.0,0.25,0.48483092598549254,0.15671091298951342,625.3216501789427,122.54642700371585,1.2641958576057784,1.7727434284580792,0.6316204080752063,0.3691312014819825,0.04497764601385331,0.028335277609491196,1.125,0.33071891388307384,0.031622964035543225,0.011960552556390456,0.02196556823073456,0.020409776969268333,1.35
88604,4591,0.2,-15,/gpfs/bbp.cscs.ch/project/proj32/glusynapse_20190926_release/testing/rodriguez_paulsen_2008/simulations/L4PC_L23PC/88604-4591/0Hz_-15ms/simulation.batch,4.799881086254098,4.323438415583568,0.9007386512063879,0.9376111149259023,1.1111015927639507,7.0,0.42857142857142855,0.5977084806850764,0.19657607402637384,720.0011488427629,81.25329278211454,16.605649184214553,23.878267896111687,0.9943264224970473,0.5912327584675582,0.08198989799793847,0.05388985463370366,1.2857142857142858,0.45175395145262565,0.032040829523829716,0.011639374718593505,0.009004010318849084,0.010497672156184894,1.675
97984,15906,0.2,-15,/gpfs/bbp.cscs.ch/project/proj32/glusynapse_20190926_release/testing/rodriguez_paulsen_2008/simulations/L4PC_L23PC/97984-15906/0Hz_-15ms/simulation.batch,3.4992534333441627,1.8928509006307084,0.5409299259647367,0.5956080432994963,0.528141359947105,3.0,0.6666666666666666,0.6124995306339561,0.23319252364359777,781.2061316354142,146.7456860328315,6.939453782964837,9.561547703512336,1.182303267038358,0.9730152421137012,0.07352296583182802,0.061984585274229245,2.0,1.4142135623730951,0.030674536386479424,0.0008901025246815355,0.022084350791220068,0.015015564091993826,1.4000000000000001
92906,994,0.2,-15,/gpfs/bbp.cscs.ch/project/proj32/glusynapse_20190926_release/testing/rodriguez_paulsen_2008/simulations/L4PC_L23PC/92906-994/0Hz_-15ms/simulation.batch,1.223957769372808,0.8318429731268598,0.6796337209846061,0.3952519218811543,0.24782492742012585,5.0,0.4,0.3960787749409316,0.24445140629437098,638.3490134620895,86.30297490599273,42.74159136557991,54.45350837351807,0.500267954364579,0.37570256065771407,0.039602871362142064,0.02911303449368184,1.2,0.4000000000000001,0.022204895545047156,0.008597087057048943,0.0536551386417774,0.06002009402228883,1.7750000000000001
90025,122196,0.2,-15,/gpfs/bbp.cscs.ch/project/proj32/glusynapse_20190926_release/testing/rodriguez_paulsen_2008/simulations/L4PC_L23PC/90025-122196/0Hz_-15ms/simulation.batch,1.4820232550129762,0.7319696102979961,0.49389886955018614,0.29263702764576033,0.24523128664105417,4.0,0.5,0.5906363620171657,0.15544261426559164,600.0911260507997,28.103393454290405,1.1279356990557408,1.8486073578100604,0.9456361858387788,0.6342407658457658,0.06348828853082986,0.030309909645150495,1.75,0.82915619758885,0.03251638686845752,0.009887954360226936,0.0024394326219348717,0.0024143824355587038,1.2000000000000002
92614,7122,0.2,-15,/gpfs/bbp.cscs.ch/project/proj32/glusynapse_20190926_release/testing/rodriguez_paulsen_2008/simulations/L4PC_L23PC/92614-7122/0Hz_-15ms/simulation.batch,2.1451381866206565,0.8459798985693714,0.3943708166894767,1.1820266326505435,0.793136034845233,4.0,0.5,0.40791856750680006,0.1008240396935224,668.078109679328,127.89658714827468,32.83507439078569,46.77657495081806,0.6784980940048587,0.2949935223652707,0.04144020631820002,0.022758752309032057,1.0,0.0,0.037828486642272126,0.012769976140157012,0.003073447602875541,0.0045799555512375375,1.75
91286,118065,0.2,-15,/gpfs/bbp.cscs.ch/project/proj32/glusynapse_20190926_release/testing/rodriguez_paulsen_2008/simulations/L4PC_L23PC/91286-118065/0Hz_-15ms/simulation.batch,2.3492045892934192,2.3265379487610383,0.9903513552477783,0.3977382470086748,0.3944153435914433,5.0,0.6,0.6362321909069653,0.19784829196145165,687.1144950616673,167.369616201938,8.085472886704256,9.78780266246977,1.083681739658692,0.6823869232483974,0.09796624241670279,0.08091454704618725,1.8,0.7483314773547883,0.0253113562191963,0.006813822897631572,0.009579771965097258,0.008934367609089779,1.0250000000000001
94198,119916,0.2,-15,/gpfs/bbp.cscs.ch/project/proj32/glusynapse_20190926_release/testing/rodriguez_paulsen_2008/simulations/L4PC_L23PC/94198-119916/0Hz_-15ms/simulation.batch,2.7765412754942367,1.4516674936054725,0.5228330320236529,0.4885979353304721,0.5737393300974399,4.0,0.0,0.5459303604090961,0.30516246448417733,654.8565224171099,115.61652145905056,0.07890791179840083,0.06512208897599303,1.1076384195201314,0.8156108045595803,0.11040591968243679,0.07701105648415792,1.5,0.5,0.016948238893809815,0.004851429279521531,0.004977052502896617,0.007111030678007711,0.9500000000000001
93458,6683,0.2,-15,/gpfs/bbp.cscs.ch/project/proj32/glusynapse_20190926_release/testing/rodriguez_paulsen_2008/simulations/L4PC_L23PC/93458-6683/0Hz_-15ms/simulation.batch,3.2529138435377973,2.2509434838921423,0.6919775906035267,0.6847330882534141,0.5091227298905752,4.0,0.0,0.699732205034155,0.1635693477353392,718.0103110270995,63.43885841208481,4.7117447677773985,4.529299153057663,1.0662311911517588,0.37076638283854657,0.09101585767727396,0.04649391999029281,1.25,0.4330127018922193,0.03841015504698447,0.01914756223282959,0.0004025265393709116,0.00047528470882028385,2.4250000000000003
88884,120342,0.2,-15,/gpfs/bbp.cscs.ch/project/proj32/glusynapse_20190926_release/testing/rodriguez_paulsen_2008/simulations/L4PC_L23PC/88884-120342/0Hz_-15ms/simulation.batch,1.0439075901228436,0.9610245440867783,0.9206030813260856,0.3904376474852169,0.4142503810522069,4.0,0.5,0.49128508227467105,0.17388430199652863,608.5236861462253,97.05982013422886,15.662521011129575,21.36361153963618,0.8883925217443395,0.32813378967795737,0.05911163068270771,0.018799017948292807,1.25,0.4330127018922193,0.02679525058809415,0.004123489472586796,0.00825060573873581,0.008964551938842328,1.4000000000000001
94325,6966,0.2,-15,/gpfs/bbp.cscs.ch/project/proj32/glusynapse_20190926_release/testing/rodriguez_paulsen_2008/simulations/L4PC_L23PC/94325-6966/0Hz_-15ms/simulation.batch,0.7976229649068931,0.5168473196438861,0.6479845019309567,0.5007760285684065,0.41197829619421344,3.0,0.6666666666666666,0.40857701130350765,0.18989247371725526,729.0792495060474,157.65798609976332,1.8023080154024544,0.45218881464787875,0.5675978761722205,0.25343845982260943,0.05525718067131937,0.028252066977424273,1.0,0.0,0.02762384585949389,0.001944899544227541,0.0731083575970954,0.05286033555551034,2.15
95535,13744,0.2,-15,/gpfs/bbp.cscs.ch/project/proj32/glusynapse_20190926_release/testing/rodriguez_paulsen_2008/simulations/L4PC_L23PC/95535-13744/0Hz_-15ms/simulation.batch,1.1023376269140701,0.8597638626579188,0.7799460361929018,0.3983832247229627,0.3036005224180461,2.0,0.0,0.5710928007354706,0.1757813075050444,720.0896353128298,56.89916958824193,70.5422370040931,65.04853998729541,0.8682225654402194,0.26439143883843924,0.07048734860172462,0.022657734721892375,1.5,0.5,0.02132598129135232,0.00016134614806255845,0.005537020054821599,0.0015870067241345073,1.725
92645,15947,0.2,-15,/gpfs/bbp.cscs.ch/project/proj32/glusynapse_20190926_release/testing/rodriguez_paulsen_2008/simulations/L4PC_L23PC/92645-15947/0Hz_-15ms/simulation.batch,2.2993028490068737,2.3994595404486745,1.0435595908929791,0.6929517284756939,0.7571982275902241,4.0,0.25,0.5340109972857194,0.23769565158599304,694.7762690689683,89.91532305502756,3.294530112206957,3.1911076693788227,0.8512053094233152,0.40886290466354674,0.06840644978866445,0.040332648686795265,1.25,0.4330127018922193,0.024565564990938524,0.0047831248055128645,0.0506933358364504,0.05635468960915243,1.1
90202,9812,0.2,-15,/gpfs/bbp.cscs.ch/project/proj32/glusynapse_20190926_release/testing/rodriguez_paulsen_2008/simulations/L4PC_L23PC/90202-9812/0Hz_-15ms/simulation.batch,1.7657496504371677,1.6399875208205992,0.9287769194316804,0.832954584443811,0.819784705255606,4.0,0.75,0.4369619693069735,0.13700586111792754,612.6165093626944,110.54987985931236,13.038857560493014,19.796060262785055,0.7199360622603543,0.31676149885619587,0.07417328670243627,0.0505239958936523,1.25,0.4330127018922193,0.023047109761802152,0.011375829260779215,0.02150029120117791,0.01624517277477067,1.75
88475,25801,0.2,-15,/gpfs/bbp.cscs.ch/project/proj32/glusynapse_20190926_release/testing/rodriguez_paulsen_2008/simulations/L4PC_L23PC/88475-25801/0Hz_-15ms/simulation.batch,2.316098355664323,2.187072271163986,0.9442916212151411,1.097170360103406,1.0811314531731249,3.0,0.6666666666666666,0.62711548492774,0.057214720780864,745.6973448802213,128.15653933209578,1.828629338543477,2.398071588041396,0.8220646800747694,0.184112731626012,0.055829789647358095,0.011892856456891072,1.0,0.0,0.026695402426386225,0.0056581045284221886,0.031279304768217255,0.00524156842888134,0.9
97120,22752,0.2,-15,/gpfs/bbp.cscs.ch/project/proj32/glusynapse_20190926_release/testing/rodriguez_paulsen_2008/simulations/L4PC_L23PC/97120-22752/0Hz_-15ms/simulation.batch,0.9147041269738322,0.26972339975216025,0.29487502220472267,0.22750631512649555,0.1798413081719732,3.0,0.0,0.6659872572115909,0.12905196227684143,664.2801447448578,55.47070569074109,9.201640263435282,12.931834662025464,0.9616377801917837,0.3175913516551531,0.0791475945484845,0.01571883567289038,1.3333333333333333,0.4714045207910317,0.022920549724498303,0.00731237795014003,0.0008769642449638162,0.0006975307403312118,1.05
92608,15403,0.2,-15,/gpfs/bbp.cscs.ch/project/proj32/glusynapse_20190926_release/testing/rodriguez_paulsen_2008/simulations/L4PC_L23PC/92608-15403/0Hz_-15ms/simulation.batch,1.6448990967479242,2.272311374597865,1.3814290366444828,0.3245036143076884,0.3691323075957681,7.0,0.42857142857142855,0.4491309322124545,0.28040573873648694,558.1390904157022,118.02331201155367,8.635638984645878,13.603223075818939,0.7390818798539901,0.6282366823477723,0.062273912147254695,0.0525383781272351,1.2857142857142858,0.6998542122237652,0.022224504272177557,0.009057736361426982,0.008714261506733484,0.0198412150035856,2.8000000000000003
98422,118179,0.2,-15,/gpfs/bbp.cscs.ch/project/proj32/glusynapse_20190926_release/testing/rodriguez_paulsen_2008/simulations/L4PC_L23PC/98422-118179/0Hz_-15ms/simulation.batch,0.1641641387381405,0.052178254014973176,0.31784197459959945,0.04814412777288388,0.03872410426778208,3.0,0.3333333333333333,0.5082785895042026,0.23973390162325467,648.3492466002342,84.19363010091816,13.441146379310753,11.302264775448457,0.5187494858413426,0.4524138896979459,0.041329394671657645,0.02977581685205373,1.3333333333333333,0.4714045207910317,0.020042731815359992,0.005197390444132448,0.0009316573586272293,0.0006917014212683846,4.925000000000001
99077,8769,0.2,-15,/gpfs/bbp.cscs.ch/project/proj32/glusynapse_20190926_release/testing/rodriguez_paulsen_2008/simulations/L4PC_L23PC/99077-8769/0Hz_-15ms/simulation.batch,1.1242192574740624,1.0573990112939013,0.9405629767183536,0.39887786237066725,0.46320641895619646,2.0,0.0,0.5672863854552896,0.16545510016176632,578.2924558915664,91.83046354770082,46.15308184864112,44.13377527490154,0.9260685413023316,0.4902796257397871,0.0770260977956456,0.030381452510194428,1.5,0.5,0.020288275689734868,0.003947361763221016,0.004069185577426804,0.0008600138492661307,1.6500000000000001
90547,2205,0.2,-15,/gpfs/bbp.cscs.ch/project/proj32/glusynapse_20190926_release/testing/rodriguez_paulsen_2008/simulations/L4PC_L23PC/90547-2205/0Hz_-15ms/simulation.batch,2.3326309786079973,2.2701211458676385,0.9732020052405967,0.4141632144045845,0.3366660444685535,4.0,0.75,0.616264103009666,0.27965357026164545,649.286367540891,133.21288891837568,40.37022898915914,67.74283390747246,1.2021129644029893,0.6800287046581516,0.09503392068709632,0.04712702097210115,1.75,0.82915619758885,0.025982195877218832,0.007867460651905626,0.052481364209835304,0.04688769799275145,2.1750000000000003
105137,8628,0.2,-15,/gpfs/bbp.cscs.ch/project/proj32/glusynapse_20190926_release/testing/rodriguez_paulsen_2008/simulations/L4PC_L23PC/105137-8628/0Hz_-15ms/simulation.batch,0.8410990124565053,0.7946133260675945,0.9447322066719052,0.4946392986915791,0.48759783034904625,2.0,0.0,0.5886673042640445,0.07035838610454814,717.3312693254749,186.70522670733556,25.81014379597456,14.48069697058047,0.7202683855250771,0.05081053494848181,0.05985019433860274,0.00651548428702697,1.0,0.0,0.02071249409057701,0.0007526152629551645,0.0009836621254959172,0.0008052280734523669,1.4000000000000001
90875,122972,0.2,-15,/gpfs/bbp.cscs.ch/project/proj32/glusynapse_20190926_release/testing/rodriguez_paulsen_2008/simulations/L4PC_L23PC/90875-122972/0Hz_-15ms/simulation.batch,2.5247517470899807,2.580986850496076,1.0222735179690088,0.902363388295453,0.8049028722649696,3.0,0.6666666666666666,0.5334407347400755,0.2684115407134645,880.5890533101987,158.8362853129477,0.05417313372176189,0.06010334482607242,0.8175203081482986,0.4819343955512256,0.05720083620602693,0.03129073268914295,1.3333333333333333,0.4714045207910317,0.029888270882445223,0.009704878997621479,0.0003797767388070581,0.0001941486645783198,1.5750000000000002
93827,15398,0.2,-15,/gpfs/bbp.cscs.ch/project/proj32/glusynapse_20190926_release/testing/rodriguez_paulsen_2008/simulations/L4PC_L23PC/93827-15398/0Hz_-15ms/simulation.batch,2.50307077659159,2.5183995984716154,1.006124006569602,0.899095592535215,0.8265816550097597,3.0,0.6666666666666666,0.5785656236062576,0.1691444931205167,667.5820428092017,73.66000905615361,7.014364621672075,6.5443992062835425,0.7959611145264643,0.5234549015012423,0.04887321474368306,0.0244372777632013,1.3333333333333333,0.4714045207910317,0.03034210387152746,0.008926757389099503,0.026579969568931227,0.018587005991452812,1.3
91268,122405,0.2,-15,/gpfs/bbp.cscs.ch/project/proj32/glusynapse_20190926_release/testing/rodriguez_paulsen_2008/simulations/L4PC_L23PC/91268-122405/0Hz_-15ms/simulation.batch,0.6013120400696946,0.6906668921636805,1.1485998053250843,0.16527671498187402,0.1757673091588576,3.0,0.0,0.6268204849114186,0.07963390590277157,712.2149642734848,47.44032219276247,44.903791365923695,55.467965566966484,0.8523807031146626,0.3503103190789637,0.06593440250900177,0.0306892276636103,1.3333333333333333,0.4714045207910317,0.024862127465080024,0.0019382937605138823,0.001073893484515524,0.0014471946801693225,1.25
90159,123062,0.2,-15,/gpfs/bbp.cscs.ch/project/proj32/glusynapse_20190926_release/testing/rodriguez_paulsen_2008/simulations/L4PC_L23PC/90159-123062/0Hz_-15ms/simulation.batch,2.5460604755332454,2.1581449780022295,0.8476408941347824,0.5050970786728383,0.5593927166886651,6.0,0.5,0.5461913954186302,0.263031787494784,621.7139596785144,77.6432530578492,3.475713106993568,4.012459364300317,0.8572551136119797,0.4426497442330199,0.05315277788188077,0.03450198377068315,1.1666666666666667,0.3726779962499649,0.04154233071214745,0.008725569285206179,0.0032260775771538407,0.0065238131986916454,1.875
92167,16726,0.2,-15,/gpfs/bbp.cscs.ch/project/proj32/glusynapse_20190926_release/testing/rodriguez_paulsen_2008/simulations/L4PC_L23PC/92167-16726/0Hz_-15ms/simulation.batch,1.6857986868367252,3.706460136109652,2.198637455973196,0.7773655479433239,0.6998064193426043,9.0,0.3333333333333333,0.38281163190739714,0.17592766051254552,657.6646790397375,122.86809351119115,9.863793724856624,8.910016293921082,0.46692126182216753,0.2885154869349115,0.03635490327384255,0.016607856084677745,1.0,0.0,0.02379052490367469,0.0076896042060271425,0.02646504777461277,0.043162585384576305,1.6500000000000001
102454,5906,0.2,-15,/gpfs/bbp.cscs.ch/project/proj32/glusynapse_20190926_release/testing/rodriguez_paulsen_2008/simulations/L4PC_L23PC/102454-5906/0Hz_-15ms/simulation.batch,1.42630026526298,1.506893908009947,1.0565053829896802,0.7341965201119008,0.708718242405866,2.0,0.5,0.6348804459327845,0.17974484803693944,805.1485618015547,20.457566433054467,0.9964244322672486,0.1853038941848904,0.8857894905119865,0.21466326937383928,0.05534670332581891,0.01872489163615726,1.0,0.0,0.03531975111706846,0.004044383327748254,0.03081182729777212,0.030524189750571848,2.0
90418,8040,0.2,-15,/gpfs/bbp.cscs.ch/project/proj32/glusynapse_20190926_release/testing/rodriguez_paulsen_2008/simulations/L4PC_L23PC/90418-8040/0Hz_-15ms/simulation.batch,0.49931358289503436,0.5133470695177372,1.0281055575162532,0.31346544517775976,0.25406902274213344,3.0,0.0,0.5028822232053285,0.0520649313748547,710.7179100785153,232.43968053492904,18.83878135843022,19.901086072463272,0.5813326617215775,0.13682940562251758,0.048829492584670835,0.027140159013308292,1.0,0.0,0.02319665680084361,0.006786554891487949,4.933581913561061e-05,1.7194626596876055e-05,1.175
92142,124921,0.2,-15,/gpfs/bbp.cscs.ch/project/proj32/glusynapse_20190926_release/testing/rodriguez_paulsen_2008/simulations/L4PC_L23PC/92142-124921/0Hz_-15ms/simulation.batch,1.3413321670989404,1.437473155728702,1.0716757496673603,0.5239865675597896,0.45224906639957807,3.0,0.0,0.5529742694102141,0.2467198930698638,733.0572602030282,62.028591441702886,21.37932136190979,24.512263608903144,0.9097100510329273,0.462319807104901,0.07590199804369453,0.04303769509865159,1.3333333333333333,0.4714045207910317,0.025409778364251432,0.003590044595679519,0.002058825036836755,0.001481876962683626,1.3250000000000002
89592,8635,0.2,-15,/gpfs/bbp.cscs.ch/project/proj32/glusynapse_20190926_release/testing/rodriguez_paulsen_2008/simulations/L4PC_L23PC/89592-8635/0Hz_-15ms/simulation.batch,1.3028077115978631,0.3540861612712656,0.27178697064740825,0.29308922249125874,0.12598504341158015,4.0,0.5,0.6256505611102818,0.18894154254812096,748.9511251832216,92.8840553086129,6.390287103076839,6.703576106086045,0.9923075002991044,0.49031152951672985,0.07251535577678989,0.034184713762011196,1.75,0.82915619758885,0.028473686271509625,0.006799228124671187,0.00019507106672352482,0.00017465144528176364,5.7250000000000005
90190,17594,0.2,-15,/gpfs/bbp.cscs.ch/project/proj32/glusynapse_20190926_release/testing/rodriguez_paulsen_2008/simulations/L4PC_L23PC/90190-17594/0Hz_-15ms/simulation.batch,1.9674469900758356,1.2041573847958977,0.6120405738349693,0.5437404686335869,0.6039182982771791,4.0,0.25,0.5031600573819333,0.21712133354615276,745.4123603306808,83.11502570174716,13.3670674087026,8.62869176844893,0.7995860462526283,0.3835211322998477,0.04310320652878523,0.015598842955649575,1.25,0.4330127018922193,0.03226534625810205,0.006788989786221505,0.025689417407350208,0.03248691808052373,1.35
89733,17425,0.2,-15,/gpfs/bbp.cscs.ch/project/proj32/glusynapse_20190926_release/testing/rodriguez_paulsen_2008/simulations/L4PC_L23PC/89733-17425/0Hz_-15ms/simulation.batch,1.0103952894322181,0.7655640736098434,0.757687690765111,0.2854313784545354,0.1994880763898754,4.0,0.5,0.5660669735922053,0.2068021155950598,678.4856231513066,109.09992694443301,5.702339049246161,7.0567005807203556,0.7983065273696831,0.47313522351961934,0.06362014576897912,0.022931097822394518,1.25,0.4330127018922193,0.03075688703059884,0.013451346642358341,0.00024828767181315066,0.00030343384398495574,9.325000000000001
94343,122630,0.2,-15,/gpfs/bbp.cscs.ch/project/proj32/glusynapse_20190926_release/testing/rodriguez_paulsen_2008/simulations/L4PC_L23PC/94343-122630/0Hz_-15ms/simulation.batch,1.4838899944155988,1.4274332631835405,0.9619535602743298,0.5115858770072961,0.47767816336863184,3.0,0.6666666666666666,0.5750756949837111,0.14000609719768786,659.5363435951249,106.65412600619251,3.6200314151443322,2.5887248190649546,1.026505864550175,0.3554583834869173,0.051763141494293174,0.008445821644143727,1.3333333333333333,0.4714045207910317,0.04833888592078525,0.017643095520241948,0.0005141844655758341,0.0006897878154475133,2.25
100697,6256,0.2,-15,/gpfs/bbp.cscs.ch/project/proj32/glusynapse_20190926_release/testing/rodriguez_paulsen_2008/simulations/L4PC_L23PC/100697-6256/0Hz_-15ms/simulation.batch,2.8000013322411172,2.904654519144534,1.0373761203962186,0.6861667045978066,0.7718986428722413,4.0,0.75,0.638395671646249,0.13445417655543826,609.6324659939212,42.42155665300909,13.781780581002344,21.570487074005108,0.9410335042092758,0.5597867473598942,0.0737716747694146,0.0339004388409792,1.25,0.4330127018922193,0.024971579265889582,0.008143218964689187,0.03516394511111929,0.020002410013454666,1.5250000000000001
106783,14675,0.2,-15,/gpfs/bbp.cscs.ch/project/proj32/glusynapse_20190926_release/testing/rodriguez_paulsen_2008/simulations/L4PC_L23PC/106783-14675/0Hz_-15ms/simulation.batch,1.1302548894130262,1.1903115050657078,1.053135461934494,0.3348094384320622,0.34716087146912866,3.0,0.0,0.4004262676764662,0.306557358095715,763.6636616533427,50.00692427469859,28.87552375378175,20.678366870817307,0.5578319255065751,0.3715806948101658,0.05796050582970083,0.0291931775895931,1.3333333333333333,0.4714045207910317,0.019616163420186846,0.006351119939356617,0.008170150475133307,0.008674517313280344,1.625
99607,26427,0.2,-15,/gpfs/bbp.cscs.ch/project/proj32/glusynapse_20190926_release/testing/rodriguez_paulsen_2008/simulations/L4PC_L23PC/99607-26427/0Hz_-15ms/simulation.batch,4.635160763259438,4.688241735068838,1.0114518081508945,0.5979483364667872,0.6210342801640468,3.0,0.0,0.8319299964152341,0.15325870672261727,672.7016753495103,117.58532475352185,2.2773459882106937,3.122549141995097,2.229762026643826,0.8163723620255835,0.1654438911911754,0.06990598184020573,2.6666666666666665,0.9428090415820634,0.02904981250079715,0.005840768123889698,0.0012910101541925457,0.0008243512521891281,1.675
93775,15827,0.2,-15,/gpfs/bbp.cscs.ch/project/proj32/glusynapse_20190926_release/testing/rodriguez_paulsen_2008/simulations/L4PC_L23PC/93775-15827/0Hz_-15ms/simulation.batch,0.9895775772841549,1.1867751384701195,1.199274484095692,0.2813322910984058,0.2992260098840987,3.0,0.3333333333333333,0.6310789423816874,0.2209570712282621,605.2039185946226,53.0798291603228,23.306591104352666,29.80682128264816,0.8982719347061501,0.44109409636298497,0.05204630872162282,0.023998513060468157,1.3333333333333333,0.4714045207910317,0.03759494917588682,0.018764699235286737,0.0004779867468757616,0.00020377041516903677,3.075
106087,12297,0.2,-15,/gpfs/bbp.cscs.ch/project/proj32/glusynapse_20190926_release/testing/rodriguez_paulsen_2008/simulations/L4PC_L23PC/106087-12297/0Hz_-15ms/simulation.batch,0.8288310698401608,0.7538550577083772,0.9095400560379058,0.6590305487909963,0.655745227999559,2.0,0.0,0.4440637384232796,0.13700304617597156,690.7372064029872,76.06513302490703,4.1463625175259775,1.1212029722404182,0.683958324369483,0.41837721886358825,0.04051905981904582,0.01740678191183096,1.0,0.0,0.02871103090031653,0.00438666316126032,0.023460660270667427,0.002010199541691413,1.475
99420,16044,0.2,-15,/gpfs/bbp.cscs.ch/project/proj32/glusynapse_20190926_release/testing/rodriguez_paulsen_2008/simulations/L4PC_L23PC/99420-16044/0Hz_-15ms/simulation.batch,1.347802882109732,1.0958814198203042,0.8130873099966278,0.7165448276334007,0.39784444706873945,4.0,0.0,0.3565823099361777,0.23099310348083477,667.0063674827245,140.92527627692988,19.830244971238347,31.90370980283219,0.4571954195320646,0.40407431294839385,0.03311216525423122,0.027857158012367926,1.25,0.4330127018922193,0.023672752689318174,0.005975331464276184,0.006133546401620775,0.0073184019415683255,1.425
88870,24450,0.2,-15,/gpfs/bbp.cscs.ch/project/proj32/glusynapse_20190926_release/testing/rodriguez_paulsen_2008/simulations/L4PC_L23PC/88870-24450/0Hz_-15ms/simulation.batch,0.42852706548366676,0.17885183790378606,0.41736415808863997,0.24495548325186667,0.19380517504827197,3.0,0.3333333333333333,0.500844561488079,0.038971126420955904,706.5337573899405,114.0588542574546,1.7547625715108432,2.453399759033538,0.5468302169964988,0.06738278560408621,0.06218419105830595,0.01780438857288576,1.0,0.0,0.01760685079456951,0.007417538785917171,3.8553183522814026e-05,1.5168906365651517e-05,3.4250000000000003
88333,11981,0.2,-15,/gpfs/bbp.cscs.ch/project/proj32/glusynapse_20190926_release/testing/rodriguez_paulsen_2008/simulations/L4PC_L23PC/88333-11981/0Hz_-15ms/simulation.batch,1.451182328993759,0.5030140062632372,0.34662357459384446,0.34149867131469364,0.25142892809661727,6.0,0.3333333333333333,0.4809810893507458,0.21295834681339965,609.4662104389887,82.13147248857302,43.13653345842673,53.02591640060794,0.7645382379333338,0.4667229125998229,0.06726928425577314,0.03371513045289154,1.1666666666666667,0.37267799624996495,0.027582860744437956,0.00937455912271692,0.0003342524168129956,0.0004155541381415671,2.4250000000000003
91760,126586,0.2,-15,/gpfs/bbp.cscs.ch/project/proj32/glusynapse_20190926_release/testing/rodriguez_paulsen_2008/simulations/L4PC_L23PC/91760-126586/0Hz_-15ms/simulation.batch,2.7639947905668216,2.883875565822235,1.0433722869755586,0.8122883934169792,0.8586576430853106,4.0,0.0,0.6108700445440739,0.1702419136384245,653.3367254750144,102.3238115753388,6.075266277513054,4.242583449813124,1.0285559534892281,0.31651146880013775,0.05698081257704284,0.011390040939053459,1.0,0.0,0.06019720263511003,0.02527846362365341,4.274937844123043e-05,9.919504359400242e-06,1.675
90028,8070,0.2,-15,/gpfs/bbp.cscs.ch/project/proj32/glusynapse_20190926_release/testing/rodriguez_paulsen_2008/simulations/L4PC_L23PC/90028-8070/0Hz_-15ms/simulation.batch,0.32173172183057325,0.3077704404754082,0.9566058289940176,0.30184751018537315,0.3032392759021768,3.0,0.3333333333333333,0.24142283990046395,0.12326507536787032,758.2588074663473,160.92005136685472,0.05048078802844614,0.06980644234604148,0.2831834800444617,0.09318733289897502,0.035701035036856746,0.023255617909742038,1.0,0.0,0.03758874633987827,0.03734191881126242,0.03580080594348279,0.0493357184610387,1.925
97712,7153,0.2,-15,/gpfs/bbp.cscs.ch/project/proj32/glusynapse_20190926_release/testing/rodriguez_paulsen_2008/simulations/L4PC_L23PC/97712-7153/0Hz_-15ms/simulation.batch,0.970246471739655,0.633852352514506,0.6532900360647607,0.38379065218117603,0.20649441864299026,4.0,0.0,0.5603210987448413,0.07574723913953177,782.4365585491946,175.3156886542929,5.713532581247598,7.382805231074786,0.7100598960556291,0.2386887840628972,0.07132743776662924,0.028827815932563988,1.5,0.5,0.01825752515955303,0.007325267120388239,0.030757332402507786,0.0035077310360794966,1.4000000000000001
97195,971,0.2,-15,/gpfs/bbp.cscs.ch/project/proj32/glusynapse_20190926_release/testing/rodriguez_paulsen_2008/simulations/L4PC_L23PC/97195-971/0Hz_-15ms/simulation.batch,0.7261844091252972,0.3032034729598242,0.41752958222421555,0.4689719390143133,0.3344324838869656,2.0,0.0,0.5534098744808676,0.04073239138479123,684.2841253345248,43.7554327194635,16.982127077586668,16.605006751614056,0.7620185728339687,0.0024501168086529246,0.07489551720017953,0.02399010614152238,1.0,0.0,0.019307859978806356,0.006737478687969273,0.0016594446996861187,0.0012989362425321188,2.6750000000000003
97756,3466,0.2,-15,/gpfs/bbp.cscs.ch/project/proj32/glusynapse_20190926_release/testing/rodriguez_paulsen_2008/simulations/L4PC_L23PC/97756-3466/0Hz_-15ms/simulation.batch,2.419107021718238,1.8431569987386105,0.7619162700083674,0.6172149518958148,0.575596925653814,3.0,0.3333333333333333,0.7549559086438441,0.0982626270457441,602.0704482870239,82.421082046356,79.76620953331305,67.96503795408222,1.0560017925671548,0.290666254572621,0.05258003531060587,0.0213475836107228,1.0,0.0,0.038882047130660964,0.006800095177906446,0.028897965806120505,0.040087535175886584,1.8
97300,2957,0.2,-15,/gpfs/bbp.cscs.ch/project/proj32/glusynapse_20190926_release/testing/rodriguez_paulsen_2008/simulations/L4PC_L23PC/97300-2957/0Hz_-15ms/simulation.batch,1.312932514299135,0.3366935314511309,0.2564438977511829,0.5747741950723195,0.3177736449503523,3.0,0.0,0.5427913365348219,0.2516219840879616,645.3040302850753,69.46637089627498,29.602568781205676,38.73168157914889,0.6843456799317155,0.362686316921154,0.04504254206634439,0.030869059037423756,1.0,0.0,0.038650132116736326,0.01606077192052315,0.0017925897095264693,0.0016220355918366053,1.875
88805,119258,0.2,-15,/gpfs/bbp.cscs.ch/project/proj32/glusynapse_20190926_release/testing/rodriguez_paulsen_2008/simulations/L4PC_L23PC/88805-119258/0Hz_-15ms/simulation.batch,1.4787370497977494,0.2683814272181093,0.18149367884899922,0.47282511899015556,0.22832269900052926,5.0,0.0,0.4849802885258286,0.1876224525771257,612.7222707802289,56.86980413505201,35.093938259767434,68.30801889092135,0.7592165354081309,0.4586026912268968,0.040889564008740546,0.028578466317395006,1.2,0.4,0.037797044548963515,0.01613540990246552,0.0049565553184850305,0.006089756071161332,1.875
