,pregid,postgid,frequency_train,dt_train,path,epsp_before,epsp_after,epsp_ratio,risetime,epsp_before_amplitude,epsp_after_amplitude,epsp_ratio_amplitude
0,90859,9462,0.2,-15,/gpfs/bbp.cscs.ch/project/proj32/glusynapse_20190926_release/testing/rodriguez_paulsen_2008/simulations/L4PC_L23PC/90859-9462/0Hz_-15ms/simulation.batch,0.0918222029802808,0.0635921620559422,0.6925575731351045,1.3250000000000002,7.981450680137638,5.559744459008987,0.6965832004506116
1,97125,4498,0.2,-15,/gpfs/bbp.cscs.ch/project/proj32/glusynapse_20190926_release/testing/rodriguez_paulsen_2008/simulations/L4PC_L23PC/97125-4498/0Hz_-15ms/simulation.batch,0.0125018858837047,0.0024724908460843,0.1977694300751102,1.5750000000000002,1.3008181874051072,0.2841806046109236,0.2184629699695478
2,89002,17938,0.2,-15,/gpfs/bbp.cscs.ch/project/proj32/glusynapse_20190926_release/testing/rodriguez_paulsen_2008/simulations/L4PC_L23PC/89002-17938/0Hz_-15ms/simulation.batch,0.0276973750311693,0.0216154233238483,0.7804141475328731,2.125,3.8617073393566623,3.044239048263584,0.7883142819338392
3,100058,7011,0.2,-15,/gpfs/bbp.cscs.ch/project/proj32/glusynapse_20190926_release/testing/rodriguez_paulsen_2008/simulations/L4PC_L23PC/100058-7011/0Hz_-15ms/simulation.batch,0.0228583512240073,0.0160762623442449,0.7032992969046946,1.9,2.902142787707981,2.089132584276677,0.7198586482805717
4,92743,15750,0.2,-15,/gpfs/bbp.cscs.ch/project/proj32/glusynapse_20190926_release/testing/rodriguez_paulsen_2008/simulations/L4PC_L23PC/92743-15750/0Hz_-15ms/simulation.batch,0.0034942021980166,0.0017973206420812,0.5143722487214601,1.775,0.4103092581472801,0.1396744679966715,0.3404126648941847
5,98117,123753,0.2,-15,/gpfs/bbp.cscs.ch/project/proj32/glusynapse_20190926_release/testing/rodriguez_paulsen_2008/simulations/L4PC_L23PC/98117-123753/0Hz_-15ms/simulation.batch,0.0258763648013212,0.0246844097512675,0.9539365340067876,1.25,2.164016186453783,1.9853652838390727,0.9174447475333036
6,92722,3098,0.2,-15,/gpfs/bbp.cscs.ch/project/proj32/glusynapse_20190926_release/testing/rodriguez_paulsen_2008/simulations/L4PC_L23PC/92722-3098/0Hz_-15ms/simulation.batch,0.0184006425408139,0.009900008072959,0.5380251287964574,1.675,2.0679837399101504,0.8121931000682177,0.3927463666148099
7,91659,120773,0.2,-15,/gpfs/bbp.cscs.ch/project/proj32/glusynapse_20190926_release/testing/rodriguez_paulsen_2008/simulations/L4PC_L23PC/91659-120773/0Hz_-15ms/simulation.batch,0.0160735458195711,0.0075116929567545,0.4673326620693896,1.9,1.9627816830880804,0.9440723008207326,0.4809869120723637
8,96554,14729,0.2,-15,/gpfs/bbp.cscs.ch/project/proj32/glusynapse_20190926_release/testing/rodriguez_paulsen_2008/simulations/L4PC_L23PC/96554-14729/0Hz_-15ms/simulation.batch,0.0016164974883682,0.0016408016513488,1.0150350762407407,2.475,0.2619951143836599,0.2659762089151935,1.0151953006486365
9,92094,5000,0.2,-15,/gpfs/bbp.cscs.ch/project/proj32/glusynapse_20190926_release/testing/rodriguez_paulsen_2008/simulations/L4PC_L23PC/92094-5000/0Hz_-15ms/simulation.batch,0.0136176220911226,0.0136928250864747,1.005522476306726,2.275,2.049315265658013,1.409606846105088,0.6878428466946879
10,103244,17768,0.2,-15,/gpfs/bbp.cscs.ch/project/proj32/glusynapse_20190926_release/testing/rodriguez_paulsen_2008/simulations/L4PC_L23PC/103244-17768/0Hz_-15ms/simulation.batch,0.0242311534797825,0.0146729819027944,0.6055420314611506,1.175,1.8753892942103108,1.1256429688575809,0.6002182972530867
11,93874,1832,0.2,-15,/gpfs/bbp.cscs.ch/project/proj32/glusynapse_20190926_release/testing/rodriguez_paulsen_2008/simulations/L4PC_L23PC/93874-1832/0Hz_-15ms/simulation.batch,0.0142630795162515,0.0080665846106002,0.5655570104204394,2.0500000000000003,1.9349167523715105,1.0342018307334568,0.5344942253799283
12,93092,117702,0.2,-15,/gpfs/bbp.cscs.ch/project/proj32/glusynapse_20190926_release/testing/rodriguez_paulsen_2008/simulations/L4PC_L23PC/93092-117702/0Hz_-15ms/simulation.batch,0.0035466554176454,0.0015084095965215,0.4253048066121178,1.5,0.3563634859393348,0.1105047218685534,0.3100899116453393
13,97312,21941,0.2,-15,/gpfs/bbp.cscs.ch/project/proj32/glusynapse_20190926_release/testing/rodriguez_paulsen_2008/simulations/L4PC_L23PC/97312-21941/0Hz_-15ms/simulation.batch,0.0688818292047809,0.0698599087202063,1.0141993835924084,1.375,6.0404071586752766,5.673966955744447,0.9393351816682514
14,99023,24822,0.2,-15,/gpfs/bbp.cscs.ch/project/proj32/glusynapse_20190926_release/testing/rodriguez_paulsen_2008/simulations/L4PC_L23PC/99023-24822/0Hz_-15ms/simulation.batch,0.0247538971886759,0.0181647220616094,0.7338126163794211,1.775,2.943013152414817,2.406488363218832,0.8176954157490758
15,108211,9567,0.2,-15,/gpfs/bbp.cscs.ch/project/proj32/glusynapse_20190926_release/testing/rodriguez_paulsen_2008/simulations/L4PC_L23PC/108211-9567/0Hz_-15ms/simulation.batch,0.0045684597969556,0.0038864770133902,0.8507193203232605,2.35,0.7120018129073112,0.606215967876493,0.8514247532617034
16,89445,24676,0.2,-15,/gpfs/bbp.cscs.ch/project/proj32/glusynapse_20190926_release/testing/rodriguez_paulsen_2008/simulations/L4PC_L23PC/89445-24676/0Hz_-15ms/simulation.batch,0.0133980301404936,0.0042805006075112,0.3194873098974521,2.475,2.1938665729863414,0.7114811803097775,0.3243046724310554
17,100453,5522,0.2,-15,/gpfs/bbp.cscs.ch/project/proj32/glusynapse_20190926_release/testing/rodriguez_paulsen_2008/simulations/L4PC_L23PC/100453-5522/0Hz_-15ms/simulation.batch,0.0044688802658599,0.0152495898291282,3.412396153378238,1.4500000000000002,0.4358856638545951,1.5864001312856182,3.6394868261022166
18,91115,17336,0.2,-15,/gpfs/bbp.cscs.ch/project/proj32/glusynapse_20190926_release/testing/rodriguez_paulsen_2008/simulations/L4PC_L23PC/91115-17336/0Hz_-15ms/simulation.batch,0.0072208042527956,0.0057845277878807,0.8010918985431761,2.025,0.9723928264289392,0.7856789969906186,0.8079851842140616
19,93550,2546,0.2,-15,/gpfs/bbp.cscs.ch/project/proj32/glusynapse_20190926_release/testing/rodriguez_paulsen_2008/simulations/L4PC_L23PC/93550-2546/0Hz_-15ms/simulation.batch,0.0799372795206226,0.0804008784727711,1.0057995337710854,1.2000000000000002,6.176606791277981,6.275797245510626,1.016059052742796
20,88441,14910,0.2,-15,/gpfs/bbp.cscs.ch/project/proj32/glusynapse_20190926_release/testing/rodriguez_paulsen_2008/simulations/L4PC_L23PC/88441-14910/0Hz_-15ms/simulation.batch,0.0034846348587446,0.0038833686347636,1.1144262719573963,2.5250000000000004,0.6039139336801777,0.6077901643089236,1.0064185149779947
21,92798,13477,0.2,-15,/gpfs/bbp.cscs.ch/project/proj32/glusynapse_20190926_release/testing/rodriguez_paulsen_2008/simulations/L4PC_L23PC/92798-13477/0Hz_-15ms/simulation.batch,0.0021192268107026,0.001236309005003,0.5833773896967255,5.1000000000000005,0.7857212882161503,0.525988586493483,0.669434052993082
22,93469,14859,0.2,-15,/gpfs/bbp.cscs.ch/project/proj32/glusynapse_20190926_release/testing/rodriguez_paulsen_2008/simulations/L4PC_L23PC/93469-14859/0Hz_-15ms/simulation.batch,0.0046014236868098,0.0014157367853134,0.3076736422624309,5.3500000000000005,1.6210320497797297,0.5062260462515169,0.3122862662217593
23,91888,4509,0.2,-15,/gpfs/bbp.cscs.ch/project/proj32/glusynapse_20190926_release/testing/rodriguez_paulsen_2008/simulations/L4PC_L23PC/91888-4509/0Hz_-15ms/simulation.batch,0.0308918059602325,0.0225124926250581,0.7287528820438256,1.8,3.672805458227927,2.071200953599527,0.5639288487114289
24,98156,24153,0.2,-15,/gpfs/bbp.cscs.ch/project/proj32/glusynapse_20190926_release/testing/rodriguez_paulsen_2008/simulations/L4PC_L23PC/98156-24153/0Hz_-15ms/simulation.batch,0.0097713230772761,0.0083663333182719,0.8562129459958583,1.1,0.7269185224442457,0.6128237265483212,0.843043212721718
25,105280,124329,0.2,-15,/gpfs/bbp.cscs.ch/project/proj32/glusynapse_20190926_release/testing/rodriguez_paulsen_2008/simulations/L4PC_L23PC/105280-124329/0Hz_-15ms/simulation.batch,0.0128108327952705,0.0038456738982997,0.3001892195267335,1.2000000000000002,1.0100443131506165,0.3454355939910082,0.3420004345289526
26,95719,24908,0.2,-15,/gpfs/bbp.cscs.ch/project/proj32/glusynapse_20190926_release/testing/rodriguez_paulsen_2008/simulations/L4PC_L23PC/95719-24908/0Hz_-15ms/simulation.batch,0.0034797030858708,0.008516065877341,2.4473541756824173,2.125,0.5008575302913301,1.426794554772417,2.8487034106136013
27,100334,24640,0.2,-15,/gpfs/bbp.cscs.ch/project/proj32/glusynapse_20190926_release/testing/rodriguez_paulsen_2008/simulations/L4PC_L23PC/100334-24640/0Hz_-15ms/simulation.batch,0.0099564955712912,0.0100850678177964,1.0129134036754823,1.85,1.219084986323337,1.2631995813060082,1.0361866444731775
28,102941,11005,0.2,-15,/gpfs/bbp.cscs.ch/project/proj32/glusynapse_20190926_release/testing/rodriguez_paulsen_2008/simulations/L4PC_L23PC/102941-11005/0Hz_-15ms/simulation.batch,0.0294140869851656,0.0294598073925582,1.0015543711220998,1.25,2.433763584839103,2.4208722224825263,0.9947031164255716
29,88654,12543,0.2,-15,/gpfs/bbp.cscs.ch/project/proj32/glusynapse_20190926_release/testing/rodriguez_paulsen_2008/simulations/L4PC_L23PC/88654-12543/0Hz_-15ms/simulation.batch,0.0046385175887842,0.0024050690005847,0.5184994892333962,5.025,1.537881070117603,0.8180779654306097,0.5319513851406276
30,88449,27020,0.2,-15,/gpfs/bbp.cscs.ch/project/proj32/glusynapse_20190926_release/testing/rodriguez_paulsen_2008/simulations/L4PC_L23PC/88449-27020/0Hz_-15ms/simulation.batch,0.024978035947401,0.0075905572714353,0.3038892764595083,1.475,2.3866034854580658,0.6597434773386394,0.2764361492634011
31,91379,23322,0.2,-15,/gpfs/bbp.cscs.ch/project/proj32/glusynapse_20190926_release/testing/rodriguez_paulsen_2008/simulations/L4PC_L23PC/91379-23322/0Hz_-15ms/simulation.batch,0.0137688611248425,0.0009866122034393,0.0716553238858088,2.15,1.953176468897161,0.1510453791299409,0.077333196224316
32,93180,113170,0.2,-15,/gpfs/bbp.cscs.ch/project/proj32/glusynapse_20190926_release/testing/rodriguez_paulsen_2008/simulations/L4PC_L23PC/93180-113170/0Hz_-15ms/simulation.batch,0.0165071155466672,0.0155638975335545,0.9428599133236726,2.1,2.3796819891126337,2.27881218650228,0.957612066203868
33,93273,10853,0.2,-15,/gpfs/bbp.cscs.ch/project/proj32/glusynapse_20190926_release/testing/rodriguez_paulsen_2008/simulations/L4PC_L23PC/93273-10853/0Hz_-15ms/simulation.batch,0.0082416650431973,0.0082134555414207,0.9965772084125352,5.1000000000000005,2.769740211693219,2.7617269561194653,0.9971068566142328
34,88401,18051,0.2,-15,/gpfs/bbp.cscs.ch/project/proj32/glusynapse_20190926_release/testing/rodriguez_paulsen_2008/simulations/L4PC_L23PC/88401-18051/0Hz_-15ms/simulation.batch,0.0209763049199894,0.0162339613769781,0.7739190214339388,1.725,2.389589005621801,1.7690604211576977,0.7403199533458541
35,89866,18189,0.2,-15,/gpfs/bbp.cscs.ch/project/proj32/glusynapse_20190926_release/testing/rodriguez_paulsen_2008/simulations/L4PC_L23PC/89866-18189/0Hz_-15ms/simulation.batch,0.0163459686130306,0.0132498879494295,0.8105905659739832,1.875,2.0164841204750767,1.726614756060611,0.8562501130203926
36,88314,9303,0.2,-15,/gpfs/bbp.cscs.ch/project/proj32/glusynapse_20190926_release/testing/rodriguez_paulsen_2008/simulations/L4PC_L23PC/88314-9303/0Hz_-15ms/simulation.batch,0.0206169017996046,0.0112231353207521,0.5443657553322254,1.7000000000000002,2.281933209270902,1.0654128948415031,0.4668904815062103
37,91816,23816,0.2,-15,/gpfs/bbp.cscs.ch/project/proj32/glusynapse_20190926_release/testing/rodriguez_paulsen_2008/simulations/L4PC_L23PC/91816-23816/0Hz_-15ms/simulation.batch,0.0076076705821942,0.0043224061463764,0.5681642100136423,2.5,1.2518584818782583,0.6555826554374865,0.5236875133472484
38,99309,24554,0.2,-15,/gpfs/bbp.cscs.ch/project/proj32/glusynapse_20190926_release/testing/rodriguez_paulsen_2008/simulations/L4PC_L23PC/99309-24554/0Hz_-15ms/simulation.batch,0.0538752527806915,0.0504649104272838,0.9366992788453338,1.0,3.557541348325471,3.331928620521481,0.9365818396151078
39,91572,11941,0.2,-15,/gpfs/bbp.cscs.ch/project/proj32/glusynapse_20190926_release/testing/rodriguez_paulsen_2008/simulations/L4PC_L23PC/91572-11941/0Hz_-15ms/simulation.batch,0.0120600791756498,0.0102857694915863,0.8528774431559368,2.7,1.9150932011191435,2.007468306819786,1.0482353055436988
40,98862,26642,0.2,-15,/gpfs/bbp.cscs.ch/project/proj32/glusynapse_20190926_release/testing/rodriguez_paulsen_2008/simulations/L4PC_L23PC/98862-26642/0Hz_-15ms/simulation.batch,0.0331026206292678,0.0328329851951524,0.9918545592768868,0.95,2.0583062608358635,2.0385940204651525,0.990423077097037
41,89858,16399,0.2,-15,/gpfs/bbp.cscs.ch/project/proj32/glusynapse_20190926_release/testing/rodriguez_paulsen_2008/simulations/L4PC_L23PC/89858-16399/0Hz_-15ms/simulation.batch,0.0241395406764371,0.0268181572535537,1.11096385855143,1.95,3.087057192492003,3.486622074424788,1.1294322900478042
42,88415,25518,0.2,-15,/gpfs/bbp.cscs.ch/project/proj32/glusynapse_20190926_release/testing/rodriguez_paulsen_2008/simulations/L4PC_L23PC/88415-25518/0Hz_-15ms/simulation.batch,0.0371286586825596,0.0312377125075993,0.8413369514550378,1.525,3.742481472629428,2.763139025721047,0.7383173559920644
43,93167,10954,0.2,-15,/gpfs/bbp.cscs.ch/project/proj32/glusynapse_20190926_release/testing/rodriguez_paulsen_2008/simulations/L4PC_L23PC/93167-10954/0Hz_-15ms/simulation.batch,0.0078513397911125,0.003706825551119,0.4721264968451683,2.35,1.2327593621386486,0.5377427192831968,0.4362106148196641
44,92622,25584,0.2,-15,/gpfs/bbp.cscs.ch/project/proj32/glusynapse_20190926_release/testing/rodriguez_paulsen_2008/simulations/L4PC_L23PC/92622-25584/0Hz_-15ms/simulation.batch,0.0130831253901769,0.010040185788581,0.7674149325297623,1.75,1.560870684780432,1.3103284220208289,0.8394855735311301
45,102535,12843,0.2,-15,/gpfs/bbp.cscs.ch/project/proj32/glusynapse_20190926_release/testing/rodriguez_paulsen_2008/simulations/L4PC_L23PC/102535-12843/0Hz_-15ms/simulation.batch,0.0043090511844166,0.0057892666133978,1.3435130764596808,6.550000000000001,2.089397898758641,1.5429718982109164,0.7384768114908278
46,108553,124932,0.2,-15,/gpfs/bbp.cscs.ch/project/proj32/glusynapse_20190926_release/testing/rodriguez_paulsen_2008/simulations/L4PC_L23PC/108553-124932/0Hz_-15ms/simulation.batch,0.0167024298558326,0.0166502033287611,0.996873118012028,1.55,1.7299036605447886,1.7236538101765124,0.9963871685396006
47,88952,10433,0.2,-15,/gpfs/bbp.cscs.ch/project/proj32/glusynapse_20190926_release/testing/rodriguez_paulsen_2008/simulations/L4PC_L23PC/88952-10433/0Hz_-15ms/simulation.batch,0.0090565805296246,0.0091539741115853,1.0107539022749394,2.5,1.5143223020786796,1.5390438861919058,1.0163251799694764
48,95835,22055,0.2,-15,/gpfs/bbp.cscs.ch/project/proj32/glusynapse_20190926_release/testing/rodriguez_paulsen_2008/simulations/L4PC_L23PC/95835-22055/0Hz_-15ms/simulation.batch,0.0093493681708244,0.0121943817126858,1.304300086367283,2.0500000000000003,1.27778816650479,1.809088789836434,1.4157971072661772
49,94821,25384,0.2,-15,/gpfs/bbp.cscs.ch/project/proj32/glusynapse_20190926_release/testing/rodriguez_paulsen_2008/simulations/L4PC_L23PC/94821-25384/0Hz_-15ms/simulation.batch,0.0018153424185938,0.0018149908241881,0.999806320613644,2.125,0.2601851750362949,0.2787469617482765,1.0713406776900043
50,92629,9484,0.2,-15,/gpfs/bbp.cscs.ch/project/proj32/glusynapse_20190926_release/testing/rodriguez_paulsen_2008/simulations/L4PC_L23PC/92629-9484/0Hz_-15ms/simulation.batch,0.0041008756582559,0.0061165467305444,1.4915221138759784,1.975,0.5237331220783867,0.8567827678633587,1.635914804210387
51,90020,10751,0.2,-15,/gpfs/bbp.cscs.ch/project/proj32/glusynapse_20190926_release/testing/rodriguez_paulsen_2008/simulations/L4PC_L23PC/90020-10751/0Hz_-15ms/simulation.batch,0.0149025111474666,0.0150081558173147,1.0070890515566593,2.325,2.3042223599224223,2.3312416216724574,1.011725978455892
52,93632,14546,0.2,-15,/gpfs/bbp.cscs.ch/project/proj32/glusynapse_20190926_release/testing/rodriguez_paulsen_2008/simulations/L4PC_L23PC/93632-14546/0Hz_-15ms/simulation.batch,0.0460186357127675,0.0476875379425415,1.036265791106687,1.35,4.126260385756003,4.207178348913507,1.019610483971597
53,88604,4591,0.2,-15,/gpfs/bbp.cscs.ch/project/proj32/glusynapse_20190926_release/testing/rodriguez_paulsen_2008/simulations/L4PC_L23PC/88604-4591/0Hz_-15ms/simulation.batch,0.043077719352224,0.0413380916727174,0.95961653249833,1.675,4.799881086254098,4.323438415583568,0.900738651206388
54,97984,15906,0.2,-15,/gpfs/bbp.cscs.ch/project/proj32/glusynapse_20190926_release/testing/rodriguez_paulsen_2008/simulations/L4PC_L23PC/97984-15906/0Hz_-15ms/simulation.batch,0.0376054317182719,0.0202570565575162,0.5386736870693509,1.4,3.4992534333441627,1.8928509006307084,0.5409299259647367
55,92906,994,0.2,-15,/gpfs/bbp.cscs.ch/project/proj32/glusynapse_20190926_release/testing/rodriguez_paulsen_2008/simulations/L4PC_L23PC/92906-994/0Hz_-15ms/simulation.batch,0.0104401471946881,0.0066097953566845,0.6331132342700603,1.775,1.223957769372808,0.8318429731268598,0.6796337209846061
56,90025,122196,0.2,-15,/gpfs/bbp.cscs.ch/project/proj32/glusynapse_20190926_release/testing/rodriguez_paulsen_2008/simulations/L4PC_L23PC/90025-122196/0Hz_-15ms/simulation.batch,0.0187364352188382,0.0083971373626937,0.4481715579626903,1.2000000000000002,1.4820232550129762,0.7319696102979961,0.4938988695501861
57,92614,7122,0.2,-15,/gpfs/bbp.cscs.ch/project/proj32/glusynapse_20190926_release/testing/rodriguez_paulsen_2008/simulations/L4PC_L23PC/92614-7122/0Hz_-15ms/simulation.batch,0.0188287124082344,0.0046593814985012,0.2474615044023689,1.75,2.1451381866206565,0.8459798985693714,0.3943708166894767
58,91286,118065,0.2,-15,/gpfs/bbp.cscs.ch/project/proj32/glusynapse_20190926_release/testing/rodriguez_paulsen_2008/simulations/L4PC_L23PC/91286-118065/0Hz_-15ms/simulation.batch,0.0349162410788068,0.0337383537207853,0.9662653446754784,1.025,2.3492045892934192,2.3265379487610383,0.9903513552477784
59,94198,119916,0.2,-15,/gpfs/bbp.cscs.ch/project/proj32/glusynapse_20190926_release/testing/rodriguez_paulsen_2008/simulations/L4PC_L23PC/94198-119916/0Hz_-15ms/simulation.batch,0.0456322028939832,0.031723142254913,0.6951919969459958,0.95,2.7765412754942367,1.4516674936054723,0.5228330320236529
60,93458,6683,0.2,-15,/gpfs/bbp.cscs.ch/project/proj32/glusynapse_20190926_release/testing/rodriguez_paulsen_2008/simulations/L4PC_L23PC/93458-6683/0Hz_-15ms/simulation.batch,0.0201585914743578,0.0195527620984825,0.9699468399542716,2.4250000000000003,3.2529138435377973,2.2509434838921423,0.6919775906035267
61,88884,120342,0.2,-15,/gpfs/bbp.cscs.ch/project/proj32/glusynapse_20190926_release/testing/rodriguez_paulsen_2008/simulations/L4PC_L23PC/88884-120342/0Hz_-15ms/simulation.batch,0.0110045396819541,0.0093030012733117,0.8453785021619153,1.4,1.0439075901228436,0.9610245440867784,0.9206030813260856
62,94325,6966,0.2,-15,/gpfs/bbp.cscs.ch/project/proj32/glusynapse_20190926_release/testing/rodriguez_paulsen_2008/simulations/L4PC_L23PC/94325-6966/0Hz_-15ms/simulation.batch,0.0056627111386596,0.0036106746085067,0.6376229548168979,2.15,0.7976229649068931,0.5168473196438861,0.6479845019309567
63,95535,13744,0.2,-15,/gpfs/bbp.cscs.ch/project/proj32/glusynapse_20190926_release/testing/rodriguez_paulsen_2008/simulations/L4PC_L23PC/95535-13744/0Hz_-15ms/simulation.batch,0.0097130473240657,0.0076818478293211,0.7908792753730346,1.725,1.10233762691407,0.8597638626579188,0.7799460361929018
64,92645,15947,0.2,-15,/gpfs/bbp.cscs.ch/project/proj32/glusynapse_20190926_release/testing/rodriguez_paulsen_2008/simulations/L4PC_L23PC/92645-15947/0Hz_-15ms/simulation.batch,0.0318745570663518,0.0337266904659716,1.0581069533221827,1.1,2.2993028490068737,2.3994595404486745,1.0435595908929791
65,90202,9812,0.2,-15,/gpfs/bbp.cscs.ch/project/proj32/glusynapse_20190926_release/testing/rodriguez_paulsen_2008/simulations/L4PC_L23PC/90202-9812/0Hz_-15ms/simulation.batch,0.015224127923412,0.0142464653315547,0.935782029895202,1.75,1.7657496504371677,1.6399875208205992,0.9287769194316804
66,88475,25801,0.2,-15,/gpfs/bbp.cscs.ch/project/proj32/glusynapse_20190926_release/testing/rodriguez_paulsen_2008/simulations/L4PC_L23PC/88475-25801/0Hz_-15ms/simulation.batch,0.0392008699086512,0.0364390780262829,0.9295476888955772,0.9,2.316098355664323,2.187072271163986,0.9442916212151412
67,97120,22752,0.2,-15,/gpfs/bbp.cscs.ch/project/proj32/glusynapse_20190926_release/testing/rodriguez_paulsen_2008/simulations/L4PC_L23PC/97120-22752/0Hz_-15ms/simulation.batch,0.0132736040767637,0.00266199799282,0.2005482442767777,1.05,0.9147041269738322,0.2697233997521602,0.2948750222047226
68,92608,15403,0.2,-15,/gpfs/bbp.cscs.ch/project/proj32/glusynapse_20190926_release/testing/rodriguez_paulsen_2008/simulations/L4PC_L23PC/92608-15403/0Hz_-15ms/simulation.batch,0.0089581488979941,0.0130658703700453,1.4585457909692652,2.8000000000000003,1.6448990967479242,2.272311374597865,1.3814290366444828
69,98422,118179,0.2,-15,/gpfs/bbp.cscs.ch/project/proj32/glusynapse_20190926_release/testing/rodriguez_paulsen_2008/simulations/L4PC_L23PC/98422-118179/0Hz_-15ms/simulation.batch,0.0005057874660846,0.0002275474715752,0.4498875255583248,4.925000000000001,0.1641641387381405,0.0521782540149731,0.3178419745995994
70,99077,8769,0.2,-15,/gpfs/bbp.cscs.ch/project/proj32/glusynapse_20190926_release/testing/rodriguez_paulsen_2008/simulations/L4PC_L23PC/99077-8769/0Hz_-15ms/simulation.batch,0.0101739263393059,0.0095647129027759,0.9401201250910936,1.65,1.1242192574740624,1.0573990112939011,0.9405629767183536
71,90547,2205,0.2,-15,/gpfs/bbp.cscs.ch/project/proj32/glusynapse_20190926_release/testing/rodriguez_paulsen_2008/simulations/L4PC_L23PC/90547-2205/0Hz_-15ms/simulation.batch,0.0163276731742537,0.0157224530491204,0.9629328613652288,2.1750000000000003,2.3326309786079973,2.2701211458676385,0.9732020052405967
72,105137,8628,0.2,-15,/gpfs/bbp.cscs.ch/project/proj32/glusynapse_20190926_release/testing/rodriguez_paulsen_2008/simulations/L4PC_L23PC/105137-8628/0Hz_-15ms/simulation.batch,0.0090601590022638,0.0084639160221992,0.9341906714975352,1.4,0.8410990124565053,0.7946133260675945,0.9447322066719052
73,90875,122972,0.2,-15,/gpfs/bbp.cscs.ch/project/proj32/glusynapse_20190926_release/testing/rodriguez_paulsen_2008/simulations/L4PC_L23PC/90875-122972/0Hz_-15ms/simulation.batch,0.0241688807960367,0.0247137160952303,1.022542843576064,1.5750000000000002,2.5247517470899807,2.580986850496076,1.0222735179690088
74,93827,15398,0.2,-15,/gpfs/bbp.cscs.ch/project/proj32/glusynapse_20190926_release/testing/rodriguez_paulsen_2008/simulations/L4PC_L23PC/93827-15398/0Hz_-15ms/simulation.batch,0.0290588954060772,0.0296903827214149,1.021731291107702,1.3,2.50307077659159,2.5183995984716154,1.006124006569602
75,91268,122405,0.2,-15,/gpfs/bbp.cscs.ch/project/proj32/glusynapse_20190926_release/testing/rodriguez_paulsen_2008/simulations/L4PC_L23PC/91268-122405/0Hz_-15ms/simulation.batch,0.0072215260341279,0.005389913851298,0.746367710346276,1.25,0.6013120400696946,0.6906668921636805,1.1485998053250843
76,90159,123062,0.2,-15,/gpfs/bbp.cscs.ch/project/proj32/glusynapse_20190926_release/testing/rodriguez_paulsen_2008/simulations/L4PC_L23PC/90159-123062/0Hz_-15ms/simulation.batch,0.0204782238917852,0.0190680081207024,0.9311358358744932,1.875,2.546060475533245,2.158144978002229,0.8476408941347824
77,92167,16726,0.2,-15,/gpfs/bbp.cscs.ch/project/proj32/glusynapse_20190926_release/testing/rodriguez_paulsen_2008/simulations/L4PC_L23PC/92167-16726/0Hz_-15ms/simulation.batch,0.0153002949979238,0.0381852180744819,2.4957177675112496,1.65,1.6857986868367252,3.706460136109652,2.198637455973196
78,102454,5906,0.2,-15,/gpfs/bbp.cscs.ch/project/proj32/glusynapse_20190926_release/testing/rodriguez_paulsen_2008/simulations/L4PC_L23PC/102454-5906/0Hz_-15ms/simulation.batch,0.0107216275543286,0.0113755848622417,1.060994219823382,2.0,1.42630026526298,1.506893908009947,1.0565053829896802
79,90418,8040,0.2,-15,/gpfs/bbp.cscs.ch/project/proj32/glusynapse_20190926_release/testing/rodriguez_paulsen_2008/simulations/L4PC_L23PC/90418-8040/0Hz_-15ms/simulation.batch,0.0063436430930737,0.0061867880131636,0.9752736593769952,1.175,0.4993135828950343,0.5133470695177372,1.0281055575162532
80,92142,124921,0.2,-15,/gpfs/bbp.cscs.ch/project/proj32/glusynapse_20190926_release/testing/rodriguez_paulsen_2008/simulations/L4PC_L23PC/92142-124921/0Hz_-15ms/simulation.batch,0.0153037943801632,0.0172710248606545,1.128545276525746,1.3250000000000002,1.3413321670989404,1.437473155728702,1.0716757496673603
81,89592,8635,0.2,-15,/gpfs/bbp.cscs.ch/project/proj32/glusynapse_20190926_release/testing/rodriguez_paulsen_2008/simulations/L4PC_L23PC/89592-8635/0Hz_-15ms/simulation.batch,0.0033177079944759,0.0008830825303903,0.2661724696268404,5.7250000000000005,1.3028077115978631,0.3540861612712656,0.2717869706474082
82,90190,17594,0.2,-15,/gpfs/bbp.cscs.ch/project/proj32/glusynapse_20190926_release/testing/rodriguez_paulsen_2008/simulations/L4PC_L23PC/90190-17594/0Hz_-15ms/simulation.batch,0.02204791419109,0.0113043518743983,0.5127175195087912,1.35,1.967446990075836,1.2041573847958975,0.6120405738349693
83,89733,17425,0.2,-15,/gpfs/bbp.cscs.ch/project/proj32/glusynapse_20190926_release/testing/rodriguez_paulsen_2008/simulations/L4PC_L23PC/89733-17425/0Hz_-15ms/simulation.batch,0.0014374639506103,0.0013283077516829,0.9240633485931168,9.325,1.010395289432218,0.7655640736098434,0.757687690765111
84,94343,122630,0.2,-15,/gpfs/bbp.cscs.ch/project/proj32/glusynapse_20190926_release/testing/rodriguez_paulsen_2008/simulations/L4PC_L23PC/94343-122630/0Hz_-15ms/simulation.batch,0.009547406043033,0.0089886695342552,0.9414776635392468,2.25,1.4838899944155988,1.4274332631835405,0.9619535602743298
85,100697,6256,0.2,-15,/gpfs/bbp.cscs.ch/project/proj32/glusynapse_20190926_release/testing/rodriguez_paulsen_2008/simulations/L4PC_L23PC/100697-6256/0Hz_-15ms/simulation.batch,0.0280242097919818,0.0289157773034272,1.0318141891622776,1.525,2.800001332241117,2.904654519144534,1.0373761203962186
86,106783,14675,0.2,-15,/gpfs/bbp.cscs.ch/project/proj32/glusynapse_20190926_release/testing/rodriguez_paulsen_2008/simulations/L4PC_L23PC/106783-14675/0Hz_-15ms/simulation.batch,0.0105927423440904,0.0110413369947005,1.0423492459306685,1.625,1.1302548894130262,1.1903115050657078,1.053135461934494
87,99607,26427,0.2,-15,/gpfs/bbp.cscs.ch/project/proj32/glusynapse_20190926_release/testing/rodriguez_paulsen_2008/simulations/L4PC_L23PC/99607-26427/0Hz_-15ms/simulation.batch,0.0420949392753375,0.0423285654033716,1.005549981353007,1.675,4.635160763259438,4.688241735068838,1.0114518081508943
88,93775,15827,0.2,-15,/gpfs/bbp.cscs.ch/project/proj32/glusynapse_20190926_release/testing/rodriguez_paulsen_2008/simulations/L4PC_L23PC/93775-15827/0Hz_-15ms/simulation.batch,0.004969156187447,0.006015740431512,1.2106160894497402,3.075,0.9895775772841549,1.1867751384701195,1.199274484095692
89,106087,12297,0.2,-15,/gpfs/bbp.cscs.ch/project/proj32/glusynapse_20190926_release/testing/rodriguez_paulsen_2008/simulations/L4PC_L23PC/106087-12297/0Hz_-15ms/simulation.batch,0.0085140168261522,0.0077509176960882,0.9103714327037682,1.475,0.8288310698401608,0.7538550577083772,0.9095400560379058
90,99420,16044,0.2,-15,/gpfs/bbp.cscs.ch/project/proj32/glusynapse_20190926_release/testing/rodriguez_paulsen_2008/simulations/L4PC_L23PC/99420-16044/0Hz_-15ms/simulation.batch,0.0143260076610683,0.0079816685881946,0.5571453524965784,1.425,1.347802882109732,1.0958814198203042,0.8130873099966278
91,88870,24450,0.2,-15,/gpfs/bbp.cscs.ch/project/proj32/glusynapse_20190926_release/testing/rodriguez_paulsen_2008/simulations/L4PC_L23PC/88870-24450/0Hz_-15ms/simulation.batch,0.0017658980121067,0.0009963409076956,0.5642120331213123,3.4250000000000003,0.4285270654836667,0.178851837903786,0.4173641580886399
92,88333,11981,0.2,-15,/gpfs/bbp.cscs.ch/project/proj32/glusynapse_20190926_release/testing/rodriguez_paulsen_2008/simulations/L4PC_L23PC/88333-11981/0Hz_-15ms/simulation.batch,0.0090581920236393,0.0029472853524752,0.3253723640196228,2.4250000000000003,1.451182328993759,0.5030140062632372,0.3466235745938444
93,91760,126586,0.2,-15,/gpfs/bbp.cscs.ch/project/proj32/glusynapse_20190926_release/testing/rodriguez_paulsen_2008/simulations/L4PC_L23PC/91760-126586/0Hz_-15ms/simulation.batch,0.0251913980212083,0.0261342812797767,1.0374287785765033,1.675,2.7639947905668216,2.883875565822235,1.0433722869755586
94,90028,8070,0.2,-15,/gpfs/bbp.cscs.ch/project/proj32/glusynapse_20190926_release/testing/rodriguez_paulsen_2008/simulations/L4PC_L23PC/90028-8070/0Hz_-15ms/simulation.batch,0.0025778703275568,0.0024533876831365,0.9517110526896704,1.925,0.3217317218305732,0.3077704404754082,0.9566058289940176
95,97712,7153,0.2,-15,/gpfs/bbp.cscs.ch/project/proj32/glusynapse_20190926_release/testing/rodriguez_paulsen_2008/simulations/L4PC_L23PC/97712-7153/0Hz_-15ms/simulation.batch,0.0105262153967633,0.011402865104842,1.0832825165584403,1.4,0.970246471739655,0.633852352514506,0.6532900360647607
96,97195,971,0.2,-15,/gpfs/bbp.cscs.ch/project/proj32/glusynapse_20190926_release/testing/rodriguez_paulsen_2008/simulations/L4PC_L23PC/97195-971/0Hz_-15ms/simulation.batch,0.0037887773396471,0.0020042165566086,0.5289876857200821,2.6750000000000003,0.7261844091252972,0.3032034729598242,0.4175295822242155
97,97756,3466,0.2,-15,/gpfs/bbp.cscs.ch/project/proj32/glusynapse_20190926_release/testing/rodriguez_paulsen_2008/simulations/L4PC_L23PC/97756-3466/0Hz_-15ms/simulation.batch,0.0206578214370409,0.0158110808215046,0.7653798765611451,1.8,2.419107021718238,1.8431569987386105,0.7619162700083674
98,97300,2957,0.2,-15,/gpfs/bbp.cscs.ch/project/proj32/glusynapse_20190926_release/testing/rodriguez_paulsen_2008/simulations/L4PC_L23PC/97300-2957/0Hz_-15ms/simulation.batch,0.0105766577145194,0.0025700093555369,0.2429887990048976,1.875,1.312932514299135,0.3366935314511309,0.2564438977511829
99,88805,119258,0.2,-15,/gpfs/bbp.cscs.ch/project/proj32/glusynapse_20190926_release/testing/rodriguez_paulsen_2008/simulations/L4PC_L23PC/88805-119258/0Hz_-15ms/simulation.batch,0.0120722807713716,0.0026139559016624,0.2165254396552133,1.875,1.4787370497977494,0.2683814272181093,0.1814936788489992
