pregid,postgid,frequency_train,dt_train,path,epsp_before,epsp_after,epsp_ratio,risetime
90859,9462,0.2,-15,/gpfs/bbp.cscs.ch/project/proj32/glusynapse_20190926_release/testing/rodriguez_paulsen_2008/simulations/L4PC_L23PC/90859-9462/0Hz_-15ms/simulation.batch,0.09182220298028089,0.06359216205594229,0.6925575731351045,1.3250000000000002
97125,4498,0.2,-15,/gpfs/bbp.cscs.ch/project/proj32/glusynapse_20190926_release/testing/rodriguez_paulsen_2008/simulations/L4PC_L23PC/97125-4498/0Hz_-15ms/simulation.batch,0.012501885883704716,0.002472490846084348,0.19776943007511028,1.5750000000000002
89002,17938,0.2,-15,/gpfs/bbp.cscs.ch/project/proj32/glusynapse_20190926_release/testing/rodriguez_paulsen_2008/simulations/L4PC_L23PC/89002-17938/0Hz_-15ms/simulation.batch,0.02769737503116935,0.021615423323848314,0.7804141475328731,2.125
100058,7011,0.2,-15,/gpfs/bbp.cscs.ch/project/proj32/glusynapse_20190926_release/testing/rodriguez_paulsen_2008/simulations/L4PC_L23PC/100058-7011/0Hz_-15ms/simulation.batch,0.022858351224007385,0.01607626234424496,0.7032992969046946,1.9000000000000001
92743,15750,0.2,-15,/gpfs/bbp.cscs.ch/project/proj32/glusynapse_20190926_release/testing/rodriguez_paulsen_2008/simulations/L4PC_L23PC/92743-15750/0Hz_-15ms/simulation.batch,0.0034942021980166396,0.0017973206420812877,0.5143722487214601,1.7750000000000001
98117,123753,0.2,-15,/gpfs/bbp.cscs.ch/project/proj32/glusynapse_20190926_release/testing/rodriguez_paulsen_2008/simulations/L4PC_L23PC/98117-123753/0Hz_-15ms/simulation.batch,0.025876364801321203,0.024684409751267584,0.9539365340067876,1.25
92722,3098,0.2,-15,/gpfs/bbp.cscs.ch/project/proj32/glusynapse_20190926_release/testing/rodriguez_paulsen_2008/simulations/L4PC_L23PC/92722-3098/0Hz_-15ms/simulation.batch,0.018400642540813975,0.009900008072959012,0.5380251287964574,1.675
91659,120773,0.2,-15,/gpfs/bbp.cscs.ch/project/proj32/glusynapse_20190926_release/testing/rodriguez_paulsen_2008/simulations/L4PC_L23PC/91659-120773/0Hz_-15ms/simulation.batch,0.01607354581957116,0.0075116929567545,0.46733266206938967,1.9000000000000001
96554,14729,0.2,-15,/gpfs/bbp.cscs.ch/project/proj32/glusynapse_20190926_release/testing/rodriguez_paulsen_2008/simulations/L4PC_L23PC/96554-14729/0Hz_-15ms/simulation.batch,0.001616497488368252,0.0016408016513488348,1.0150350762407407,2.475
92094,5000,0.2,-15,/gpfs/bbp.cscs.ch/project/proj32/glusynapse_20190926_release/testing/rodriguez_paulsen_2008/simulations/L4PC_L23PC/92094-5000/0Hz_-15ms/simulation.batch,0.01361762209112262,0.01369282508647479,1.0055224763067259,2.275
103244,17768,0.2,-15,/gpfs/bbp.cscs.ch/project/proj32/glusynapse_20190926_release/testing/rodriguez_paulsen_2008/simulations/L4PC_L23PC/103244-17768/0Hz_-15ms/simulation.batch,0.024231153479782525,0.014672981902794438,0.6055420314611506,1.175
93874,1832,0.2,-15,/gpfs/bbp.cscs.ch/project/proj32/glusynapse_20190926_release/testing/rodriguez_paulsen_2008/simulations/L4PC_L23PC/93874-1832/0Hz_-15ms/simulation.batch,0.014263079516251578,0.008066584610600249,0.5655570104204394,2.0500000000000003
93092,117702,0.2,-15,/gpfs/bbp.cscs.ch/project/proj32/glusynapse_20190926_release/testing/rodriguez_paulsen_2008/simulations/L4PC_L23PC/93092-117702/0Hz_-15ms/simulation.batch,0.0035466554176454995,0.0015084095965215392,0.42530480661211784,1.5
97312,21941,0.2,-15,/gpfs/bbp.cscs.ch/project/proj32/glusynapse_20190926_release/testing/rodriguez_paulsen_2008/simulations/L4PC_L23PC/97312-21941/0Hz_-15ms/simulation.batch,0.06888182920478095,0.06985990872020639,1.0141993835924084,1.375
99023,24822,0.2,-15,/gpfs/bbp.cscs.ch/project/proj32/glusynapse_20190926_release/testing/rodriguez_paulsen_2008/simulations/L4PC_L23PC/99023-24822/0Hz_-15ms/simulation.batch,0.024753897188675923,0.018164722061609476,0.7338126163794211,1.7750000000000001
108211,9567,0.2,-15,/gpfs/bbp.cscs.ch/project/proj32/glusynapse_20190926_release/testing/rodriguez_paulsen_2008/simulations/L4PC_L23PC/108211-9567/0Hz_-15ms/simulation.batch,0.0045684597969556226,0.003886477013390228,0.8507193203232605,2.35
89445,24676,0.2,-15,/gpfs/bbp.cscs.ch/project/proj32/glusynapse_20190926_release/testing/rodriguez_paulsen_2008/simulations/L4PC_L23PC/89445-24676/0Hz_-15ms/simulation.batch,0.013398030140493622,0.00428050060751129,0.3194873098974521,2.475
100453,5522,0.2,-15,/gpfs/bbp.cscs.ch/project/proj32/glusynapse_20190926_release/testing/rodriguez_paulsen_2008/simulations/L4PC_L23PC/100453-5522/0Hz_-15ms/simulation.batch,0.0044688802658599085,0.015249589829128269,3.412396153378238,1.4500000000000002
91115,17336,0.2,-15,/gpfs/bbp.cscs.ch/project/proj32/glusynapse_20190926_release/testing/rodriguez_paulsen_2008/simulations/L4PC_L23PC/91115-17336/0Hz_-15ms/simulation.batch,0.007220804252795669,0.005784527787880723,0.8010918985431761,2.025
93550,2546,0.2,-15,/gpfs/bbp.cscs.ch/project/proj32/glusynapse_20190926_release/testing/rodriguez_paulsen_2008/simulations/L4PC_L23PC/93550-2546/0Hz_-15ms/simulation.batch,0.07993727952062264,0.08040087847277119,1.0057995337710854,1.2000000000000002
88441,14910,0.2,-15,/gpfs/bbp.cscs.ch/project/proj32/glusynapse_20190926_release/testing/rodriguez_paulsen_2008/simulations/L4PC_L23PC/88441-14910/0Hz_-15ms/simulation.batch,0.003484634858744689,0.0038833686347636326,1.1144262719573965,2.5250000000000004
92798,13477,0.2,-15,/gpfs/bbp.cscs.ch/project/proj32/glusynapse_20190926_release/testing/rodriguez_paulsen_2008/simulations/L4PC_L23PC/92798-13477/0Hz_-15ms/simulation.batch,0.0021192268107026653,0.0012363090050030374,0.5833773896967255,5.1000000000000005
93469,14859,0.2,-15,/gpfs/bbp.cscs.ch/project/proj32/glusynapse_20190926_release/testing/rodriguez_paulsen_2008/simulations/L4PC_L23PC/93469-14859/0Hz_-15ms/simulation.batch,0.0046014236868098315,0.0014157367853134038,0.3076736422624309,5.3500000000000005
91888,4509,0.2,-15,/gpfs/bbp.cscs.ch/project/proj32/glusynapse_20190926_release/testing/rodriguez_paulsen_2008/simulations/L4PC_L23PC/91888-4509/0Hz_-15ms/simulation.batch,0.03089180596023257,0.022512492625058115,0.7287528820438256,1.8
98156,24153,0.2,-15,/gpfs/bbp.cscs.ch/project/proj32/glusynapse_20190926_release/testing/rodriguez_paulsen_2008/simulations/L4PC_L23PC/98156-24153/0Hz_-15ms/simulation.batch,0.009771323077276172,0.008366333318271947,0.8562129459958583,1.1
105280,124329,0.2,-15,/gpfs/bbp.cscs.ch/project/proj32/glusynapse_20190926_release/testing/rodriguez_paulsen_2008/simulations/L4PC_L23PC/105280-124329/0Hz_-15ms/simulation.batch,0.012810832795270559,0.0038456738982997505,0.3001892195267335,1.2000000000000002
95719,24908,0.2,-15,/gpfs/bbp.cscs.ch/project/proj32/glusynapse_20190926_release/testing/rodriguez_paulsen_2008/simulations/L4PC_L23PC/95719-24908/0Hz_-15ms/simulation.batch,0.0034797030858708666,0.008516065877341059,2.4473541756824173,2.125
100334,24640,0.2,-15,/gpfs/bbp.cscs.ch/project/proj32/glusynapse_20190926_release/testing/rodriguez_paulsen_2008/simulations/L4PC_L23PC/100334-24640/0Hz_-15ms/simulation.batch,0.009956495571291218,0.010085067817796453,1.0129134036754823,1.85
102941,11005,0.2,-15,/gpfs/bbp.cscs.ch/project/proj32/glusynapse_20190926_release/testing/rodriguez_paulsen_2008/simulations/L4PC_L23PC/102941-11005/0Hz_-15ms/simulation.batch,0.02941408698516562,0.029459807392558292,1.0015543711220998,1.25
88654,12543,0.2,-15,/gpfs/bbp.cscs.ch/project/proj32/glusynapse_20190926_release/testing/rodriguez_paulsen_2008/simulations/L4PC_L23PC/88654-12543/0Hz_-15ms/simulation.batch,0.00463851758878422,0.0024050690005847425,0.5184994892333962,5.025
88449,27020,0.2,-15,/gpfs/bbp.cscs.ch/project/proj32/glusynapse_20190926_release/testing/rodriguez_paulsen_2008/simulations/L4PC_L23PC/88449-27020/0Hz_-15ms/simulation.batch,0.024978035947401094,0.007590557271435308,0.3038892764595083,1.475
91379,23322,0.2,-15,/gpfs/bbp.cscs.ch/project/proj32/glusynapse_20190926_release/testing/rodriguez_paulsen_2008/simulations/L4PC_L23PC/91379-23322/0Hz_-15ms/simulation.batch,0.013768861124842508,0.0009866122034393123,0.07165532388580885,2.15
93180,113170,0.2,-15,/gpfs/bbp.cscs.ch/project/proj32/glusynapse_20190926_release/testing/rodriguez_paulsen_2008/simulations/L4PC_L23PC/93180-113170/0Hz_-15ms/simulation.batch,0.01650711554666727,0.01556389753355455,0.9428599133236726,2.1
93273,10853,0.2,-15,/gpfs/bbp.cscs.ch/project/proj32/glusynapse_20190926_release/testing/rodriguez_paulsen_2008/simulations/L4PC_L23PC/93273-10853/0Hz_-15ms/simulation.batch,0.00824166504319732,0.00821345554142076,0.9965772084125352,5.1000000000000005
88401,18051,0.2,-15,/gpfs/bbp.cscs.ch/project/proj32/glusynapse_20190926_release/testing/rodriguez_paulsen_2008/simulations/L4PC_L23PC/88401-18051/0Hz_-15ms/simulation.batch,0.020976304919989443,0.016233961376978145,0.7739190214339388,1.725
89866,18189,0.2,-15,/gpfs/bbp.cscs.ch/project/proj32/glusynapse_20190926_release/testing/rodriguez_paulsen_2008/simulations/L4PC_L23PC/89866-18189/0Hz_-15ms/simulation.batch,0.016345968613030695,0.013249887949429516,0.8105905659739832,1.875
88314,9303,0.2,-15,/gpfs/bbp.cscs.ch/project/proj32/glusynapse_20190926_release/testing/rodriguez_paulsen_2008/simulations/L4PC_L23PC/88314-9303/0Hz_-15ms/simulation.batch,0.020616901799604646,0.0112231353207521,0.5443657553322254,1.7000000000000002
91816,23816,0.2,-15,/gpfs/bbp.cscs.ch/project/proj32/glusynapse_20190926_release/testing/rodriguez_paulsen_2008/simulations/L4PC_L23PC/91816-23816/0Hz_-15ms/simulation.batch,0.007607670582194215,0.004322406146376402,0.5681642100136423,2.5
99309,24554,0.2,-15,/gpfs/bbp.cscs.ch/project/proj32/glusynapse_20190926_release/testing/rodriguez_paulsen_2008/simulations/L4PC_L23PC/99309-24554/0Hz_-15ms/simulation.batch,0.05387525278069158,0.05046491042728386,0.9366992788453338,1.0
91572,11941,0.2,-15,/gpfs/bbp.cscs.ch/project/proj32/glusynapse_20190926_release/testing/rodriguez_paulsen_2008/simulations/L4PC_L23PC/91572-11941/0Hz_-15ms/simulation.batch,0.012060079175649833,0.010285769491586388,0.8528774431559368,2.7
98862,26642,0.2,-15,/gpfs/bbp.cscs.ch/project/proj32/glusynapse_20190926_release/testing/rodriguez_paulsen_2008/simulations/L4PC_L23PC/98862-26642/0Hz_-15ms/simulation.batch,0.03310262062926788,0.03283298519515248,0.9918545592768869,0.9500000000000001
89858,16399,0.2,-15,/gpfs/bbp.cscs.ch/project/proj32/glusynapse_20190926_release/testing/rodriguez_paulsen_2008/simulations/L4PC_L23PC/89858-16399/0Hz_-15ms/simulation.batch,0.024139540676437112,0.026818157253553774,1.11096385855143,1.9500000000000002
88415,25518,0.2,-15,/gpfs/bbp.cscs.ch/project/proj32/glusynapse_20190926_release/testing/rodriguez_paulsen_2008/simulations/L4PC_L23PC/88415-25518/0Hz_-15ms/simulation.batch,0.03712865868255966,0.03123771250759937,0.8413369514550378,1.5250000000000001
93167,10954,0.2,-15,/gpfs/bbp.cscs.ch/project/proj32/glusynapse_20190926_release/testing/rodriguez_paulsen_2008/simulations/L4PC_L23PC/93167-10954/0Hz_-15ms/simulation.batch,0.007851339791112511,0.0037068255511190254,0.47212649684516833,2.35
92622,25584,0.2,-15,/gpfs/bbp.cscs.ch/project/proj32/glusynapse_20190926_release/testing/rodriguez_paulsen_2008/simulations/L4PC_L23PC/92622-25584/0Hz_-15ms/simulation.batch,0.013083125390176923,0.010040185788581044,0.7674149325297623,1.75
102535,12843,0.2,-15,/gpfs/bbp.cscs.ch/project/proj32/glusynapse_20190926_release/testing/rodriguez_paulsen_2008/simulations/L4PC_L23PC/102535-12843/0Hz_-15ms/simulation.batch,0.004309051184416638,0.005789266613397829,1.3435130764596808,6.550000000000001
108553,124932,0.2,-15,/gpfs/bbp.cscs.ch/project/proj32/glusynapse_20190926_release/testing/rodriguez_paulsen_2008/simulations/L4PC_L23PC/108553-124932/0Hz_-15ms/simulation.batch,0.01670242985583269,0.01665020332876112,0.9968731180120279,1.55
88952,10433,0.2,-15,/gpfs/bbp.cscs.ch/project/proj32/glusynapse_20190926_release/testing/rodriguez_paulsen_2008/simulations/L4PC_L23PC/88952-10433/0Hz_-15ms/simulation.batch,0.00905658052962462,0.009153974111585323,1.0107539022749394,2.5
95835,22055,0.2,-15,/gpfs/bbp.cscs.ch/project/proj32/glusynapse_20190926_release/testing/rodriguez_paulsen_2008/simulations/L4PC_L23PC/95835-22055/0Hz_-15ms/simulation.batch,0.009349368170824462,0.01219438171268587,1.3043000863672827,2.0500000000000003
94821,25384,0.2,-15,/gpfs/bbp.cscs.ch/project/proj32/glusynapse_20190926_release/testing/rodriguez_paulsen_2008/simulations/L4PC_L23PC/94821-25384/0Hz_-15ms/simulation.batch,0.0018153424185938238,0.0018149908241881644,0.9998063206136439,2.125
92629,9484,0.2,-15,/gpfs/bbp.cscs.ch/project/proj32/glusynapse_20190926_release/testing/rodriguez_paulsen_2008/simulations/L4PC_L23PC/92629-9484/0Hz_-15ms/simulation.batch,0.004100875658255974,0.006116546730544495,1.4915221138759784,1.975
90020,10751,0.2,-15,/gpfs/bbp.cscs.ch/project/proj32/glusynapse_20190926_release/testing/rodriguez_paulsen_2008/simulations/L4PC_L23PC/90020-10751/0Hz_-15ms/simulation.batch,0.01490251114746669,0.01500815581731477,1.0070890515566593,2.325
93632,14546,0.2,-15,/gpfs/bbp.cscs.ch/project/proj32/glusynapse_20190926_release/testing/rodriguez_paulsen_2008/simulations/L4PC_L23PC/93632-14546/0Hz_-15ms/simulation.batch,0.04601863571276757,0.047687537942541526,1.036265791106687,1.35
88604,4591,0.2,-15,/gpfs/bbp.cscs.ch/project/proj32/glusynapse_20190926_release/testing/rodriguez_paulsen_2008/simulations/L4PC_L23PC/88604-4591/0Hz_-15ms/simulation.batch,0.04307771935222405,0.041338091672717445,0.9596165324983299,1.675
97984,15906,0.2,-15,/gpfs/bbp.cscs.ch/project/proj32/glusynapse_20190926_release/testing/rodriguez_paulsen_2008/simulations/L4PC_L23PC/97984-15906/0Hz_-15ms/simulation.batch,0.03760543171827195,0.020257056557516268,0.5386736870693509,1.4000000000000001
92906,994,0.2,-15,/gpfs/bbp.cscs.ch/project/proj32/glusynapse_20190926_release/testing/rodriguez_paulsen_2008/simulations/L4PC_L23PC/92906-994/0Hz_-15ms/simulation.batch,0.010440147194688191,0.006609795356684538,0.6331132342700603,1.7750000000000001
90025,122196,0.2,-15,/gpfs/bbp.cscs.ch/project/proj32/glusynapse_20190926_release/testing/rodriguez_paulsen_2008/simulations/L4PC_L23PC/90025-122196/0Hz_-15ms/simulation.batch,0.01873643521883829,0.008397137362693777,0.4481715579626903,1.2000000000000002
92614,7122,0.2,-15,/gpfs/bbp.cscs.ch/project/proj32/glusynapse_20190926_release/testing/rodriguez_paulsen_2008/simulations/L4PC_L23PC/92614-7122/0Hz_-15ms/simulation.batch,0.018828712408234482,0.0046593814985012565,0.24746150440236897,1.75
91286,118065,0.2,-15,/gpfs/bbp.cscs.ch/project/proj32/glusynapse_20190926_release/testing/rodriguez_paulsen_2008/simulations/L4PC_L23PC/91286-118065/0Hz_-15ms/simulation.batch,0.03491624107880682,0.03373835372078537,0.9662653446754783,1.0250000000000001
94198,119916,0.2,-15,/gpfs/bbp.cscs.ch/project/proj32/glusynapse_20190926_release/testing/rodriguez_paulsen_2008/simulations/L4PC_L23PC/94198-119916/0Hz_-15ms/simulation.batch,0.045632202893983224,0.031723142254913045,0.6951919969459958,0.9500000000000001
93458,6683,0.2,-15,/gpfs/bbp.cscs.ch/project/proj32/glusynapse_20190926_release/testing/rodriguez_paulsen_2008/simulations/L4PC_L23PC/93458-6683/0Hz_-15ms/simulation.batch,0.020158591474357834,0.019552762098482505,0.9699468399542717,2.4250000000000003
88884,120342,0.2,-15,/gpfs/bbp.cscs.ch/project/proj32/glusynapse_20190926_release/testing/rodriguez_paulsen_2008/simulations/L4PC_L23PC/88884-120342/0Hz_-15ms/simulation.batch,0.011004539681954114,0.009303001273311729,0.8453785021619153,1.4000000000000001
94325,6966,0.2,-15,/gpfs/bbp.cscs.ch/project/proj32/glusynapse_20190926_release/testing/rodriguez_paulsen_2008/simulations/L4PC_L23PC/94325-6966/0Hz_-15ms/simulation.batch,0.005662711138659648,0.0036106746085067254,0.6376229548168979,2.15
95535,13744,0.2,-15,/gpfs/bbp.cscs.ch/project/proj32/glusynapse_20190926_release/testing/rodriguez_paulsen_2008/simulations/L4PC_L23PC/95535-13744/0Hz_-15ms/simulation.batch,0.009713047324065733,0.0076818478293211,0.7908792753730346,1.725
92645,15947,0.2,-15,/gpfs/bbp.cscs.ch/project/proj32/glusynapse_20190926_release/testing/rodriguez_paulsen_2008/simulations/L4PC_L23PC/92645-15947/0Hz_-15ms/simulation.batch,0.031874557066351894,0.033726690465971654,1.0581069533221827,1.1
90202,9812,0.2,-15,/gpfs/bbp.cscs.ch/project/proj32/glusynapse_20190926_release/testing/rodriguez_paulsen_2008/simulations/L4PC_L23PC/90202-9812/0Hz_-15ms/simulation.batch,0.015224127923412075,0.014246465331554777,0.9357820298952019,1.75
88475,25801,0.2,-15,/gpfs/bbp.cscs.ch/project/proj32/glusynapse_20190926_release/testing/rodriguez_paulsen_2008/simulations/L4PC_L23PC/88475-25801/0Hz_-15ms/simulation.batch,0.039200869908651285,0.036439078026282976,0.9295476888955772,0.9
97120,22752,0.2,-15,/gpfs/bbp.cscs.ch/project/proj32/glusynapse_20190926_release/testing/rodriguez_paulsen_2008/simulations/L4PC_L23PC/97120-22752/0Hz_-15ms/simulation.batch,0.013273604076763762,0.002661997992820052,0.20054824427677775,1.05
92608,15403,0.2,-15,/gpfs/bbp.cscs.ch/project/proj32/glusynapse_20190926_release/testing/rodriguez_paulsen_2008/simulations/L4PC_L23PC/92608-15403/0Hz_-15ms/simulation.batch,0.008958148897994157,0.013065870370045338,1.4585457909692652,2.8000000000000003
98422,118179,0.2,-15,/gpfs/bbp.cscs.ch/project/proj32/glusynapse_20190926_release/testing/rodriguez_paulsen_2008/simulations/L4PC_L23PC/98422-118179/0Hz_-15ms/simulation.batch,0.0005057874660846809,0.0002275474715752522,0.4498875255583248,4.925000000000001
99077,8769,0.2,-15,/gpfs/bbp.cscs.ch/project/proj32/glusynapse_20190926_release/testing/rodriguez_paulsen_2008/simulations/L4PC_L23PC/99077-8769/0Hz_-15ms/simulation.batch,0.010173926339305979,0.009564712902775909,0.9401201250910937,1.6500000000000001
90547,2205,0.2,-15,/gpfs/bbp.cscs.ch/project/proj32/glusynapse_20190926_release/testing/rodriguez_paulsen_2008/simulations/L4PC_L23PC/90547-2205/0Hz_-15ms/simulation.batch,0.01632767317425375,0.015722453049120455,0.9629328613652289,2.1750000000000003
105137,8628,0.2,-15,/gpfs/bbp.cscs.ch/project/proj32/glusynapse_20190926_release/testing/rodriguez_paulsen_2008/simulations/L4PC_L23PC/105137-8628/0Hz_-15ms/simulation.batch,0.009060159002263816,0.008463916022199272,0.9341906714975351,1.4000000000000001
90875,122972,0.2,-15,/gpfs/bbp.cscs.ch/project/proj32/glusynapse_20190926_release/testing/rodriguez_paulsen_2008/simulations/L4PC_L23PC/90875-122972/0Hz_-15ms/simulation.batch,0.024168880796036744,0.024713716095230338,1.022542843576064,1.5750000000000002
93827,15398,0.2,-15,/gpfs/bbp.cscs.ch/project/proj32/glusynapse_20190926_release/testing/rodriguez_paulsen_2008/simulations/L4PC_L23PC/93827-15398/0Hz_-15ms/simulation.batch,0.02905889540607722,0.029690382721414953,1.021731291107702,1.3
91268,122405,0.2,-15,/gpfs/bbp.cscs.ch/project/proj32/glusynapse_20190926_release/testing/rodriguez_paulsen_2008/simulations/L4PC_L23PC/91268-122405/0Hz_-15ms/simulation.batch,0.007221526034127932,0.005389913851298088,0.746367710346276,1.25
90159,123062,0.2,-15,/gpfs/bbp.cscs.ch/project/proj32/glusynapse_20190926_release/testing/rodriguez_paulsen_2008/simulations/L4PC_L23PC/90159-123062/0Hz_-15ms/simulation.batch,0.020478223891785267,0.01906800812070249,0.9311358358744931,1.875
92167,16726,0.2,-15,/gpfs/bbp.cscs.ch/project/proj32/glusynapse_20190926_release/testing/rodriguez_paulsen_2008/simulations/L4PC_L23PC/92167-16726/0Hz_-15ms/simulation.batch,0.015300294997923826,0.03818521807448199,2.4957177675112496,1.6500000000000001
102454,5906,0.2,-15,/gpfs/bbp.cscs.ch/project/proj32/glusynapse_20190926_release/testing/rodriguez_paulsen_2008/simulations/L4PC_L23PC/102454-5906/0Hz_-15ms/simulation.batch,0.010721627554328645,0.011375584862241795,1.060994219823382,2.0
90418,8040,0.2,-15,/gpfs/bbp.cscs.ch/project/proj32/glusynapse_20190926_release/testing/rodriguez_paulsen_2008/simulations/L4PC_L23PC/90418-8040/0Hz_-15ms/simulation.batch,0.006343643093073748,0.0061867880131636355,0.9752736593769953,1.175
92142,124921,0.2,-15,/gpfs/bbp.cscs.ch/project/proj32/glusynapse_20190926_release/testing/rodriguez_paulsen_2008/simulations/L4PC_L23PC/92142-124921/0Hz_-15ms/simulation.batch,0.015303794380163284,0.01727102486065453,1.128545276525746,1.3250000000000002
89592,8635,0.2,-15,/gpfs/bbp.cscs.ch/project/proj32/glusynapse_20190926_release/testing/rodriguez_paulsen_2008/simulations/L4PC_L23PC/89592-8635/0Hz_-15ms/simulation.batch,0.0033177079944759465,0.0008830825303903746,0.26617246962684044,5.7250000000000005
90190,17594,0.2,-15,/gpfs/bbp.cscs.ch/project/proj32/glusynapse_20190926_release/testing/rodriguez_paulsen_2008/simulations/L4PC_L23PC/90190-17594/0Hz_-15ms/simulation.batch,0.02204791419109,0.011304351874398341,0.5127175195087912,1.35
89733,17425,0.2,-15,/gpfs/bbp.cscs.ch/project/proj32/glusynapse_20190926_release/testing/rodriguez_paulsen_2008/simulations/L4PC_L23PC/89733-17425/0Hz_-15ms/simulation.batch,0.0014374639506103861,0.0013283077516829242,0.9240633485931169,9.325000000000001
94343,122630,0.2,-15,/gpfs/bbp.cscs.ch/project/proj32/glusynapse_20190926_release/testing/rodriguez_paulsen_2008/simulations/L4PC_L23PC/94343-122630/0Hz_-15ms/simulation.batch,0.009547406043033082,0.008988669534255271,0.9414776635392468,2.25
100697,6256,0.2,-15,/gpfs/bbp.cscs.ch/project/proj32/glusynapse_20190926_release/testing/rodriguez_paulsen_2008/simulations/L4PC_L23PC/100697-6256/0Hz_-15ms/simulation.batch,0.028024209791981825,0.028915777303427287,1.0318141891622776,1.5250000000000001
106783,14675,0.2,-15,/gpfs/bbp.cscs.ch/project/proj32/glusynapse_20190926_release/testing/rodriguez_paulsen_2008/simulations/L4PC_L23PC/106783-14675/0Hz_-15ms/simulation.batch,0.01059274234409043,0.01104133699470052,1.0423492459306685,1.625
99607,26427,0.2,-15,/gpfs/bbp.cscs.ch/project/proj32/glusynapse_20190926_release/testing/rodriguez_paulsen_2008/simulations/L4PC_L23PC/99607-26427/0Hz_-15ms/simulation.batch,0.04209493927533758,0.04232856540337167,1.005549981353007,1.675
93775,15827,0.2,-15,/gpfs/bbp.cscs.ch/project/proj32/glusynapse_20190926_release/testing/rodriguez_paulsen_2008/simulations/L4PC_L23PC/93775-15827/0Hz_-15ms/simulation.batch,0.004969156187447007,0.006015740431512076,1.2106160894497402,3.075
106087,12297,0.2,-15,/gpfs/bbp.cscs.ch/project/proj32/glusynapse_20190926_release/testing/rodriguez_paulsen_2008/simulations/L4PC_L23PC/106087-12297/0Hz_-15ms/simulation.batch,0.008514016826152288,0.007750917696088248,0.9103714327037682,1.475
99420,16044,0.2,-15,/gpfs/bbp.cscs.ch/project/proj32/glusynapse_20190926_release/testing/rodriguez_paulsen_2008/simulations/L4PC_L23PC/99420-16044/0Hz_-15ms/simulation.batch,0.014326007661068391,0.007981668588194631,0.5571453524965784,1.425
88870,24450,0.2,-15,/gpfs/bbp.cscs.ch/project/proj32/glusynapse_20190926_release/testing/rodriguez_paulsen_2008/simulations/L4PC_L23PC/88870-24450/0Hz_-15ms/simulation.batch,0.001765898012106736,0.0009963409076956253,0.5642120331213123,3.4250000000000003
88333,11981,0.2,-15,/gpfs/bbp.cscs.ch/project/proj32/glusynapse_20190926_release/testing/rodriguez_paulsen_2008/simulations/L4PC_L23PC/88333-11981/0Hz_-15ms/simulation.batch,0.009058192023639347,0.0029472853524752252,0.3253723640196228,2.4250000000000003
91760,126586,0.2,-15,/gpfs/bbp.cscs.ch/project/proj32/glusynapse_20190926_release/testing/rodriguez_paulsen_2008/simulations/L4PC_L23PC/91760-126586/0Hz_-15ms/simulation.batch,0.02519139802120833,0.0261342812797767,1.0374287785765033,1.675
90028,8070,0.2,-15,/gpfs/bbp.cscs.ch/project/proj32/glusynapse_20190926_release/testing/rodriguez_paulsen_2008/simulations/L4PC_L23PC/90028-8070/0Hz_-15ms/simulation.batch,0.002577870327556805,0.0024533876831365526,0.9517110526896705,1.925
97712,7153,0.2,-15,/gpfs/bbp.cscs.ch/project/proj32/glusynapse_20190926_release/testing/rodriguez_paulsen_2008/simulations/L4PC_L23PC/97712-7153/0Hz_-15ms/simulation.batch,0.010526215396763365,0.011402865104842022,1.0832825165584405,1.4000000000000001
97195,971,0.2,-15,/gpfs/bbp.cscs.ch/project/proj32/glusynapse_20190926_release/testing/rodriguez_paulsen_2008/simulations/L4PC_L23PC/97195-971/0Hz_-15ms/simulation.batch,0.0037887773396471673,0.0020042165566086447,0.5289876857200821,2.6750000000000003
97756,3466,0.2,-15,/gpfs/bbp.cscs.ch/project/proj32/glusynapse_20190926_release/testing/rodriguez_paulsen_2008/simulations/L4PC_L23PC/97756-3466/0Hz_-15ms/simulation.batch,0.02065782143704098,0.015811080821504602,0.7653798765611451,1.8
97300,2957,0.2,-15,/gpfs/bbp.cscs.ch/project/proj32/glusynapse_20190926_release/testing/rodriguez_paulsen_2008/simulations/L4PC_L23PC/97300-2957/0Hz_-15ms/simulation.batch,0.010576657714519402,0.0025700093555369543,0.2429887990048976,1.875
88805,119258,0.2,-15,/gpfs/bbp.cscs.ch/project/proj32/glusynapse_20190926_release/testing/rodriguez_paulsen_2008/simulations/L4PC_L23PC/88805-119258/0Hz_-15ms/simulation.batch,0.01207228077137162,0.0026139559016624186,0.21652543965521337,1.875
