connection_type,cell_pair,protocol_id,param_hash,actual_epsp_ratio,expected_epsp_ratio,difference_in_percentage,initial_rho,final_rho,expected_epsp_before,expected_epsp_after,actual_epsp_before,actual_epsp_after
L23PC_L5TTPC,15864-199162,sjh06_02,98e6976c7315,0.4448651594032287,0.34577027407399974,28.65916845935149,"[1, 1, 1, 0]","[1, 1, 0, 0]",0.6134839973562544,0.212124529905885,0.5840071954677626,0.25980445410439873
L23PC_L5TTPC,15864-199162,sjh06_02,ae9f31198d21,1.0246446209801578,1.0,2.464462098015785,"[1, 1, 1, 0]","[1, 1, 1, 0]",0.6134839973562544,0.6134839973562544,0.5840071954677626,0.5983998314497505
L23PC_L5TTPC,15864-199162,sjh06_02,484b1f513314,1.0246372633924905,1.0,2.4637263392490505,"[1, 1, 1, 0]","[1, 1, 1, 0]",0.6134839973562544,0.6134839973562544,0.5840071954677626,0.5983955345656116
L23PC_L5TTPC,15864-199162,sjh06_02,9e09c3d62d71,0.9953927147794701,1.0,-0.46072852205298886,"[1, 1, 1, 0]","[1, 1, 1, 0]",0.6134839973562544,0.6134839973562544,0.5840071954677626,0.5813165077474008
L23PC_L5TTPC,15864-199162,sjh06_02,4490730d094b,1.0062383467285472,1.0,0.6238346728547173,"[1, 1, 1, 0]","[1, 1, 1, 0]",0.6134839973562544,0.6134839973562544,0.5840071954677626,0.587650434845057
L23PC_L5TTPC,15864-199162,sjh06_02,b543c5342bb0,1.0065991778656405,1.0,0.659917786564046,"[1, 1, 1, 0]","[1, 1, 1, 0]",0.6134839973562544,0.6134839973562544,0.5840071954677626,0.5878611628254682
L23PC_L5TTPC,15864-199162,sjh06_02,82368ec8fda1,1.0246420101866127,1.0,2.4642010186612717,"[1, 1, 1, 0]","[1, 1, 1, 0]",0.6134839973562544,0.6134839973562544,0.5840071954677626,0.5983983067275344
L23PC_L5TTPC,15864-199162,sjh06_02,bb3ce68077f6,1.0246590671543852,1.0,2.465906715438515,"[1, 1, 1, 0]","[1, 1, 1, 0]",0.6134839973562544,0.6134839973562544,0.5840071954677626,0.5984082681194463
L23PC_L5TTPC,15864-199162,sjh06_02,f450d885b67e,1.006235754537336,1.0,0.6235754537335936,"[1, 1, 1, 0]","[1, 1, 1, 0]",0.6134839973562544,0.6134839973562544,0.5840071954677626,0.5876489209867375
L23PC_L5TTPC,15864-199162,sjh06_02,ebee1abda648,1.0066050800044073,1.0,0.6605080004407293,"[1, 1, 1, 0]","[1, 1, 1, 0]",0.6134839973562544,0.6134839973562544,0.5840071954677626,0.5878646097169766
L23PC_L5TTPC,15864-199162,sjh06_02,cdb1a102b22d,0.9865362124594004,1.0,-1.3463787540599625,"[1, 1, 1, 0]","[1, 1, 1, 0]",0.6134839973562544,0.6134839973562544,0.5840071954677626,0.5761442466658032
L23PC_L5TTPC,15864-199162,sjh06_02,faa4c9537a5f,1.024643432961642,1.0,2.4643432961642064,"[1, 1, 1, 0]","[1, 1, 1, 0]",0.6134839973562544,0.6134839973562544,0.5840071954677626,0.598399137638389
L23PC_L5TTPC,15864-199162,sjh06_02,6d267317ea0c,0.9994480284437577,1.0,-0.05519715562423144,"[1, 1, 1, 0]","[1, 1, 1, 0]",0.6134839973562544,0.6134839973562544,0.5840071954677626,0.5836848401072235
L5TTPC_L5TTPC,205559-199162,mrk97_01,e825da116cdc,1.0169594278908627,1.0,1.6959427890862688,"[1, 1, 0, 1, 0, 0, 1, 1]","[1, 1, 0, 1, 0, 0, 1, 1]",1.9179159710490084,1.9179159710490084,1.9017273263915402,1.9339795338515604
L5TTPC_L5TTPC,205559-199162,mrk97_02,e825da116cdc,1.0254193061576986,1.0,2.5419306157698607,"[1, 1, 0, 1, 0, 0, 1, 1]","[1, 1, 0, 1, 0, 0, 1, 1]",1.9179159710490084,1.9179159710490084,1.8781595121084902,1.9259010237597696
L5TTPC_L5TTPC,205559-199162,mrk97_07,e825da116cdc,1.0461960372467,1.0,4.619603724670007,"[1, 1, 0, 1, 0, 0, 1, 1]","[1, 1, 0, 1, 0, 0, 1, 1]",1.9179159710490084,1.9179159710490084,1.854906170452294,1.940595484991642
L5TTPC_L5TTPC,205559-199162,mrk97_08,e825da116cdc,0.9991625011491473,1.0,-0.08374988508527137,"[1, 1, 0, 1, 0, 0, 1, 1]","[1, 1, 0, 1, 0, 0, 1, 1]",1.9179159710490084,1.9179159710490084,1.9043271501785537,1.9027322783786316
L5TTPC_L5TTPC,205559-199162,mrk97_01,7e9980a52a5a,1.0169545182481603,1.0,1.69545182481603,"[1, 1, 0, 1, 0, 0, 1, 1]","[1, 1, 0, 1, 0, 0, 1, 1]",1.9179159710490084,1.9179159710490084,1.9017273263915402,1.9339701970498708
L5TTPC_L5TTPC,205559-199162,mrk97_02,7e9980a52a5a,1.0329449245421756,1.0,3.294492454217557,"[1, 1, 0, 1, 0, 0, 1, 1]","[1, 1, 0, 1, 0, 0, 1, 1]",1.9179159710490084,1.9179159710490084,1.8781595121084902,1.9400353355130735
L5TTPC_L5TTPC,205559-199162,mrk97_07,7e9980a52a5a,1.0462027776106166,1.0,4.620277761061664,"[1, 1, 0, 1, 0, 0, 1, 1]","[1, 1, 0, 1, 0, 0, 1, 1]",1.9179159710490084,1.9179159710490084,1.854906170452294,1.940607987734262
L5TTPC_L5TTPC,205559-199162,mrk97_08,7e9980a52a5a,0.9991621145171323,1.0,-0.0837885482867673,"[1, 1, 0, 1, 0, 0, 1, 1]","[1, 1, 0, 1, 0, 0, 1, 1]",1.9179159710490084,1.9179159710490084,1.9043271501785537,1.9027315421047883
L5TTPC_L5TTPC,205559-199162,mrk97_01,98e6976c7315,1.0169543989885597,1.0,1.695439898855966,"[1, 1, 0, 1, 0, 0, 1, 1]","[1, 1, 0, 1, 0, 0, 1, 1]",1.9179159710490084,1.9179159710490084,1.9017273263915402,1.933969970250629
L5TTPC_L5TTPC,205559-199162,mrk97_02,98e6976c7315,1.0117913444790432,1.0,1.1791344479043175,"[1, 1, 0, 1, 0, 0, 1, 1]","[1, 1, 0, 1, 0, 0, 1, 1]",1.9179159710490084,1.9179159710490084,1.8781595121084902,1.900305537902353
L5TTPC_L5TTPC,205559-199162,mrk97_07,98e6976c7315,1.0461971809626165,1.0,4.619718096261649,"[1, 1, 0, 1, 0, 0, 1, 1]","[1, 1, 0, 1, 0, 0, 1, 1]",1.9179159710490084,1.9179159710490084,1.854906170452294,1.9405976064773525
L5TTPC_L5TTPC,205559-199162,mrk97_08,98e6976c7315,0.9991610617049889,1.0,-0.08389382950111379,"[1, 1, 0, 1, 0, 0, 1, 1]","[1, 1, 0, 1, 0, 0, 1, 1]",1.9179159710490084,1.9179159710490084,1.9043271501785537,1.9027295372060395
L5TTPC_L5TTPC,205559-199162,mrk97_01,9cad658eaf67,1.0169543989885597,1.0,1.695439898855966,"[1, 1, 0, 1, 0, 0, 1, 1]","[1, 1, 0, 1, 0, 0, 1, 1]",1.9179159710490084,1.9179159710490084,1.9017273263915402,1.933969970250629
L5TTPC_L5TTPC,205559-199162,mrk97_01,42fcbef9c959,1.0169558078281218,1.0,1.6955807828121783,"[1, 1, 0, 1, 0, 0, 1, 1]","[1, 1, 0, 1, 0, 0, 1, 1]",1.9179159710490084,1.9179159710490084,1.9017273263915402,1.9339726494793228
L5TTPC_L5TTPC,205559-199162,mrk97_01,569b3c6a64ec,1.0169543989885597,1.0,1.695439898855966,"[1, 1, 0, 1, 0, 0, 1, 1]","[1, 1, 0, 1, 0, 0, 1, 1]",1.9179159710490084,1.9179159710490084,1.9017273263915402,1.933969970250629
L5TTPC_L5TTPC,205559-199162,mrk97_02,9cad658eaf67,1.0254283865460692,1.0,2.542838654606916,"[1, 1, 0, 1, 0, 0, 1, 1]","[1, 1, 0, 1, 0, 0, 1, 1]",1.9179159710490084,1.9179159710490084,1.8781595121084902,1.9259180781775613
L5TTPC_L5TTPC,205559-199162,mrk97_02,42fcbef9c959,1.0329474691795797,1.0,3.294746917957969,"[1, 1, 0, 1, 0, 0, 1, 1]","[1, 1, 0, 1, 0, 0, 1, 1]",1.9179159710490084,1.9179159710490084,1.8781595121084902,1.940040114748019
L5TTPC_L5TTPC,205559-199162,mrk97_02,569b3c6a64ec,1.011796061216109,1.0,1.1796061216108988,"[1, 1, 0, 1, 0, 0, 1, 1]","[1, 1, 0, 1, 0, 0, 1, 1]",1.9179159710490084,1.9179159710490084,1.8781595121084902,1.9003143966869394
L5TTPC_L5TTPC,205559-199162,mrk97_07,9cad658eaf67,1.046198350391197,1.0,4.619835039119691,"[1, 1, 0, 1, 0, 0, 1, 1]","[1, 1, 0, 1, 0, 0, 1, 1]",1.9179159710490084,1.9179159710490084,1.854906170452294,1.9405997756576423
L5TTPC_L5TTPC,205559-199162,mrk97_07,42fcbef9c959,1.0461977772476074,1.0,4.619777724760743,"[1, 1, 0, 1, 0, 0, 1, 1]","[1, 1, 0, 1, 0, 0, 1, 1]",1.9179159710490084,1.9179159710490084,1.854906170452294,1.9405987125300617
L5TTPC_L5TTPC,205559-199162,mrk97_07,569b3c6a64ec,1.0461966662619115,1.0,4.6196666261911545,"[1, 1, 0, 1, 0, 0, 1, 1]","[1, 1, 0, 1, 0, 0, 1, 1]",1.9179159710490084,1.9179159710490084,1.854906170452294,1.940596651755839
L5TTPC_L5TTPC,205559-199162,mrk97_08,9cad658eaf67,0.9991596311578473,1.0,-0.08403688421526612,"[1, 1, 0, 1, 0, 0, 1, 1]","[1, 1, 0, 1, 0, 0, 1, 1]",1.9179159710490084,1.9179159710490084,1.9043271501785537,1.9027268129762782
L5TTPC_L5TTPC,205559-199162,mrk97_08,42fcbef9c959,0.9991610343025986,1.0,-0.08389656974013837,"[1, 1, 0, 1, 0, 0, 1, 1]","[1, 1, 0, 1, 0, 0, 1, 1]",1.9179159710490084,1.9179159710490084,1.9043271501785537,1.9027294850229237
L5TTPC_L5TTPC,205559-199162,mrk97_08,569b3c6a64ec,0.9991598971659739,1.0,-0.08401028340261352,"[1, 1, 0, 1, 0, 0, 1, 1]","[1, 1, 0, 1, 0, 0, 1, 1]",1.9179159710490084,1.9179159710490084,1.9043271501785537,1.9027273195427759
L5TTPC_L5TTPC,205559-199162,mrk97_01,b55d18daaa30,1.0169543989885597,1.0,1.695439898855966,"[1, 1, 0, 1, 0, 0, 1, 1]","[1, 1, 0, 1, 0, 0, 1, 1]",1.9179159710490084,1.9179159710490084,1.9017273263915402,1.933969970250629
L5TTPC_L5TTPC,205559-199162,mrk97_07,b55d18daaa30,1.0462011574673387,1.0,4.620115746733866,"[1, 1, 0, 1, 0, 0, 1, 1]","[1, 1, 0, 1, 0, 0, 1, 1]",1.9179159710490084,1.9179159710490084,1.854906170452294,1.9406049825204987
L5TTPC_L5TTPC,205559-199162,mrk97_01,bcb464881cb7,1.0169543989885597,1.0,1.695439898855966,"[1, 1, 0, 1, 0, 0, 1, 1]","[1, 1, 0, 1, 0, 0, 1, 1]",1.9179159710490084,1.9179159710490084,1.9017273263915402,1.933969970250629
L5TTPC_L5TTPC,205559-199162,mrk97_02,bcb464881cb7,1.0329543144546869,1.0,3.2954314454686884,"[1, 1, 0, 1, 0, 0, 1, 1]","[1, 1, 0, 1, 0, 0, 1, 1]",1.9179159710490084,1.9179159710490084,1.8781595121084902,1.9400529712665748
L5TTPC_L5TTPC,205559-199162,mrk97_07,bcb464881cb7,1.046192838046293,1.0,4.619283804629304,"[1, 1, 0, 1, 0, 0, 1, 1]","[1, 1, 0, 1, 0, 0, 1, 1]",1.9179159710490084,1.9179159710490084,1.854906170452294,1.9405895507750666
L5TTPC_L5TTPC,205559-199162,mrk97_08,bcb464881cb7,0.9991610503882599,1.0,-0.08389496117401363,"[1, 1, 0, 1, 0, 0, 1, 1]","[1, 1, 0, 1, 0, 0, 1, 1]",1.9179159710490084,1.9179159710490084,1.9043271501785537,1.9027295156552853
L5TTPC_L5TTPC,205559-199162,mrk97_01,ae9f31198d21,1.0169543989885597,1.0,1.695439898855966,"[1, 1, 0, 1, 0, 0, 1, 1]","[1, 1, 0, 1, 0, 0, 1, 1]",1.9179159710490084,1.9179159710490084,1.9017273263915402,1.933969970250629
L5TTPC_L5TTPC,205559-199162,mrk97_02,ae9f31198d21,1.0329492705877417,1.0,3.2949270587741664,"[1, 1, 0, 1, 0, 0, 1, 1]","[1, 1, 0, 1, 0, 0, 1, 1]",1.9179159710490084,1.9179159710490084,1.8781595121084902,1.9400434980798935
L5TTPC_L5TTPC,205559-199162,mrk97_07,ae9f31198d21,1.0462015798966502,1.0,4.620157989665019,"[1, 1, 0, 1, 0, 0, 1, 1]","[1, 1, 0, 1, 0, 0, 1, 1]",1.9179159710490084,1.9179159710490084,1.854906170452294,1.9406057660872351
L5TTPC_L5TTPC,205559-199162,mrk97_08,ae9f31198d21,0.9991607231427502,1.0,-0.08392768572498266,"[1, 1, 0, 1, 0, 0, 1, 1]","[1, 1, 0, 1, 0, 0, 1, 1]",1.9179159710490084,1.9179159710490084,1.9043271501785537,1.9027288924727763
L5TTPC_L5TTPC,205559-199162,mrk97_01,148dd620b8c7,1.0169543989885597,1.0,1.695439898855966,"[1, 1, 0, 1, 0, 0, 1, 1]","[1, 1, 0, 1, 0, 0, 1, 1]",1.9179159710490084,1.9179159710490084,1.9017273263915402,1.933969970250629
L5TTPC_L5TTPC,205559-199162,mrk97_02,148dd620b8c7,1.0329492705877417,1.0,3.2949270587741664,"[1, 1, 0, 1, 0, 0, 1, 1]","[1, 1, 0, 1, 0, 0, 1, 1]",1.9179159710490084,1.9179159710490084,1.8781595121084902,1.9400434980798935
L5TTPC_L5TTPC,205559-199162,mrk97_07,148dd620b8c7,1.0462015798966502,1.0,4.620157989665019,"[1, 1, 0, 1, 0, 0, 1, 1]","[1, 1, 0, 1, 0, 0, 1, 1]",1.9179159710490084,1.9179159710490084,1.854906170452294,1.9406057660872351
L5TTPC_L5TTPC,205559-199162,mrk97_08,148dd620b8c7,0.9991607231427502,1.0,-0.08392768572498266,"[1, 1, 0, 1, 0, 0, 1, 1]","[1, 1, 0, 1, 0, 0, 1, 1]",1.9179159710490084,1.9179159710490084,1.9043271501785537,1.9027288924727763
L5TTPC_L5TTPC,205559-199162,mrk97_01,028b3a7024e2,1.0169543989885597,1.0,1.695439898855966,"[1, 1, 0, 1, 0, 0, 1, 1]","[1, 1, 0, 1, 0, 0, 1, 1]",1.9179159710490084,1.9179159710490084,1.9017273263915402,1.933969970250629
L5TTPC_L5TTPC,205559-199162,mrk97_02,028b3a7024e2,1.0329470500376945,1.0,3.294705003769449,"[1, 1, 0, 1, 0, 0, 1, 1]","[1, 1, 0, 1, 0, 0, 1, 1]",1.9179159710490084,1.9179159710490084,1.8781595121084902,1.9400393275327006
L5TTPC_L5TTPC,205559-199162,mrk97_07,028b3a7024e2,1.0461940617685812,1.0,4.619406176858121,"[1, 1, 0, 1, 0, 0, 1, 1]","[1, 1, 0, 1, 0, 0, 1, 1]",1.9179159710490084,1.9179159710490084,1.854906170452294,1.9405918206650898
L5TTPC_L5TTPC,205559-199162,mrk97_08,028b3a7024e2,0.999160267756377,1.0,-0.08397322436229926,"[1, 1, 0, 1, 0, 0, 1, 1]","[1, 1, 0, 1, 0, 0, 1, 1]",1.9179159710490084,1.9179159710490084,1.9043271501785537,1.902728025268142
L5TTPC_L5TTPC,205559-199162,mrk97_01,484b1f513314,1.0169543989885597,1.0,1.695439898855966,"[1, 1, 0, 1, 0, 0, 1, 1]","[1, 1, 0, 1, 0, 0, 1, 1]",1.9179159710490084,1.9179159710490084,1.9017273263915402,1.933969970250629
L5TTPC_L5TTPC,205559-199162,mrk97_02,484b1f513314,1.0329492705877417,1.0,3.2949270587741664,"[1, 1, 0, 1, 0, 0, 1, 1]","[1, 1, 0, 1, 0, 0, 1, 1]",1.9179159710490084,1.9179159710490084,1.8781595121084902,1.9400434980798935
L5TTPC_L5TTPC,205559-199162,mrk97_07,484b1f513314,1.0462015798966502,1.0,4.620157989665019,"[1, 1, 0, 1, 0, 0, 1, 1]","[1, 1, 0, 1, 0, 0, 1, 1]",1.9179159710490084,1.9179159710490084,1.854906170452294,1.9406057660872351
L5TTPC_L5TTPC,205559-199162,mrk97_08,484b1f513314,0.9991607231427502,1.0,-0.08392768572498266,"[1, 1, 0, 1, 0, 0, 1, 1]","[1, 1, 0, 1, 0, 0, 1, 1]",1.9179159710490084,1.9179159710490084,1.9043271501785537,1.9027288924727763
L5TTPC_L5TTPC,205559-199162,mrk97_01,9e09c3d62d71,1.0099411757354595,1.0,0.9941175735459495,"[1, 1, 0, 1, 0, 0, 1, 1]","[1, 1, 0, 1, 0, 0, 1, 1]",1.9179159710490084,1.9179159710490084,1.9017273263915402,1.920632731944124
L5TTPC_L5TTPC,205559-199162,mrk97_02,9e09c3d62d71,1.7650565102808082,1.531330622638217,15.262927821551822,"[1, 1, 0, 1, 0, 0, 1, 1]","[1, 1, 0, 1, 1, 0, 1, 1]",1.9179159710490084,2.9369634581142585,1.8781595121084902,3.315057674192917
L5TTPC_L5TTPC,205559-199162,mrk97_07,9e09c3d62d71,1.0461926402676445,1.0,4.619264026764447,"[1, 1, 0, 1, 0, 0, 1, 1]","[1, 1, 0, 1, 0, 0, 1, 1]",1.9179159710490084,1.9179159710490084,1.854906170452294,1.9405891839142309
L5TTPC_L5TTPC,205559-199162,mrk97_08,9e09c3d62d71,1.6468451048426245,1.531330622638217,7.543405747701694,"[1, 1, 0, 1, 0, 0, 1, 1]","[1, 1, 0, 1, 1, 0, 1, 1]",1.9179159710490084,2.9369634581142585,1.9043271501785537,3.1361318452904565
L5TTPC_L5TTPC,205559-199162,mrk97_01,4490730d094b,1.0169543989885597,1.0,1.695439898855966,"[1, 1, 0, 1, 0, 0, 1, 1]","[1, 1, 0, 1, 0, 0, 1, 1]",1.9179159710490084,1.9179159710490084,1.9017273263915402,1.933969970250629
L5TTPC_L5TTPC,205559-199162,mrk97_07,4490730d094b,1.0474774231834234,1.0,4.747742318342341,"[1, 1, 0, 1, 0, 0, 1, 1]","[1, 1, 0, 1, 0, 0, 1, 1]",1.9179159710490084,1.9179159710490084,1.854906170452294,1.9429723356724007
L5TTPC_L5TTPC,205559-199162,mrk97_01,b543c5342bb0,1.0169543989885597,1.0,1.695439898855966,"[1, 1, 0, 1, 0, 0, 1, 1]","[1, 1, 0, 1, 0, 0, 1, 1]",1.9179159710490084,1.9179159710490084,1.9017273263915402,1.933969970250629
L5TTPC_L5TTPC,205559-199162,mrk97_02,b543c5342bb0,1.0329462525857271,1.0,3.2946252585727143,"[1, 1, 0, 1, 0, 0, 1, 1]","[1, 1, 0, 1, 0, 0, 1, 1]",1.9179159710490084,1.9179159710490084,1.8781595121084902,1.9400378297907024
L5TTPC_L5TTPC,205559-199162,mrk97_07,b543c5342bb0,1.0462015798966502,1.0,4.620157989665019,"[1, 1, 0, 1, 0, 0, 1, 1]","[1, 1, 0, 1, 0, 0, 1, 1]",1.9179159710490084,1.9179159710490084,1.854906170452294,1.9406057660872351
L5TTPC_L5TTPC,205559-199162,mrk97_08,b543c5342bb0,0.9991607231427502,1.0,-0.08392768572498266,"[1, 1, 0, 1, 0, 0, 1, 1]","[1, 1, 0, 1, 0, 0, 1, 1]",1.9179159710490084,1.9179159710490084,1.9043271501785537,1.9027288924727763
L5TTPC_L5TTPC,205559-199162,mrk97_01,a3541066bb26,1.0169573850542466,1.0,1.6957385054246599,"[1, 1, 0, 1, 0, 0, 1, 1]","[1, 1, 0, 1, 0, 0, 1, 1]",1.9179159710490084,1.9179159710490084,1.9017273263915402,1.9339756489333444
L5TTPC_L5TTPC,205559-199162,mrk97_02,a3541066bb26,1.032947639991628,1.0,3.2947639991627975,"[1, 1, 0, 1, 0, 0, 1, 1]","[1, 1, 0, 1, 0, 0, 1, 1]",1.9179159710490084,1.9179159710490084,1.8781595121084902,1.9400404355602925
L5TTPC_L5TTPC,205559-199162,mrk97_07,a3541066bb26,1.046201844019129,1.0,4.620184401912897,"[1, 1, 0, 1, 0, 0, 1, 1]","[1, 1, 0, 1, 0, 0, 1, 1]",1.9179159710490084,1.9179159710490084,1.854906170452294,1.9406062560096506
L5TTPC_L5TTPC,205559-199162,mrk97_08,a3541066bb26,0.9991598902119444,1.0,-0.08401097880555985,"[1, 1, 0, 1, 0, 0, 1, 1]","[1, 1, 0, 1, 0, 0, 1, 1]",1.9179159710490084,1.9179159710490084,1.9043271501785537,1.9027273063000287
L5TTPC_L5TTPC,205559-199162,mrk97_01,82368ec8fda1,1.0169543989885597,1.0,1.695439898855966,"[1, 1, 0, 1, 0, 0, 1, 1]","[1, 1, 0, 1, 0, 0, 1, 1]",1.9179159710490084,1.9179159710490084,1.9017273263915402,1.933969970250629
L5TTPC_L5TTPC,205559-199162,mrk97_02,82368ec8fda1,1.0329492705877417,1.0,3.2949270587741664,"[1, 1, 0, 1, 0, 0, 1, 1]","[1, 1, 0, 1, 0, 0, 1, 1]",1.9179159710490084,1.9179159710490084,1.8781595121084902,1.9400434980798935
L5TTPC_L5TTPC,205559-199162,mrk97_07,82368ec8fda1,1.0462015798966502,1.0,4.620157989665019,"[1, 1, 0, 1, 0, 0, 1, 1]","[1, 1, 0, 1, 0, 0, 1, 1]",1.9179159710490084,1.9179159710490084,1.854906170452294,1.9406057660872351
L5TTPC_L5TTPC,205559-199162,mrk97_08,82368ec8fda1,0.9991607231427502,1.0,-0.08392768572498266,"[1, 1, 0, 1, 0, 0, 1, 1]","[1, 1, 0, 1, 0, 0, 1, 1]",1.9179159710490084,1.9179159710490084,1.9043271501785537,1.9027288924727763
L5TTPC_L5TTPC,205559-199162,mrk97_01,bb3ce68077f6,1.0169543989885597,1.0,1.695439898855966,"[1, 1, 0, 1, 0, 0, 1, 1]","[1, 1, 0, 1, 0, 0, 1, 1]",1.9179159710490084,1.9179159710490084,1.9017273263915402,1.933969970250629
L5TTPC_L5TTPC,205559-199162,mrk97_02,bb3ce68077f6,1.0329492705877417,1.0,3.2949270587741664,"[1, 1, 0, 1, 0, 0, 1, 1]","[1, 1, 0, 1, 0, 0, 1, 1]",1.9179159710490084,1.9179159710490084,1.8781595121084902,1.9400434980798935
L5TTPC_L5TTPC,205559-199162,mrk97_07,bb3ce68077f6,1.0462015798966502,1.0,4.620157989665019,"[1, 1, 0, 1, 0, 0, 1, 1]","[1, 1, 0, 1, 0, 0, 1, 1]",1.9179159710490084,1.9179159710490084,1.854906170452294,1.9406057660872351
L5TTPC_L5TTPC,205559-199162,mrk97_08,bb3ce68077f6,0.9991607231427502,1.0,-0.08392768572498266,"[1, 1, 0, 1, 0, 0, 1, 1]","[1, 1, 0, 1, 0, 0, 1, 1]",1.9179159710490084,1.9179159710490084,1.9043271501785537,1.9027288924727763
L5TTPC_L5TTPC,205559-199162,mrk97_01,f450d885b67e,1.0169543989885597,1.0,1.695439898855966,"[1, 1, 0, 1, 0, 0, 1, 1]","[1, 1, 0, 1, 0, 0, 1, 1]",1.9179159710490084,1.9179159710490084,1.9017273263915402,1.933969970250629
L5TTPC_L5TTPC,205559-199162,mrk97_07,f450d885b67e,1.0474734805349035,1.0,4.747348053490352,"[1, 1, 0, 1, 0, 0, 1, 1]","[1, 1, 0, 1, 0, 0, 1, 1]",1.9179159710490084,1.9179159710490084,1.854906170452294,1.9429650224293336
L5TTPC_L5TTPC,205559-199162,mrk97_01,e16cea655270,1.0099398412033467,1.0,0.9939841203346678,"[1, 1, 0, 1, 0, 0, 1, 1]","[1, 1, 0, 1, 0, 0, 1, 1]",1.9179159710490084,1.9179159710490084,1.9017273263915402,1.9206301940279373
L5TTPC_L5TTPC,205559-199162,mrk97_02,e16cea655270,1.7650569963391207,1.531330622638217,15.262959562464287,"[1, 1, 0, 1, 0, 0, 1, 1]","[1, 1, 0, 1, 1, 0, 1, 1]",1.9179159710490084,2.9369634581142585,1.8781595121084902,3.31505858708796
L5TTPC_L5TTPC,205559-199162,mrk97_07,e16cea655270,1.046199967987098,1.0,4.619996798709791,"[1, 1, 0, 1, 0, 0, 1, 1]","[1, 1, 0, 1, 0, 0, 1, 1]",1.9179159710490084,1.9179159710490084,1.854906170452294,1.9406027761462605
L5TTPC_L5TTPC,205559-199162,mrk97_08,e16cea655270,1.6468450343898937,1.531330622638217,7.543401146949269,"[1, 1, 0, 1, 0, 0, 1, 1]","[1, 1, 0, 1, 1, 0, 1, 1]",1.9179159710490084,2.9369634581142585,1.9043271501785537,3.1361317111254086
L5TTPC_L5TTPC,205559-199162,mrk97_01,ebee1abda648,1.0169543989885597,1.0,1.695439898855966,"[1, 1, 0, 1, 0, 0, 1, 1]","[1, 1, 0, 1, 0, 0, 1, 1]",1.9179159710490084,1.9179159710490084,1.9017273263915402,1.933969970250629
L5TTPC_L5TTPC,205559-199162,mrk97_02,ebee1abda648,1.0329492705877417,1.0,3.2949270587741664,"[1, 1, 0, 1, 0, 0, 1, 1]","[1, 1, 0, 1, 0, 0, 1, 1]",1.9179159710490084,1.9179159710490084,1.8781595121084902,1.9400434980798935
L5TTPC_L5TTPC,205559-199162,mrk97_07,ebee1abda648,1.0462015798966502,1.0,4.620157989665019,"[1, 1, 0, 1, 0, 0, 1, 1]","[1, 1, 0, 1, 0, 0, 1, 1]",1.9179159710490084,1.9179159710490084,1.854906170452294,1.9406057660872351
L5TTPC_L5TTPC,205559-199162,mrk97_08,ebee1abda648,0.9991607231427502,1.0,-0.08392768572498266,"[1, 1, 0, 1, 0, 0, 1, 1]","[1, 1, 0, 1, 0, 0, 1, 1]",1.9179159710490084,1.9179159710490084,1.9043271501785537,1.9027288924727763
L5TTPC_L5TTPC,205559-199162,mrk97_01,bc2be1297fe9,1.0169580085913268,1.0,1.695800859132679,"[1, 1, 0, 1, 0, 0, 1, 1]","[1, 1, 0, 1, 0, 0, 1, 1]",1.9179159710490084,1.9179159710490084,1.9017273263915402,1.933976834730849
L5TTPC_L5TTPC,205559-199162,mrk97_01,ab84e4ef46dc,1.009943380997647,1.0,0.9943380997647022,"[1, 1, 0, 1, 0, 0, 1, 1]","[1, 1, 0, 1, 0, 0, 1, 1]",1.9179159710490084,1.9179159710490084,1.9017273263915402,1.9206369257514877
L5TTPC_L5TTPC,205559-199162,mrk97_02,ab84e4ef46dc,1.7650571524491538,1.531330622638217,15.262969756868475,"[1, 1, 0, 1, 0, 0, 1, 1]","[1, 1, 0, 1, 1, 0, 1, 1]",1.9179159710490084,2.9369634581142585,1.8781595121084902,3.315058880287504
L5TTPC_L5TTPC,205559-199162,mrk97_07,ab84e4ef46dc,1.60709233140132,1.531330622638217,4.947442939042031,"[1, 1, 0, 1, 0, 0, 1, 1]","[1, 1, 0, 1, 1, 0, 1, 1]",1.9179159710490084,2.9369634581142585,1.854906170452294,2.981005482002871
L5TTPC_L5TTPC,205559-199162,mrk97_08,ab84e4ef46dc,1.646846603747314,1.531330622638217,7.543503630201223,"[1, 1, 0, 1, 0, 0, 1, 1]","[1, 1, 0, 1, 1, 0, 1, 1]",1.9179159710490084,2.9369634581142585,1.9043271501785537,3.136134699695352
L5TTPC_L5TTPC,205559-199162,mrk97_01,af52bd05ee01,1.0169543989885597,1.0,1.695439898855966,"[1, 1, 0, 1, 0, 0, 1, 1]","[1, 1, 0, 1, 0, 0, 1, 1]",1.9179159710490084,1.9179159710490084,1.9017273263915402,1.933969970250629
L5TTPC_L5TTPC,205559-199162,mrk97_07,af52bd05ee01,1.0461983253406222,1.0,4.619832534062218,"[1, 1, 0, 1, 0, 0, 1, 1]","[1, 1, 0, 1, 0, 0, 1, 1]",1.9179159710490084,1.9179159710490084,1.854906170452294,1.9405997291911765
L5TTPC_L5TTPC,205559-199162,mrk97_08,af52bd05ee01,0.994892445243309,1.0,-0.5107554756691002,"[1, 1, 0, 1, 0, 0, 1, 1]","[1, 1, 0, 1, 0, 0, 1, 1]",1.9179159710490084,1.9179159710490084,1.9043271501785537,1.8946006949843635
L5TTPC_L5TTPC,205559-199162,mrk97_01,9d555cd31a1e,1.0068356965033682,1.0,0.6835696503368238,"[1, 1, 0, 1, 0, 0, 1, 1]","[1, 1, 0, 1, 0, 0, 1, 1]",1.9179159710490084,1.9179159710490084,1.9017273263915402,1.9147269572269145
L5TTPC_L5TTPC,205559-199162,mrk97_02,9d555cd31a1e,1.7650567538610393,1.531330622638217,15.26294372799472,"[1, 1, 0, 1, 0, 0, 1, 1]","[1, 1, 0, 1, 1, 0, 1, 1]",1.9179159710490084,2.9369634581142585,1.8781595121084902,3.3150581316754453
L5TTPC_L5TTPC,205559-199162,mrk97_07,9d555cd31a1e,1.6230828819184788,1.531330622638217,5.991668809064142,"[1, 1, 0, 1, 0, 0, 1, 1]","[1, 1, 0, 1, 1, 0, 1, 1]",1.9179159710490084,2.9369634581142585,1.854906170452294,3.0106664528260785
L5TTPC_L5TTPC,205559-199162,mrk97_08,9d555cd31a1e,1.6468458658373755,1.531330622638217,7.5434554427015685,"[1, 1, 0, 1, 0, 0, 1, 1]","[1, 1, 0, 1, 1, 0, 1, 1]",1.9179159710490084,2.9369634581142585,1.9043271501785537,3.136133294473422
L5TTPC_L5TTPC,205559-199162,mrk97_01,872a4f3ab18a,1.0099415142955415,1.0,0.9941514295541465,"[1, 1, 0, 1, 0, 0, 1, 1]","[1, 1, 0, 1, 0, 0, 1, 1]",1.9179159710490084,1.9179159710490084,1.9017273263915402,1.9206333757930834
L5TTPC_L5TTPC,205559-199162,mrk97_02,872a4f3ab18a,1.765057350557919,1.531330622638217,15.262982693902597,"[1, 1, 0, 1, 0, 0, 1, 1]","[1, 1, 0, 1, 1, 0, 1, 1]",1.9179159710490084,2.9369634581142585,1.8781595121084902,3.3150592523673654
L5TTPC_L5TTPC,205559-199162,mrk97_07,872a4f3ab18a,1.0461955483330119,1.0,4.619554833301187,"[1, 1, 0, 1, 0, 0, 1, 1]","[1, 1, 0, 1, 0, 0, 1, 1]",1.9179159710490084,1.9179159710490084,1.854906170452294,1.9405945781026248
L5TTPC_L5TTPC,205559-199162,mrk97_08,872a4f3ab18a,1.6468422673791638,1.531330622638217,7.543220453721498,"[1, 1, 0, 1, 0, 0, 1, 1]","[1, 1, 0, 1, 1, 0, 1, 1]",1.9179159710490084,2.9369634581142585,1.9043271501785537,3.1361264418317507
L5TTPC_L5TTPC,205559-199162,mrk97_01,cdb1a102b22d,1.5070774962224436,1.531330622638217,-1.5837942543060721,"[1, 1, 0, 1, 0, 0, 1, 1]","[1, 1, 0, 1, 1, 0, 1, 1]",1.9179159710490084,2.9369634581142585,1.9017273263915402,2.866050457555964
L5TTPC_L5TTPC,205559-199162,mrk97_02,cdb1a102b22d,1.76175204638192,1.531330622638217,15.047137459233126,"[1, 1, 0, 1, 0, 0, 1, 1]","[1, 1, 0, 1, 1, 0, 1, 1]",1.9179159710490084,2.9369634581142585,1.8781595121084902,3.308851363888801
L5TTPC_L5TTPC,205559-199162,mrk97_07,cdb1a102b22d,1.6623911864369016,1.531330622638217,8.558606604032379,"[1, 1, 0, 1, 0, 0, 1, 1]","[1, 1, 0, 1, 1, 0, 1, 1]",1.9179159710490084,2.9369634581142585,1.854906170452294,3.0835796694273188
L5TTPC_L5TTPC,205559-199162,mrk97_08,cdb1a102b22d,1.6371753908704474,1.531330622638217,6.9119474702254795,"[1, 1, 0, 1, 0, 0, 1, 1]","[1, 1, 0, 1, 1, 0, 1, 1]",1.9179159710490084,2.9369634581142585,1.9043271501785537,3.117717546438779
L5TTPC_L5TTPC,205559-199162,mrk97_01,faa4c9537a5f,1.0169543989885597,1.0,1.695439898855966,"[1, 1, 0, 1, 0, 0, 1, 1]","[1, 1, 0, 1, 0, 0, 1, 1]",1.9179159710490084,1.9179159710490084,1.9017273263915402,1.933969970250629
L5TTPC_L5TTPC,205559-199162,mrk97_02,faa4c9537a5f,1.0329492705877417,1.0,3.2949270587741664,"[1, 1, 0, 1, 0, 0, 1, 1]","[1, 1, 0, 1, 0, 0, 1, 1]",1.9179159710490084,1.9179159710490084,1.8781595121084902,1.9400434980798935
L5TTPC_L5TTPC,205559-199162,mrk97_07,faa4c9537a5f,1.0462015798966502,1.0,4.620157989665019,"[1, 1, 0, 1, 0, 0, 1, 1]","[1, 1, 0, 1, 0, 0, 1, 1]",1.9179159710490084,1.9179159710490084,1.854906170452294,1.9406057660872351
L5TTPC_L5TTPC,205559-199162,mrk97_08,faa4c9537a5f,0.9991607231427502,1.0,-0.08392768572498266,"[1, 1, 0, 1, 0, 0, 1, 1]","[1, 1, 0, 1, 0, 0, 1, 1]",1.9179159710490084,1.9179159710490084,1.9043271501785537,1.9027288924727763
L5TTPC_L5TTPC,205559-199162,mrk97_01,6d267317ea0c,1.0169543989885597,1.0,1.695439898855966,"[1, 1, 0, 1, 0, 0, 1, 1]","[1, 1, 0, 1, 0, 0, 1, 1]",1.9179159710490084,1.9179159710490084,1.9017273263915402,1.933969970250629
L5TTPC_L5TTPC,205559-199162,mrk97_07,6d267317ea0c,1.046202400431871,1.0,4.620240043187107,"[1, 1, 0, 1, 0, 0, 1, 1]","[1, 1, 0, 1, 0, 0, 1, 1]",1.9179159710490084,1.9179159710490084,1.854906170452294,1.9406072881030796
L5TTPC_L5TTPC,205559-199162,mrk97_08,6d267317ea0c,0.9948849541286947,1.0,-0.511504587130529,"[1, 1, 0, 1, 0, 0, 1, 1]","[1, 1, 0, 1, 0, 0, 1, 1]",1.9179159710490084,1.9179159710490084,1.9043271501785537,1.8945864294514183
L5TTPC_L5TTPC,205559-199162,mrk97_01,dc9a87cd67d3,1.016958368211458,1.0,1.695836821145802,"[1, 1, 0, 1, 0, 0, 1, 1]","[1, 1, 0, 1, 0, 0, 1, 1]",1.9179159710490084,1.9179159710490084,1.9017273263915402,1.9339775186302794
L5TTPC_L5TTPC,205559-199162,mrk97_02,dc9a87cd67d3,1.0325736659631732,1.0,3.2573665963173237,"[1, 1, 0, 1, 0, 0, 1, 1]","[1, 1, 0, 1, 0, 0, 1, 1]",1.9179159710490084,1.9179159710490084,1.8781595121084902,1.9393380526814687
L5TTPC_L5TTPC,205559-199162,mrk97_07,dc9a87cd67d3,1.0461953690694399,1.0,4.619536906943988,"[1, 1, 0, 1, 0, 0, 1, 1]","[1, 1, 0, 1, 0, 0, 1, 1]",1.9179159710490084,1.9179159710490084,1.854906170452294,1.940594245585519
L5TTPC_L5TTPC,205559-199162,mrk97_08,dc9a87cd67d3,0.9924312485984028,1.0,-0.7568751401597185,"[1, 1, 0, 1, 0, 0, 1, 1]","[1, 1, 0, 1, 0, 0, 1, 1]",1.9179159710490084,1.9179159710490084,1.9043271501785537,1.8899137713915402
