,$U_\mathrm{SE}$,$\tau_\mathrm{dep}$ (ms),$\tau_\mathrm{fac}$ (ms),$N_\mathrm{RRP}$,$\hat G_\mathrm{AMPAR}$ (nS),$\hat G_\mathrm{NMDAR}$ (nS),$X$ ($\mu m^3$),$\theta_d$,$\theta_p$
0,0.9697434112916001,814.9653008218243,11.336751894669911,2.0,1.433299385636768,1.2326374716476205,0.1352724664813403,0.06118100985989198,0.07101121013424115
1,0.9295732596894507,762.080328331706,2.9083799707618563,3.0,0.9517275086178549,0.8184856574113553,0.10812141704922126,0.05454995940889812,0.06355242407817976
2,0.7864529483706232,527.696840790122,36.70813223959441,1.0,0.29771616473343104,0.2560359016707507,0.029215722936969935,0.06477690018134973,0.07589399659101229
3,0.8829343229932005,663.6761242852897,21.925733136779964,2.0,0.7876388255274249,0.6773693899535854,0.06217471836125118,0.09900995905099307,0.11460016678039359
4,0.7081413786967625,816.4155024114779,0.005870927469629939,1.0,0.22137468571381766,0.1903822297138832,0.044743583523938674,0.03928974968277065,0.045488135009584346
5,0.8054979955929311,595.79524512558,0.31085523471788956,1.0,0.2973488546295583,0.2557200149814201,0.045662428852209766,0.05225254345420319,0.06048970657987116
6,0.9107909945265944,499.3511848616527,14.207047534549426,1.0,0.64576729990081,0.5553598779146967,0.06790704954259019,0.07614568464554075,0.08813879886056014
7,0.9334725155117982,501.17984573432375,83.8436145479162,1.0,0.7264299423789725,0.6247297504459164,0.03997704668176122,0.14573051239400553,0.1686701640584772
8,0.8765249275933957,576.2605888005064,0.2868362054692058,1.0,0.48364797481538013,0.4159372583412269,0.047371964406095396,0.0788623138606274,0.0912856462016532
9,0.8537568786423202,608.9089196769751,0.02925622714265276,2.0,0.6166809555828568,0.5303456218012569,0.14721092012748166,0.051626023635526014,0.06244339025494149
10,0.8886373347413796,347.1816709321804,4.8442510364175675,1.0,0.6179868407153,0.5314686830151579,0.05026562118946162,0.0816458236670632,0.09451351546806146
11,0.9194846471537512,568.9313152706125,55.53779822842787,2.0,0.8823128389868459,0.7587890415286874,0.12170614330894075,0.048868803057553416,0.05657084539691972
12,0.7760259113838651,506.49963597952166,0.025050678867028567,1.0,0.158571641092379,0.13637161133944595,0.040195050056285805,0.026758655752974963,0.030989792107826174
13,0.9482202008946397,593.6652580252207,0.11869493574841669,1.0,0.9398866730344593,0.808302538809635,0.051126884124703106,0.19380687416144016,0.2243040066447524
14,0.8605208471447805,699.4354997284505,9.839751040113502,1.0,0.4855756840548489,0.41759508828717007,0.09228795846803088,0.05579079693741651,0.06457676458419331
15,0.734217321087163,646.2748382056016,27.207248136768676,1.0,0.08268317850782123,0.07110753351672626,0.015526691564932442,0.05889665443061519,0.06817916685612298
16,0.8580646256608384,630.4018837054026,6.636891571853114e-08,1.0,0.6103598573952987,0.524909477359957,0.05603895859330898,0.11901039797824521,0.13774190217402893
17,0.46203556082331043,626.1280005490785,0.014330467745473986,1.0,0.018438785046130737,0.015857355139672433,0.011685211053762851,0.018331919178605813,0.021235746219106455
18,0.7083119639838055,787.0535297323844,7.496508914364854e-05,1.0,0.1310501215509727,0.11270310453383653,0.0060690288410288305,0.23262467089487301,0.2692397956695273
19,0.8784115674670085,810.212954647239,13.545860279322646,1.0,0.6331862350370369,0.5445401621318517,0.06892339212851932,0.07702678192017005,0.08915814726100112
20,0.6885963501496654,504.3878053526741,1.2559919922662284,1.0,0.11389257465370864,0.09794761420218943,0.02601493319726556,0.03705690014838396,0.043672177784967736
21,0.7844252833443313,576.9268841752233,0.15444342783171394,1.0,0.29618729993670806,0.2547210779455689,0.031103915059860803,0.07200001336678344,0.0840681323453124
22,0.5985233843375246,622.0399874635574,1.0778326992324936,1.0,0.07837398553784261,0.06740162756254464,0.02763150790837321,0.024009697160404485,0.02780744259646582
23,0.900528105727389,644.0224484230699,30.947250441200428,1.0,0.6513404203231242,0.5601527614778868,0.052468173904358956,0.16849285858201396,0.19500752719325895
24,0.8433723132003532,628.3793649020373,7.595349164703034,1.0,0.25676968429066144,0.22082192848996884,0.02794474206300343,0.07391627973166193,0.08555780437178813
25,0.9123949448428978,711.8305143912145,0.15992498295870655,1.0,0.4286151833476727,0.3686090576789985,0.029198546760362647,0.10343432286898245,0.12010709266548568
26,0.44019349792522233,387.68416487334264,0.009201223671535563,1.0,0.03288693125833199,0.02828276088216551,0.0024224743492777296,0.09380087806561972,0.10877710745288044
27,0.9079438577330419,480.98077903910206,60.35446783452435,2.0,0.8247043189015869,0.7092457142553648,0.10283193974172775,0.06397023891162629,0.07524013993410314
28,0.8041211855614524,506.10137567384885,0.47577217086711215,1.0,0.4869742224583832,0.4187978313142095,0.05128051212878771,0.06550071134497912,0.075903865094186
29,0.700952199640521,743.2012577812069,225.48025784649,1.0,0.2568207612368742,0.2208658546637118,0.01588995628869065,0.11125869763304441,0.12890638183360362
30,0.8773308927273898,713.9800159444496,1.654852093306854,1.0,0.5526900205152551,0.47531341764311935,0.053697199270689694,0.07361691009281301,0.0857736643654166
31,0.8549160459199752,700.0265362167904,0.8043249587511784,2.0,0.6418841335472301,0.5520203548506178,0.060479278461713866,0.0730427320549728,0.08462687887701242
32,0.9389176221936311,561.2223138831602,2.774956381149895,1.0,0.9062641805821039,0.7793871953006093,0.05149844876653073,0.12363212409424586,0.14373564895160276
33,0.8147276997623014,890.4906254450401,0.9489907964620709,1.0,0.3377031948274963,0.29042474755164677,0.04981034857794862,0.046532608585543755,0.05388918418561454
34,0.7206977056286576,782.0218815430206,2.4075392325884956e-08,1.0,0.19419231080508206,0.16700538729237058,0.048213888326041454,0.027875005835913666,0.03252081902603295
35,0.8999728786097625,931.7182834132316,0.38513889983747496,1.0,0.5874090833838685,0.5051718117101269,0.04816978822498451,0.08065765262365635,0.09348870097838312
36,0.9089544329739095,727.344439229235,0.0035645684153153947,2.0,0.8192198694877971,0.7045290877595055,0.09025049423066948,0.06034976679187921,0.06989755941887799
37,0.7846715767190348,683.2429438660305,38.17471258290818,1.0,0.4461403202009176,0.3836806753727891,0.053475821339084836,0.04565526103222628,0.0529267951123786
38,0.8678861382854721,696.383912285045,0.0025456249644793074,2.0,0.5228834226735214,0.4496797434992284,0.0777099841555644,0.040560440732421835,0.04712197514395002
39,0.8407256825520167,496.90480162101704,0.33449160519953874,2.0,0.7948535537044714,0.6835740561858454,0.09281105278435901,0.05107416007120132,0.05927920229622645
40,0.9020732448556166,685.4349145179164,0.904321057219061,2.0,0.829602115154142,0.7134578190325621,0.05828747001877569,0.09531699268304304,0.1103357482066336
41,0.9049601013138437,576.5992232327502,2.079550371871981,1.0,0.42953139727959844,0.36939700166045464,0.025535415146163712,0.11801491941248383,0.13662335068237622
42,0.9563945440391771,485.1557544755572,14.711449402418603,1.0,0.5975022944371755,0.513851973215971,0.038393402220711165,0.11020735424477547,0.1275815342661035
43,0.965047057291768,518.8879985035178,1.5936136096448525,1.0,0.8243569556980437,0.7089469819003176,0.03165126488313384,0.27841335307515486,0.3222337029854541
44,0.9090395922861143,694.939265037294,2.97407532325386,2.0,0.5510906968338806,0.47393799927713726,0.06854485572712717,0.08631893823142786,0.09991793298968209
45,0.7616507872928706,730.9841223675243,7.695283498704489,1.0,0.40129307886602456,0.3451120478247811,0.029443206688846788,0.2091187445406826,0.24203523064924454
46,0.8236464052214765,510.87293899531414,19.35061809966863,1.0,0.32298905918984794,0.2777705909032692,0.04131781171457739,0.12285142696001673,0.14219618976718443
47,0.6988754552820503,1088.0368235051112,0.15072640352938735,1.0,0.19881705480203618,0.1709826671297511,0.021700098819909138,0.1442971894938731,0.16702027251388962
48,0.9701530565178034,563.1965557650364,15.195120688260975,2.0,1.422877157815695,1.2236743557214975,0.07761795150538735,0.30107364951823834,0.3484473291385369
49,0.875880638610299,728.7704619294666,26.429162722100834,1.0,0.4123761579923605,0.35464349587343,0.0555686718615849,0.13003862848527237,0.15051180966993288
50,0.8675332070526356,628.691441192994,54.712490357741956,1.0,0.4526290745694957,0.3892610041297663,0.037315875111465176,0.21440064792066738,0.24814602571174638
51,0.8537529540502992,778.232628557713,21.79782007838718,1.0,0.47455152541771933,0.40811431185923863,0.04362853903150519,0.19323231030943222,0.22364696407251825
52,0.8320366561196224,750.9711956735448,17.63007329163209,2.0,0.6315363411280689,0.5431212533701393,0.07040855139451231,0.06512454733907348,0.07540544156065486
53,0.9225877250774991,661.095230790883,12.211599979284497,1.0,0.7170781956904817,0.6166872482938143,0.08771911990724174,0.06091699126011598,0.07051697314496508
54,0.8137159094365136,679.3812875031774,1.089562535659704,1.0,0.2908673911440039,0.25014595638384335,0.046562693342568635,0.03928162155029974,0.04552613263066265
55,0.7827853684804452,633.8391488594202,21.334205740531605,1.0,0.37252961052405853,0.3203754650506903,0.04682238405989203,0.04942780132609478,0.05724724827771226
56,0.797379084307765,765.7911583653665,0.0003727431269930516,1.0,0.198629066804508,0.17082099745187687,0.01641102078161817,0.07739792553767232,0.0899427967457923
57,0.9390431885117204,867.1299766226156,10.060289169094007,3.0,1.4861658046933233,1.278102592036258,0.14936199732981972,0.06755145758271346,0.07821225688691877
58,0.6481970362722282,663.3844655769236,0.7769452332739049,1.0,0.09177208034963633,0.07892398910068724,0.004031780946206041,0.14928899381579475,0.17281211573961028
59,0.6834892437829065,493.25793214012515,6.291482704622261,1.0,0.24956605383788646,0.21462680630058237,0.01242006415190272,0.13141563654969612,0.15215789291684126
60,0.8168696485673204,729.6272164121148,84.85317153415309,1.0,0.3455730369250963,0.2971928117555828,0.029662628713491727,0.08325550787928668,0.09636548102467628
61,0.7353031955153915,615.2966368888135,2.18999763551571,1.0,0.16137151300560337,0.1387795011848189,0.013596783592029649,0.0796817436726099,0.09223519825565477
62,0.9332499872067689,704.3402460693461,44.42088524768407,1.0,0.4393927103916689,0.37787773093683524,0.05498630728401371,0.053063307242546626,0.061613459816429975
63,0.8129474986191062,446.7556690762458,199.09041480569965,1.0,0.3392740946634003,0.29177572141052427,0.03724420458301363,0.0686757606709992,0.08068452731766944
64,0.9391616869338513,938.5566457587554,0.08114228703254298,2.0,0.9767145900240823,0.8399745474207108,0.1468810150074302,0.04485562395495746,0.051999879447359836
65,0.8796887009999239,694.5206053127046,0.119632502378254,1.0,0.574463152927099,0.49403831151730515,0.09671507348328227,0.040078092231097075,0.04648742541463199
66,0.7029563464335957,717.5096101318143,0.3383566181445167,1.0,0.23138829383229248,0.19899393269577154,0.03475316097561839,0.04447459631231886,0.05158790664059589
67,0.9314349507076208,514.2894847348755,6.3966294644351605,2.0,1.0075078128282655,0.8664567190323084,0.05689905117732697,0.127989615834624,0.14819045067085224
68,0.9520146617155528,684.9404497549117,124.16638559278212,2.0,1.5225171264296171,1.3093647287294707,0.11066869120342786,0.1406417542118826,0.16278056106808336
69,0.896708471280807,642.5723988561557,22.146311513861924,1.0,0.6933767567002541,0.5963040107622185,0.04140941003246008,0.11479083351985796,0.13528695767761784
70,0.8718070940507266,692.420122547,62.43108679597226,2.0,0.9125392291729041,0.7847837370886975,0.11854326128381373,0.058384876508656314,0.06932694842116455
71,0.9121287407123562,741.557748864039,172.06492655191695,2.0,0.6721965398079344,0.5780890242348236,0.0811113482594951,0.08670134131819004,0.10502586490513932
72,0.9370258341820408,598.2005886326066,0.08849665606583586,2.0,1.259141678976351,1.0828618439196618,0.18511853276612336,0.06355728789850094,0.07576509194634848
73,0.8829234285588388,707.3539517851201,0.6495451969014628,1.0,0.5778044549655084,0.49691183127033717,0.06258373718439232,0.06197580036135785,0.07187688983075723
74,0.8686248102809381,673.8254601227329,15.142731359416445,1.0,0.6285126733542468,0.5405208990846522,0.05483664256143496,0.1532575681912148,0.17738262582255626
75,0.9607519153118507,647.7664231779963,7.851501399474755e-06,3.0,1.20147199384165,1.033265914703819,0.16710697561092822,0.05568865226421249,0.06447158390515116
76,0.8868101649401843,823.5595558996857,3.122295787864377,1.0,0.7745891500055654,0.6661466690047863,0.06463253212105863,0.08642626012203664,0.10008092485287302
77,0.9655881213457074,736.0648080427667,5.158596378165813,2.0,1.4323317659736665,1.2318053187373532,0.09938554404882773,0.10650594624105608,0.12380855965614038
78,0.8959208359326349,509.6084441284127,2.3602354701967285,2.0,1.067595031210643,0.918131726841153,0.08669464334645065,0.09193409802347492,0.10696920689483017
79,0.933822273977993,716.8989450581853,9.209571358415225,2.0,1.6220706553500635,1.3949807636010545,0.1364042797745396,0.08672477327959359,0.10038812309358393
80,0.8494926802478356,813.9384974949164,24.61747644232256,1.0,0.7863435038805017,0.6762554133372314,0.07876011702626627,0.08469281431790847,0.09980331790663419
81,0.6769370229399733,816.8640435809247,1.3478506321588972,1.0,0.15422610201237635,0.13263444773064367,0.005695817301704205,0.1941204395203819,0.22509148919328936
82,0.9626362876748005,610.6717796556062,17.83687781079874,2.0,0.7686145035542822,0.6610084730566826,0.10276447444566911,0.04620282076323912,0.05402257521064297
83,0.9820091702445917,1087.8735199216383,0.006410183564900725,2.0,1.1437559014213625,0.9836300752223718,0.15531595544873475,0.04198421827530609,0.048729799703673186
84,0.7971451538461312,635.0400354206222,0.003486073375351558,1.0,0.3925903159433119,0.33762767171124825,0.05215182592297479,0.04264174685458041,0.049465639988694673
85,0.6516840161091154,575.0164868251716,36.44337208459375,1.0,0.069090797456432,0.05941808581253152,0.012947442619430618,0.0371885772011015,0.043277606785035144
86,0.67517415267064,713.3564578657906,0.8724309207920723,1.0,0.1722587949565898,0.14814256366266723,0.012436875594298683,0.10009537108009837,0.11620638547462554
87,0.9398063680280186,695.2991247977559,38.012608980521634,2.0,0.9662795171965628,0.831000384789044,0.1187770876590056,0.05843747765722652,0.06780561241647814
88,0.9280843271326594,804.7959482529103,4.834514815571409,2.0,1.0016931825518751,0.8614561369946125,0.11654450684998245,0.06124073257956352,0.07089713682482028
89,0.7305941250070496,865.0035878401303,0.39050880579982217,1.0,0.31468860523976294,0.27063220050619613,0.06326047057460396,0.027795122764524255,0.03218207538857586
90,0.7309458692187245,759.5621482414172,0.600075639054909,1.0,0.3554623579207206,0.30569762781181975,0.020001583763346074,0.09826771264388105,0.11374104301917384
91,0.810718667391088,577.0547861825244,1.9114448243306261,1.0,0.2885813595273051,0.2481799691934824,0.029612426313048532,0.0542087446901355,0.06274977230023188
92,0.9638231361579268,609.5762456100892,65.2640817015434,2.0,1.2412784886986967,1.0674995002808791,0.12390411378679698,0.07416292784351335,0.08587551662115195
93,0.8071687813165377,852.3939568917026,1.3022103379743157,1.0,0.40790166329081157,0.3507954304300979,0.028585513664024068,0.09879756040816942,0.11443895860344501
94,0.9175857543966671,502.99662560937554,2.1583825785894972,2.0,0.792544351774482,0.6815881425260545,0.060034587637204505,0.09735851526878832,0.1127169031735105
95,0.7518079018873525,694.287888445211,4.096639792759805,1.0,0.22776542218868925,0.19587826308227277,0.027556812300151157,0.05966954078095476,0.06917423059339674
96,0.8540728640340073,727.7646352614366,0.02280240315097571,1.0,0.28821486921962963,0.24786478752888147,0.023534771484475782,0.08956508065748016,0.10372666919392022
97,0.8713565128620172,678.7710774240643,0.7623994024355781,1.0,0.6124468342190719,0.5267042774284018,0.07898954419566652,0.06110040872820683,0.07074323691921998
98,0.9520933211498299,689.8542602781015,1.410031541194364,1.0,1.0386357817677705,0.8932267723202826,0.06978480196003782,0.11668976766653538,0.1352178279751406
99,0.8623387152935467,628.8727802877692,0.14916510335246022,1.0,0.5108104178157913,0.43929695932158047,0.05586843797927716,0.07242386520109491,0.08400230882373363
100,0.9569105906258553,749.2165102928839,0.000688846460931507,1.0,1.0735738647989608,0.9232735237271062,0.08351819680214903,0.11541375022180023,0.13360552999142136
101,0.9716025090618642,672.1092392823798,47.927129766995755,2.0,1.265692465087237,1.0884955199750237,0.09122464946218395,0.09999367161492079,0.11592077362290669
102,0.8477259765440882,791.0124944979477,35.77892676513789,1.0,0.19944627110125077,0.17152379314707566,0.012200950006147598,0.15083424371615056,0.17901296704493155
103,0.7946203047726474,910.6352733586015,2.492274321157651,1.0,0.3410060066698114,0.2932651657360378,0.03347149467362393,0.07404218014103024,0.08597138425275726
104,0.8759207806448691,681.7607208660503,9.222655004280968,1.0,0.5696924126521259,0.4899354748808283,0.03141948626786934,0.12975830640073913,0.1503643456188674
105,0.9941522085487544,834.1731611841936,0.005318926794066183,3.0,2.056038967930448,1.768193512420185,0.14848256136007276,0.0928974762261908,0.10755343507317189
106,0.8521752054824321,841.738480911093,4.290088212009293,1.0,0.39755166272178016,0.34189442994073094,0.037177506486380234,0.07206464186601994,0.08346925784366785
107,0.767349815959216,525.2893315857424,5.963555885817482,1.0,0.3036124876837209,0.26110673940799994,0.053842736128011104,0.03823957766422038,0.044315774110413
108,0.874516998202784,731.2223207569954,9.749240665337744,2.0,0.4869960509062182,0.41881660377934765,0.09721027024669585,0.034487670841304566,0.03994805702899866
109,0.685477109517154,583.942500076522,97.08346951263448,1.0,0.09197576642526029,0.07909915912572385,0.0053721195662619296,0.15750820344660837,0.18781330602391647
110,0.8806643170870082,623.0181346287007,0.0015115684974414962,2.0,0.8180473787766426,0.7035207457479126,0.05980795384622866,0.11002966382265751,0.1299637533090156
111,0.7814339033231489,449.7392317411902,0.11679121272616048,1.0,0.3222493587641563,0.2771344485371744,0.011590275248299238,0.219359926251948,0.25388819105786437
112,0.9564890056122696,810.3155893782513,0.14196265122751567,2.0,1.0853196001783514,0.9333748561533822,0.07763562250405548,0.11027282714801895,0.12763096547773103
113,0.9355919662386978,573.0561050442582,6.90491718625217e-07,3.0,1.625603442602341,1.3980189606380131,0.20368502378917872,0.056633964807536,0.06564549890840606
114,0.9288986293183517,651.9042654524949,1.2659491899853186,1.0,0.6606454178652399,0.5681550593641063,0.056879355210804575,0.08247714048257968,0.09560734868266345
115,0.9700457573388969,795.6199522818739,17.634874531199852,3.0,1.2869580779987617,1.1067839470789351,0.14158262179533448,0.06439901351806954,0.07456169113271044
116,0.5825426522305405,606.8515928053338,17.936415689842754,1.0,0.14086538645732907,0.121144232353303,0.0058403636768978905,0.17538276052387822,0.20477046206494676
117,0.9406431046358699,741.7613948697564,0.23562017373491673,3.0,1.1491745670779128,0.988290127687005,0.09458804799274619,0.0696783237313885,0.08064866901176516
118,0.9111515765109162,596.1063725119824,26.431048624222008,1.0,0.5015565336731208,0.43133861895888387,0.044460724936979515,0.0634509709079914,0.07348149595455708
119,0.9134471245962178,686.2439200571697,1.3482602712910021,2.0,0.9529979221587684,0.8195782130565409,0.08169328384978583,0.07164456908153137,0.08356508477780952
120,0.7641391920858797,778.3750304301093,0.0022820736527765077,1.0,0.1727062463220287,0.14852737183694467,0.01742113717860233,0.0568704167026893,0.06584231108063178
121,0.8782068095264906,956.761822036569,15.334515916065067,2.0,0.8125750362689558,0.698814531191302,0.11327986457382352,0.04131460417730257,0.047825028156417655
122,0.8181410593622688,601.2172815264171,8.628604992669779,1.0,0.33143770665435984,0.28503642772274945,0.03547826006957442,0.0674564775131176,0.07819392744799032
123,0.8504867686014971,421.9078895247946,0.08211219454685055,1.0,0.4414946743207431,0.37968541991583904,0.04367169500640529,0.07360497905786197,0.08536897654419244
124,0.932960003304008,676.8882993526477,1.2820468584638207,2.0,1.1726651341977874,1.0084920154100971,0.10977345378460769,0.08109400970368341,0.09387327150812173
125,0.9442702841834489,793.9773972874648,37.95671478651762,2.0,0.7741020638730469,0.6657277749308204,0.06426987097254293,0.08990995789669878,0.10420877860135117
126,0.901044005706021,860.775278832452,0.886309219701372,1.0,0.6223417540761699,0.5352139085055061,0.04207391683262238,0.1174770294605412,0.13597994357571172
127,0.926811141799399,493.63689077979825,1.503176878309642,2.0,1.0996101612547162,0.945664738679056,0.18651717441066343,0.06976385491876934,0.08394718426496617
128,0.8098142381562831,624.245601166002,0.004927921274749813,1.0,0.4739797024059843,0.4076225440691465,0.05228966041190062,0.07471031191822637,0.08649555139421801
129,0.8856583883901847,611.7894897915808,0.02441864685363326,2.0,0.9076568600537981,0.7805848996462663,0.07328632598327806,0.09216641367280139,0.10669992941378229
130,0.6594698796956104,827.4206677854725,2.1553828763058025e-06,1.0,0.24268786139665027,0.20871156080111924,0.023251154304433943,0.07613998712903085,0.08816586842464036
131,0.945158682413978,635.782040993094,0.21042420177041773,2.0,1.255160361562751,1.0794379109439658,0.0800529980782458,0.12031767209175477,0.1392889492767901
132,0.7699895096390437,857.0313610156442,19.904815803248823,1.0,0.17870868986960486,0.15368947328786017,0.019931911273126532,0.04799178535240208,0.05558559677439682
133,0.7957438681070687,595.111529367838,9.19040224642847,1.0,0.23155915470014055,0.19914087304212086,0.017400627958769652,0.087433167370536,0.10320296939382825
134,0.6056299982694701,641.9610913607848,5.1210317333169675,1.0,0.10669120604967795,0.09175443720272304,0.013612630875938996,0.04212787871405178,0.04886260460437416
135,0.9361685270609597,411.13338321232936,2.4313749084903717e-06,2.0,0.9232148633650563,0.7939647824939484,0.06416758712951588,0.09261039591725814,0.10718512393852786
136,0.7401190382059483,670.8318361941507,0.0002701893833212455,1.0,0.2560743356777903,0.22022392868289967,0.02755072605673174,0.05484043603409503,0.06347592948346033
137,0.7296967014164439,672.8400224567162,60.0981797044929,1.0,0.17898112196739438,0.15392376489195916,0.026555519746432808,0.04026538655060335,0.04660900980250556
138,0.8529792839695648,777.9478543148591,0.014899432599942449,1.0,0.33167040846493656,0.28523655127984543,0.03386584988802282,0.05511948180193197,0.06384875078367194
139,0.8837366353519345,555.9416237680781,1.6491471609419033,1.0,0.7741530304587068,0.6657716061944878,0.053212404732863997,0.0826344482789316,0.09566005725586997
140,0.8656743047236561,780.1150096305208,0.009676721377912992,1.0,0.5037847819755974,0.43325491249901377,0.06096698519262629,0.09043830932128914,0.10467481004975256
141,0.9393911206454897,697.544611214024,119.93662499421966,2.0,0.9315405461461271,0.8011248696856693,0.10053578066348644,0.10190373463992616,0.11794185890151507
142,0.8368591751609612,721.2192502687283,14.18332536776506,1.0,0.47539591951316634,0.40884049078132306,0.04534950089976125,0.08221580430981146,0.09516442301291718
143,0.9658673702304088,745.8152672374193,0.024276257805394448,2.0,1.1148445112467134,0.9587662796721734,0.09279816207261943,0.15577761397496426,0.18029062601282245
144,0.9543566012337954,546.9680355794507,9.7003537438146,2.0,1.380746658404404,1.1874421262277874,0.12415402848172169,0.10297596248471086,0.11918524563837146
145,0.9693517320536049,680.922940778799,11.11203048019534,2.0,1.254735808989404,1.0790727957308874,0.11908825919966651,0.11011808083399822,0.1314224907729165
146,0.8252769852435863,543.1352485689574,45.08467155941832,1.0,0.38309921255209334,0.3294653227948003,0.019404102447713335,0.143262054688678,0.16584531229744576
147,0.7998684685040631,743.3552277068605,20.926541504789796,1.0,0.4863418404239866,0.41825398276462844,0.04085803468920672,0.08032389741025284,0.09307386162320122
148,0.9889144971297595,647.9644979613793,118.48426886926718,3.0,2.16449250906896,1.8614635577993055,0.18317780399728414,0.08768138280340748,0.10157659593209047
149,0.98462837089533,574.2549666377274,9.50248005416529,3.0,1.445030228348009,1.2427259963792876,0.16594822178988966,0.06722769042927787,0.07783343906604631
150,0.6394947455138521,716.4403869103035,14.789559439926876,1.0,0.14241840392536398,0.12247982737581302,0.025016865379158617,0.037871850043849,0.043877868310563894
151,0.99171391607589,657.9814448941318,0.00034929718627519166,2.0,1.9082407811631432,1.6410870718003032,0.1076797757663766,0.3872948427022009,0.4482229857554485
152,0.9361567082507058,848.2145928130831,23.566248914403314,2.0,1.100875031768151,0.9467525273206099,0.11423522528475855,0.07118992045256316,0.08239979158312823
153,0.795884452084703,730.8581283246554,0.08323165916027467,1.0,0.36074639425098376,0.31024189905584604,0.06135930038259334,0.07721549079825822,0.09388315396684499
154,0.8557475259327543,657.2795002797138,20.598626440601468,2.0,0.49063674746145763,0.42194760281685356,0.04292885113214852,0.09415639967062903,0.11156993109533954
155,0.8255323430303341,470.3402566482509,0.08270739439190192,1.0,0.30577080554283315,0.2629628927668365,0.03211727496866556,0.061478034109740856,0.07119623180335008
156,0.9414414753574967,484.9168667386296,29.223906830699608,2.0,0.9724972496002797,0.8363476346562405,0.10423214469890735,0.09307249868083908,0.11169750086329817
157,0.88101831280788,499.0919492595709,48.85208297274046,1.0,0.36017867669341164,0.309753661956334,0.053864347068693245,0.03729045915042551,0.0431851028308667
158,0.9295486021476557,572.8605054200655,2.32724847348896,1.0,0.6488582592900849,0.558018102989473,0.044675432300715294,0.0828712841816194,0.0963789683536005
159,0.983795951581314,833.0495215349783,0.3803770200273238,2.0,1.59884544084724,1.3750070791286262,0.1089172168765264,0.08775862330893133,0.10161337023625956
160,0.9303292400598027,728.2065162141611,0.6011983610983535,2.0,0.8443250037178025,0.7261195031973101,0.1228295263145772,0.04679728984294095,0.05417488407955233
161,0.9903615578784392,443.4773662943398,0.011475042422070194,3.0,2.0600533297094326,1.771645863550112,0.18273247826056221,0.07658240730283472,0.08864290149441456
162,0.8690291332672614,456.2516970165683,18.89481355826356,1.0,0.3036972003749539,0.26117959232246035,0.01676054848613126,0.10238250952706868,0.11851567975438373
163,0.9467068813083751,595.1563057025563,2.4622838168704444,1.0,0.7555712925033837,0.64979131155291,0.08368443438279077,0.05180857236146064,0.060079609117983136
164,0.8313937930034268,553.1715681589076,0.0046192721846892125,1.0,0.3870454006481532,0.3328590445574117,0.041963480494123684,0.06898957804027447,0.07986031681794692
165,0.8409493459910319,630.844708454193,0.025125202938878096,1.0,0.4852636328283848,0.4173267242324109,0.05713203671949253,0.06504096666133341,0.07528835443655676
166,0.9217580098312613,443.4635818476849,0.9037880991211713,2.0,0.6537695451830023,0.562241808857382,0.0906298881575276,0.05523676534257736,0.06393961290662582
167,0.8767289542359543,667.9391738208948,30.893005488227825,1.0,0.3362697501926672,0.2891919851656938,0.0295045660716106,0.08723531953714365,0.10097788203882807
168,0.8763057306210754,644.2608938301192,22.028625339280815,2.0,0.6936366404766375,0.5965275108099083,0.08911581498810005,0.05464666489840968,0.06346460029662737
169,0.7866520373325764,670.429972061181,0.7608563447345729,1.0,0.35111262874072857,0.30195686071702654,0.02280421878814691,0.10154020592055718,0.11760016131814217
170,0.7144184320461904,745.493450470767,0.0010231541710703387,1.0,0.47949511367001424,0.41236579775621224,0.06199032325053227,0.05353864232894749,0.0622106426974791
171,0.9562609434834457,737.832829762881,8.896123129511293,1.0,0.7412618988957751,0.6374852330503665,0.09154139271790701,0.061312153502342794,0.07164468648274494
172,0.9374321286478361,803.8612341128195,0.019586566490467916,2.0,1.0224822818160784,0.8793347623618274,0.06416637265408988,0.1154658346207562,0.13439875729434286
173,0.7907921610795783,571.9084132865191,0.29303747353927545,1.0,0.16320733578949984,0.14035830877896985,0.0272704247851839,0.054819089131744804,0.06508231641978814
174,0.9261302146616398,638.4474703330751,0.0039044488027694182,2.0,0.6005185565785246,0.5164459586575312,0.09916288929570935,0.047173770150132195,0.05460023710275313
175,0.8448808083839422,759.1188289763633,8.930250811296869,1.0,0.2132206784824932,0.18336978349494415,0.03723899264519702,0.04286260894744726,0.05099999889792205
176,0.8654814434659645,885.2382699774677,0.3578581171397167,1.0,0.5061360006469515,0.4352769605563783,0.04830882419591928,0.06724589765967952,0.07910908978095736
177,0.9150251926620372,762.2954640919834,2.210070541042913,1.0,0.9973899111526142,0.8577553235912482,0.040387443877748445,0.17913677828533428,0.20733403310781523
178,0.9139136958419786,725.2495457501797,4.8616333829481545e-05,3.0,1.1245486731370045,0.9671118588978238,0.1714205527994748,0.042783746672061654,0.04959493583636756
179,0.7186004898312138,571.5977522390276,7.654205564563549,1.0,0.2026738987226459,0.17429955290147547,0.039343391522962026,0.03331835005654309,0.03858896148926226
180,0.708953938301081,977.980345682465,1.5062812807367998,1.0,0.11028321834090254,0.0948435677731762,0.005077411684747698,0.2180692482637998,0.26167861350011434
181,0.8181256810919009,917.0370467829661,1.4014338813560864e-05,1.0,0.5298250504828094,0.4556495434152161,0.03682176685606013,0.10557446032660406,0.12220367416557468
182,0.8947497222102891,526.3218356060074,0.48500182411577186,1.0,0.6487910311647613,0.5579602868016947,0.03363402439776416,0.13862805467071443,0.16046427235838526
183,0.9727805641955988,585.1200671515537,1.5736896552364539,3.0,1.2154590735010276,1.0452948032108837,0.11503706464332004,0.07802997718088359,0.09107973834785127
184,0.39918625575314165,636.7881867065747,1.5545504245082247,1.0,0.01315771708992842,0.011315636697338441,0.005354660464398601,0.034633387171360455,0.04212098626878677
185,0.5838317358407336,789.1710728421799,0.005864161026773442,1.0,0.04936752413217673,0.042456070753671984,0.0028306659484285813,0.139501127928286,0.16393262474454767
186,0.7558550304069499,800.0170594758443,0.003262835026059014,1.0,0.25114747347524274,0.21598682718870876,0.021226005633394426,0.0914094594684289,0.10711197441446679
187,0.8375128697857507,721.0108800747604,40.810924975240034,1.0,0.3886958272067312,0.3342784113977888,0.05406031592689881,0.04876220037740838,0.05651232471639347
188,0.8298206936049503,610.185041042882,126.8347365527798,1.0,0.1691000717165215,0.14542606167620847,0.029792302489574714,0.04833146801656525,0.05810946237614993
189,0.7242828381941527,668.1632159769595,34.33023292212771,1.0,0.23889699365563127,0.2054514145438429,0.023966331581400362,0.05655930632699872,0.06607409788989001
190,0.7334474816225198,524.1537387836464,6.56070503151556,1.0,0.10106604855502065,0.08691680175731775,0.009344872636231598,0.07895657702531987,0.09405442669414915
191,0.9337158314143341,756.3484162307352,4.182267247198384,2.0,0.6609463319941709,0.568413845514987,0.08574614965110762,0.04139219498965758,0.04805221816307359
192,0.9282780545404072,740.1171887965684,0.6644062747772088,2.0,1.0965043531700696,0.9429937437262598,0.11605648544052281,0.06792483177633243,0.08020819685822422
193,0.9610651202779831,444.87468118127174,0.0003527037935131766,2.0,0.7769785706262704,0.6682015707385925,0.1115825501850835,0.05406879750298175,0.06425187527308432
194,0.9019953537140895,925.8169140094678,0.10177995763345235,1.0,1.0249435742183464,0.8814514738277779,0.05009316466458046,0.13721000695210006,0.16074504743660797
195,0.9048601932729307,731.0802024329066,0.7771526382361378,2.0,0.5695288510296321,0.4897948118854836,0.07371056889090769,0.051569443164670645,0.06010278376491548
196,0.5980251844611759,896.144146399107,10.22164611391221,1.0,0.139819813848132,0.12024503990939352,0.03674236546057911,0.028236007472338003,0.033204453867558575
197,0.945839582525453,774.0795449959506,2.3593975040437463,2.0,0.8034056503598429,0.6909288593094649,0.08138348394016144,0.06627598783772926,0.07674371837986613
198,0.8098514322064803,738.2346023728455,1.6146551128226947,1.0,0.37780936392551334,0.32491605297594145,0.019704856571832657,0.12858479338359383,0.1488790376466366
199,0.6988207820288016,730.6530984418504,25.805273151293136,1.0,0.29092915149992266,0.2501990702899335,0.01884613665559397,0.15205395372924682,0.18231884310995317
200,0.9256886203357274,653.0679072282319,15.421164024665034,1.0,0.8334942477986335,0.7168050531068247,0.0830742302715988,0.08886223185146307,0.10564397829862443
201,0.8621749181277172,540.3462953816311,2.4878769572624306,2.0,0.4026229864436127,0.34625576834150695,0.05571717019042978,0.07418052045395121,0.0890225288084269
202,0.9376882895178362,720.2871799087008,4.2039833275775536,2.0,0.8153895200178627,0.7012349872153619,0.10424302606810684,0.05148746632815049,0.05968232939931517
203,0.7526241381850928,710.3210455055519,2.7349981026970074,1.0,0.2980186117534476,0.25629600610796494,0.046615576788732814,0.03759465852677084,0.043948417694298234
204,0.7900529358529734,804.2150539445909,0.5910002848894201,1.0,0.16445607360678682,0.14143222330183666,0.0152839922175069,0.05970879116681129,0.06944594081417894
205,0.9330295557137989,498.30645420196237,0.00024370404938655718,2.0,0.9176415778933262,0.7891717569882606,0.12125397054495358,0.06930266242456541,0.08356241897288823
206,0.771935330799682,502.6845196641255,0.0021691065339602827,1.0,0.1503432597806413,0.12929520341135153,0.010285225493858107,0.1396842221610166,0.16880451001474622
207,0.8940837834202873,761.0014785917953,2.525104516910558,2.0,0.5509560306442239,0.47382218635403256,0.08349507107157816,0.04249907513321533,0.04998600161077173
208,0.8864296467382455,638.6533329874325,89.52958105958137,1.0,0.28950532372018073,0.2489745783993554,0.03353987819784777,0.05505540938384265,0.06465346764189267
209,0.8718202756786364,723.6221110886031,0.9229087608962109,1.0,0.5879805871643738,0.5056633049613615,0.05614360048865119,0.07310296379684077,0.08460962523675204
210,0.6945671481298082,581.0226558716154,0.8403900404152684,1.0,0.2861419199140139,0.24608205112605194,0.034643661075488184,0.046653837372612715,0.05400695100031427
211,0.6706493675695789,552.6134842462033,0.00019716240719441967,1.0,0.10530274159358971,0.09056035777048715,0.003589844178549531,0.16303511866484538,0.18871192967303202
212,0.7372222293100182,731.9228734591089,0.024210188396076568,1.0,0.17412111914043038,0.14974416246077013,0.03668961819768559,0.02648775379187912,0.030669121013417424
213,0.8553564967640122,719.6630555014557,0.09581067534775763,1.0,0.47486492950055414,0.40838383937047656,0.02988330822449288,0.08685327772480408,0.1005476012604312
214,0.6699086628640454,616.4173001706777,0.12648025378306474,1.0,0.1627843222245438,0.13999451711310767,0.030624049129952906,0.08176966722976342,0.10013997444031388
215,0.8797543089208817,718.8420067043203,0.16740199526876365,2.0,0.43799388636822373,0.3766747422766724,0.050202261671193925,0.0962364420075621,0.11610609795797044
216,0.7763595620599681,579.771541183091,3.0262209907424333,1.0,0.25782710989849233,0.2217313145127034,0.04705990025981106,0.04986000248357446,0.059452114383685445
217,0.9464386578884225,835.8536559502453,0.1487521042530189,3.0,1.465534706051695,1.2603598472044577,0.173541661965369,0.060755484199268274,0.07033453107593277
218,0.7658271848144776,558.2348115323219,34.96837335565211,1.0,0.2069086353106688,0.17794142636717517,0.036668506652056745,0.07802110285383429,0.09514511699366537
219,0.8686335481356257,583.3364269091296,3.073713089629598,1.0,0.9647300193627651,0.829667816651978,0.09020955851185392,0.07173164586368778,0.08344628573494188
220,0.910285724452062,626.7811077287157,28.114239210986405,1.0,0.37129269341249793,0.3193117163347482,0.029337595250517136,0.08192913678133601,0.09513388196534962
221,0.8255662761763164,930.8110894791843,0.08832434207893776,1.0,0.33273221830728444,0.2861497077442646,0.017430447544433382,0.12953155094061597,0.15038631498749913
222,0.7953497296497655,605.5138406862634,0.0008064930778014815,1.0,0.4278377578526905,0.36794047175331385,0.07582440104870614,0.05374058352379105,0.06220094661387122
223,0.9457273818057651,632.0302293784362,13.256979263525999,2.0,1.183290477520003,1.0176298106672026,0.14641934413146337,0.05987150062946288,0.06930238842875486
224,0.9024730244242387,703.4199664424561,2.5375855881712353,1.0,0.4622811254713536,0.39756176790536407,0.018036812488297676,0.20678289184248155,0.23932403550703507
225,0.923759379888618,906.549841950576,21.959114942996628,2.0,0.994528727577125,0.8552947057163275,0.0549481317384517,0.1343198168330651,0.1592809066529822
226,0.8819288546363667,722.5222342929821,0.32017581177808024,1.0,0.4037088334736934,0.3471895967873763,0.0547969091094172,0.06403283820361276,0.07411698708843281
227,0.7829808075768596,586.741367383127,2.1566078588826905e-08,1.0,0.23782477003675162,0.2045293022316064,0.023128644773749662,0.08932967779095737,0.10339691341863672
228,0.9773946242628193,651.9979454969778,7.688386253708754,3.0,1.712821415361584,1.4730264172109622,0.1438143997185205,0.12480660378848928,0.14444704040230205
229,0.7397653749405895,597.6114988027956,0.05211049790908944,1.0,0.2006833709955241,0.17258769905615073,0.009103424232633058,0.18269874906333788,0.2114605567790126
230,0.8882239874247244,655.0776913142067,1.0919107573545037,1.0,0.43445955909957956,0.37363522082563844,0.027495056939709193,0.11757029494799734,0.13617241201723768
231,0.9018861314864031,679.4690616094489,15.898739141060512,1.0,0.4644535462310178,0.3994300497586753,0.04457303794893195,0.08466672177552959,0.0980002882931845
232,0.6429397096047713,578.1525385880423,2.781450171288058,1.0,0.07817869979022452,0.06723368181959308,0.020044989132893074,0.040416622011608255,0.04837149443973789
233,0.8921469596236324,638.9394076891456,0.38066357247008786,1.0,0.5772399369131831,0.49642634574533745,0.04621591933391652,0.08980968437448704,0.10452203272285268
234,0.8866315301368891,590.2563105373566,0.009075225891011226,3.0,1.1623614768383885,0.9996308700810141,0.17930798580216045,0.04124732678693224,0.04820316101677955
235,0.8449432286214754,529.8085737965605,0.04621533833275539,2.0,0.639734281920137,0.5501714824513179,0.09151225530256156,0.045184282860924865,0.052299031235204324
236,0.7688100571423823,676.9017661569624,0.006760642720753752,1.0,0.14788235262903704,0.12717882326097185,0.02126108597019229,0.042254712753980225,0.048912262855244894
237,0.8932503678615651,656.7104085375573,236.4671906649101,2.0,0.7829551276407917,0.6733414097710808,0.07866922452406244,0.0915851327156868,0.110097936863958
238,0.8651624180552414,654.406097145001,168.8455644896116,1.0,0.5331333351165805,0.4584946682002592,0.054409287250854366,0.05900561226436737,0.06875553581186232
239,0.917013585433023,577.3668396205508,95.18546250795342,1.0,1.0230403703322568,0.8798147184857409,0.03601413873700422,0.16731521874957905,0.19451526341036615
240,0.8909075993479659,596.5804567764797,49.052698203346125,1.0,0.4748283658737764,0.40835239465144774,0.05591755890601531,0.04804300480852893,0.05563585934280439
241,0.8108626394375664,662.795726827994,63.65890247757879,1.0,0.8747553964934149,0.7522896409843368,0.10623860111609806,0.05044372855885031,0.05883525063775017
242,0.9202279181703376,400.39977916440415,0.0175062968307329,2.0,0.588823682962065,0.5063883673473759,0.08589172663544252,0.03930777949804596,0.045511880892375914
243,0.7954527147292539,642.5507491328832,0.014466194583200368,1.0,0.26279457316312665,0.22600333292028893,0.021955619634161823,0.06702959452661965,0.0777562916926584
244,0.6662810054363237,657.6867210302424,5.944656188768773,1.0,0.3312917478997331,0.28491090319377044,0.02770419334225626,0.07323047606924604,0.08564266897232843
245,0.9457042196619615,872.3796206117408,14.05213348531783,1.0,0.569930171638466,0.4901399476090808,0.06252896790450761,0.05127349372723248,0.059385362277227446
246,0.9093752228621268,516.3586181760564,0.29307392240878233,1.0,0.6755157700126893,0.5809435622109127,0.07315282226551513,0.05204962892572562,0.060320297597607674
247,0.8485541942393555,480.99355530226643,59.677808710639795,1.0,0.516933691508602,0.44456297469739775,0.04541682277394193,0.10904075112232792,0.12620746966737675
248,0.8185753094385342,734.4344549905529,12.528540559407077,1.0,0.41768865392769866,0.35921224237782085,0.056232066482232404,0.05836752960387365,0.06956760851568859
249,0.9168132696317771,676.608550405276,19.275370189864017,1.0,0.652330409663261,0.5610041523104045,0.05724823795596692,0.06639440210160659,0.07687751685856832
250,0.9417448904790046,692.1473496759879,2.8483322873129007,2.0,1.102813150365264,0.9484193093141271,0.08385950564683131,0.07638718706467477,0.08851974405210869
251,0.9504455678808753,616.1759860854104,7.445336909833761,2.0,1.052584434843519,0.9052226139654262,0.09041029403075698,0.4896407547793593,0.5666640384882778
252,0.990178751913849,711.3205426209136,0.009140208035442557,3.0,1.9721120615818795,1.6960163729604163,0.13980183528900356,0.13332205798426186,0.15430039932100784
253,0.8740554670421193,643.5300506798872,0.18610523080674932,1.0,0.3349535015537985,0.2880600113362667,0.03936377407659124,0.08722817561746178,0.10096911577294032
254,0.9523289244520559,601.2088436849974,53.51270753421565,2.0,0.8291764479487835,0.7130917452359539,0.09647596092080604,0.113810479327822,0.13172697122120847
255,0.96086027873187,784.9510371076088,6.27791101992552,3.0,1.0481305363305553,0.9013922612442775,0.10675729020062279,0.12880071032198892,0.1490745555540209
256,0.895882240207793,765.9245868245566,0.8040736369298651,2.0,0.904295717265793,0.777694316848582,0.09176883901902101,0.06636498993671848,0.07682604967766246
257,0.7165225880526486,677.647627388163,3.846697204892069,1.0,0.18602488450239069,0.159981400672056,0.022829979920443402,0.05587415679903284,0.0646833492217522
258,0.7721264486919164,773.9514288971301,0.5527870310722536,1.0,0.2205289027806185,0.18965485639133192,0.020710189376596393,0.07187184503011942,0.08319945474508555
259,0.8502324605309934,629.1836022216326,0.7213635502926682,2.0,0.7490249807249665,0.6441614834234711,0.0778347104357124,0.06519521102517767,0.07546514986876267
260,0.7999964289107455,671.4749905859449,15.869974958144661,1.0,0.4419668363756006,0.3800914792830165,0.05163727265332149,0.04946868154636308,0.05731554403902294
261,0.7942134065888624,582.5958709217716,0.1895786915941972,1.0,0.23378059337352372,0.20105131030123038,0.024862409979159786,0.05136897769840077,0.05961630484539368
262,0.6926511527266788,535.9560267269994,27.268142807064294,1.0,0.1669276183316992,0.1435577517652613,0.006470026920479804,0.16106312112373816,0.18916888552076008
263,0.8625539332863983,820.4126284648017,30.571410307715226,2.0,0.5562652002688484,0.4783880722312096,0.09024884047172661,0.049662587639779474,0.05940215854218524
264,0.911846053986287,634.6269772140434,2.464319302834022,1.0,0.6873530469439809,0.5911236203718235,0.0554527336223516,0.0787429765984413,0.0912234615978016
265,0.7496264003275104,749.482553075521,0.18484743102095624,1.0,0.1718353610176336,0.1477784104751649,0.007474917826583569,0.14992446411734472,0.17396875477750615
266,0.818674059873153,764.0573305291273,31.728337598648103,1.0,0.27149819315744406,0.2334884461154019,0.024607143423877806,0.07151453425295155,0.08278470946530676
267,0.7998945256502329,797.9657123755464,0.016675099435298865,2.0,0.42825822108678396,0.36830207013463423,0.07462594039911526,0.03755982319093073,0.04348614713264888
268,0.901993337388136,864.7470320749534,2.094921631697892e-09,2.0,0.9101102668191734,0.7826948294644891,0.12834410016077757,0.05045779574410151,0.05983229357155437
269,0.8574207690286478,803.2536367840407,0.7209701779985531,1.0,0.32910007728873536,0.2830260664683124,0.021969965210803546,0.08796860887753126,0.10244638710959486
270,0.8382098742397814,513.667061508429,0.0037631123625359343,1.0,0.5663024035179359,0.4870200670254249,0.06561811779790219,0.05141183121608641,0.05995044807849119
271,0.8547490081914472,759.8127522576275,0.018322557755951974,1.0,0.6874268439580772,0.5911870858039464,0.07612824214751428,0.05342200692472847,0.06225578950312083
272,0.7714611478606266,797.6965447725855,81.01475297123145,1.0,0.24465325772405042,0.21040180164268335,0.012551338330157655,0.12990612979881155,0.150678235089288
273,0.8051672883924559,504.3582133226421,1.0357483554800464,1.0,0.36654820564653035,0.3152314568560161,0.0423097944446024,0.06348762722814023,0.0734910367786232
274,0.9345688547683019,643.3603940865042,0.898379511850332,2.0,0.9563445899770905,0.8224563473802978,0.06600067769997334,0.11994463929446934,0.13882607095394153
275,0.8707268678104588,510.64294922965547,2.9714482763053556,1.0,0.3382757038802718,0.29091710533703374,0.03221702483755071,0.07142166805881407,0.08281458537194869
276,0.850565783645433,792.0814534039712,2.5716861199552893e-06,1.0,0.41126438460919734,0.3536873707639097,0.04094173946849135,0.07667154081675454,0.08988188029817537
277,0.6668277979717331,621.5350254097622,0.19636900853867964,1.0,0.0468814751723553,0.04031806864822556,0.0077325372613893635,0.08169558458553616,0.09928788910406604
278,0.7971110217149356,434.51383924812524,0.8552359387595253,1.0,0.5561024372601205,0.47824809604370366,0.10152408562720135,0.047065452699435635,0.05568016421746208
279,0.7946119570846802,598.4138139964514,2.6681989230763503,1.0,0.298569072993303,0.25676940277424054,0.038264937750191574,0.05267469728477968,0.06109187329216125
280,0.9567459784776249,636.7750818963815,0.13272043979383524,3.0,1.2237802749084492,1.0524510364212663,0.12609604014313597,0.07438208837555642,0.08721354007285521
281,0.6302788990420841,753.032746395297,0.9107755874139098,1.0,0.0761032715480454,0.06544881353131904,0.007712577450541946,0.12509752029480217,0.15161795100172926
282,0.8495834199175863,501.46786961717197,4.185840106160511e-06,1.0,0.2542247798604044,0.2186333106799478,0.03338810250886172,0.04690367369935505,0.05434380447701064
283,0.8712418281905434,571.6459545686155,27.501275615277518,2.0,0.7992280866091092,0.6873361544838339,0.08627085048430995,0.06230861621886297,0.07224734922773494
284,0.8274905309425191,565.2230592246189,17.981813878821445,1.0,0.396455987579257,0.340952149318161,0.03559992216441346,0.07118597635889258,0.08280285607307307
285,0.7674605855972881,519.999365771307,0.0008609678655233324,1.0,0.3455662094222297,0.2971869401031175,0.04069272511083836,0.0570526626199114,0.066685875313411
286,0.8530683766166419,770.5339776308788,30.1954207152022,2.0,0.8114765263341275,0.6978698126473496,0.09645278253666568,0.055171529032649255,0.06435032278510745
287,0.9400424960653245,540.9624893848437,5.335767719729727,1.0,0.9737428678643423,0.8374188663633343,0.06006092297891469,0.10203441528646513,0.11829908260564236
288,0.9115522614946344,673.1415919150402,6.623215150809161,1.0,0.7197689573873434,0.6190013033531153,0.04471464414174973,0.10216940213976715,0.11832148350436607
289,0.8429047798864067,671.4792700550247,12.559935553373878,1.0,0.5465396570092155,0.4700241050279253,0.09003818556181938,0.041323380410467354,0.04834355145844508
290,0.8423716057795652,610.5707241528979,16.753685173802648,1.0,0.5584119718898204,0.4802342958252455,0.04239568788900546,0.08873671723993033,0.10389071851021629
291,0.8896864931148092,924.610328832285,0.1633339144770855,1.0,0.505876059517142,0.4350534111847421,0.03380465958193798,0.09126910711063445,0.10588139187108064
292,0.8936032701303922,669.7064027089629,72.91057805760815,2.0,0.7572811284636556,0.6512617704787438,0.09711710044989183,0.054101840887789375,0.06269376384066068
293,0.9028339817250567,749.5474446576117,40.71705492278149,2.0,0.847488129836633,0.7288397916595044,0.05677493016829377,0.10299975582874281,0.11929884344916294
294,0.8559884938820468,834.442949346433,1.7325179224324596,2.0,0.4645218986092428,0.3994888328039488,0.05799943758167027,0.053311081558479356,0.0617367106904408
295,0.9478336724076244,723.622854002416,0.0037463238541785774,3.0,0.8442109609596816,0.7260214264253262,0.1301124745112973,0.03852974714749399,0.04504394065427721
296,0.7334878782089722,753.1547084901372,7.946503238660623e-14,1.0,0.2437105082872977,0.20959103712707602,0.03704751285879889,0.036124480512442714,0.0418391161985965
297,0.7541492123367616,768.3109905406521,0.002508473385007713,1.0,0.15871649373269767,0.13649618461012,0.011961124009030074,0.07262948264466772,0.08430095537402296
298,0.9059075988443321,700.7816616707642,0.25483217904593103,2.0,0.9535417427068388,0.8200458987278814,0.06795440162071666,0.08285401180639924,0.0958970986529252
299,0.988634560139669,519.411689301833,4.180734824383042,4.0,2.338942297894032,2.0114903761888674,0.29791282531427016,0.17211341998634283,0.19919077757395956
300,0.8534950454839878,535.5845610858313,0.4158791898038251,1.0,0.5357556143640902,0.4607498283531176,0.025613680342348503,0.4556457423362622,0.5273271916407242
301,0.8166353505026713,635.1849439927295,1.740921193090767,1.0,0.25451341852364384,0.2188815399303337,0.034320866424837955,0.0415137867709789,0.048078358074772974
302,0.9108981154358997,596.724924121984,15.198412527708179,1.0,0.27660838912864755,0.2378832146506369,0.02984458118741793,0.07353509803649756,0.08667467393382328
303,0.877821086245419,723.1097262821651,9.224367552600532,1.0,0.4846912412539087,0.4168344674783615,0.04103828687183938,0.08096463370145514,0.09371948855562848
304,0.7757245384185221,739.8858139533019,8.05231386860764,1.0,0.2893944957714878,0.24887926636347948,0.06948265969671293,0.028669280249314016,0.03319529780157904
305,0.8021611132997332,674.1062116287908,1.1385647799030534,1.0,0.40370723076388126,0.34718821845693787,0.01964357415265194,0.17177945937006003,0.20330254768161762
306,0.8854418536360675,744.370762426376,0.01684481494391073,1.0,0.620068106784389,0.5332585718345745,0.05355373537749311,0.06386435407224848,0.07406201006108865
307,0.7314866188690575,647.7063607539603,0.552000545053166,1.0,0.2581123223617086,0.2219765972310694,0.048349577135203395,0.03099383378811279,0.03616328146436753
308,0.8779646409546286,407.8127922159547,17.209887870019482,1.0,0.5428250061370594,0.4668295052778711,0.037496479992750596,0.08258012644800695,0.09559832747140314
309,0.6852365379833281,827.4288912397741,0.027487396286470733,1.0,0.28334796378241783,0.24367924885287934,0.01796247228110439,0.13543581719248682,0.16062610463592597
310,0.9039770930328843,551.1337872583591,7.630130193811628,1.0,0.7542916729812547,0.648690838763879,0.09096522622050814,0.055509612368962145,0.0644205143034489
311,0.9451536099856549,740.1988455719245,0.24586179245087592,2.0,1.126757800639278,0.969011708549779,0.08752947409979447,0.10274831061034456,0.1211623829750034
312,0.8239605625875369,889.6403198165542,42.96107397508283,1.0,0.38651039969297035,0.3323989437359545,0.03372684316928491,0.09976385695230855,0.11840690957793075
313,0.8192068507013495,543.9948983433162,0.9542189192907461,1.0,0.4157945417942958,0.3575833059430944,0.05335585095626289,0.054023307293048994,0.06255709913080508
314,0.9294179620468407,513.9383358124195,0.03518051008160847,1.0,0.7625554494442229,0.6557976865220317,0.06207297167037368,0.08041061746660062,0.0931143207627084
315,0.9690521262069219,573.0476926065064,5.112998111703517e-05,2.0,1.2652655851387649,1.0881284032193377,0.1039939327755883,0.08174386350575895,0.09461804708071218
316,0.5160144795504032,929.607085998552,3.9421549806295815e-05,1.0,0.027158515178915814,0.0233563230538676,0.008622776235699424,0.02156166414504072,0.024988290549045396
317,0.9585904239462174,654.514924386838,88.24274841682856,2.0,1.1749297901417062,1.0104396195218672,0.10295687882911009,0.0754859814089772,0.08739478530366143
318,0.878737563932857,480.2098040302176,0.034988939079458645,1.0,0.6110571041251408,0.5255091095476211,0.026726735968922725,0.1270319930750074,0.14753689307612386
319,0.9145641657758592,769.7085315147674,16.476792752146633,2.0,0.8683052139178016,0.7467424839693093,0.12003011101008292,0.04364984968049133,0.05052620410507351
320,0.9233688261276756,740.9608378979524,119.71511308844843,2.0,0.6531412188360067,0.5617014481989658,0.08477675206721988,0.044477909210869054,0.05157017351908239
321,0.9889663371791273,740.7238103368892,4.0953767746163265,3.0,1.9937512470297327,1.7146260724455702,0.19125854333252718,0.15560117222777026,0.18011741992199337
322,0.8958723136700488,672.9626109448427,12.954160742955578,1.0,0.5526387980425429,0.4752693663165869,0.056153726605411895,0.06915837816415767,0.08005632691741613
323,0.9190528054971678,671.5774195371043,3.0892306562444354,2.0,0.837297925879715,0.7200762162565548,0.11123172777509473,0.13594689279673586,0.1573407327398877
324,0.6966564465105514,621.6405963036015,26.587404754750697,1.0,0.2981377806305776,0.25639849134229675,0.04901274137449504,0.043144635799055656,0.04994850991840444
325,0.862457583695434,645.422487640788,0.006566904705035233,1.0,0.6163539771525466,0.5300644203511901,0.060078711943125945,0.07307947445401262,0.08462201577736377
326,0.9767695781850745,530.9326044858698,21.339750728682425,2.0,1.4350852074436762,1.2341732784015615,0.1047980855409761,0.1173931705536222,0.13592818913773402
327,0.9166080037641824,733.8086405256036,25.31330552373286,2.0,0.8541249052936596,0.7345474185525472,0.09032697333103408,0.06753450938506603,0.07823772815593734
328,0.9522705545072424,536.7156374053928,58.32700520387412,2.0,1.1828059311509536,1.01721310078982,0.11039263944537366,0.07980131493178923,0.0927040351248257
329,0.7791769697255151,832.9093185428703,3.1466882573714563,1.0,0.32220213662931163,0.277093837501208,0.040778571046480645,0.06085610480912999,0.07091111328918545
330,0.8859038560935577,596.2151820759133,0.0006915071277333832,1.0,0.7201689552105118,0.6193453014810402,0.058106452159713745,0.08963753066982784,0.10380253193887251
331,0.8465621362241488,505.71921136986026,2.5850326214409143,1.0,0.21000417635100677,0.18060359166186582,0.031249645500262498,0.046313977821246965,0.05408555663864614
332,0.8520359687048857,481.5963612213999,1.746668023697022,1.0,0.27254088573018864,0.23438516172796223,0.02800474519629319,0.06529088735580321,0.0760547525281353
333,0.9446704307981321,643.3859276887003,11.525517616659597,2.0,0.7202789671689495,0.6194399117652966,0.11441148436647924,0.047056448590125775,0.05532857524689771
334,0.8444364358539739,679.4246517318135,2.5035213441507347,1.0,0.40155455078361707,0.3453369136739107,0.06094967198938136,0.08011905145257442,0.09717651174344125
335,0.6746491860476814,766.9575123936395,45.44585985890122,1.0,0.2703012500774889,0.23245907506664046,0.05207222190193993,0.034005614439859555,0.03950190913163473
336,0.730174895325478,722.5663656304181,3.381089261724621,1.0,0.18343358684967687,0.1577528846907221,0.027087845262951916,0.04328286429806482,0.05037675356640895
337,0.9853792047454714,523.5060342554367,7.014374121114333,3.0,1.486600514373363,1.2784764423610921,0.13951212946135425,0.0697833369166232,0.0807985401251493
338,0.7508777502131013,705.5984224607797,0.0007278801363846632,1.0,0.4440392014481888,0.3818737132454424,0.026137579825347257,0.12643317539369384,0.14977130391967622
339,0.9008591295196843,675.0346252997423,3.4048496288456835,1.0,0.3890579779314151,0.334589861021017,0.03726620062522934,0.06967739521996137,0.08067623581874983
340,0.7404694017304521,747.0480463123376,0.0025774086561880932,1.0,0.21563565435140591,0.18544666274220908,0.03579151142627676,0.03439789966586782,0.039833922497628106
341,0.9590806718534528,510.55642184379144,0.6186702749789481,3.0,1.368188436231571,1.176642055159151,0.17036805653261286,0.05150973558427364,0.05965070835970012
342,0.8878994476783033,757.0499184585932,42.924407497980695,1.0,0.5938536766934881,0.5107141619563997,0.05400278500645656,0.06579212870667517,0.07652219962069025
343,0.9159109913783751,706.3461798954775,0.0018247073221389228,2.0,0.8498736461297346,0.7308913356715717,0.06649541764192457,0.10827842009309402,0.125327115164851
344,0.9396045964845907,826.7501113438224,0.011759435593136906,2.0,0.3855300470663966,0.33155584047710107,0.0861432285340865,0.029989435488428515,0.03473149510507202
345,0.7219000422721131,846.4926180979373,8.11854127157317,1.0,0.29293112703909735,0.2519207692536237,0.04339858520468291,0.05604201790514468,0.06634041415527611
346,0.966495597417331,667.3783623871949,24.165262739754777,3.0,1.6872156338216648,1.4510054450866317,0.20491322394948025,0.05613178209646813,0.06516772889629045
347,0.8906754349274597,647.7131248716522,2.977792100451585,2.0,0.8212086138769884,0.70623940793421,0.09636293879911376,0.05618918407567165,0.06512187578002104
348,0.8756166302734031,849.7496130007751,1.5061218735260897,1.0,0.5517337346301999,0.47449101178197195,0.03806326005369813,0.10016552896333819,0.11593005037560097
349,0.8713485174260275,571.7293969119072,17.553487294361663,1.0,0.4710415612677539,0.4050957426902684,0.047086109611400875,0.0769652040191312,0.09130527502231625
350,0.9786583432108705,593.1497335527793,3.8625877085635625,3.0,1.8649968049168504,1.6038972522284913,0.13936464048123132,0.08634816781803638,0.10093914075344765
351,0.9507475024094811,745.2771110615743,67.64697659355255,2.0,0.9432138894927408,0.8111639449637571,0.10719371306951891,0.11680349825282275,0.13518401539913247
352,0.7520689154623719,589.1867715913015,0.6153448722959459,1.0,0.20084547604534447,0.17272710939899624,0.021140625835077392,0.13114931243734815,0.15179221096003162
353,0.953532600303099,551.6827353424932,45.30327103062195,1.0,0.9017689962730989,0.775521336794865,0.08792355534595987,0.10077348855823166,0.11663199070852583
354,0.9374276729123998,822.3726377654144,27.069127105404995,2.0,0.7825196956130808,0.6729669382272494,0.07388658252742085,0.05901208472336704,0.06843172341744694
355,0.8370604549406631,489.79913910553455,44.405497423906276,1.0,0.3221479581671446,0.27704724402374437,0.041942943283415274,0.04347131333694953,0.05047095407887772
356,0.964727327915558,855.2097900708363,3.806610918158626e-08,1.0,1.1117827739493813,0.9561331855964679,0.0794986860320868,0.12300357276621779,0.14642697054444573
357,0.9271684665741893,615.6610142078282,2.8519708080204123e-05,2.0,1.0577849682407672,0.9096950726870597,0.07245802500242349,0.1173949484864988,0.13589785830509396
358,0.8154960013814679,791.1929191189125,0.6030998290671349,2.0,0.5243099152475369,0.4509065271128817,0.06267094845537621,0.054735598902833506,0.06340281760489314
359,0.8113679263562185,878.9403198017168,29.669489475043786,1.0,0.2915958216475929,0.2507724066169299,0.027503040949710594,0.06957896998927815,0.0805880505658868
360,0.919076196261944,561.7352590448176,0.04319966754551069,3.0,0.9876550106183913,0.8493833091318166,0.11478872367423353,0.0492578567054115,0.05709859573841526
361,0.6957533357847083,768.2272007697661,124.88847409592574,1.0,0.15919415205019616,0.13690697076316868,0.018937345705077276,0.04816086516547986,0.0557511422589007
362,0.9407981295157133,604.1787782313131,101.7457071750513,2.0,0.827759292765017,0.7118729917779146,0.09671323500362136,0.058218046977262336,0.06856668447186069
363,0.7545495443856696,885.1391943440067,0.00028587870815790253,1.0,0.34053152377790086,0.2928571104489947,0.03724684160951408,0.06416497753684362,0.07426576431555097
364,0.9112723456502849,625.0091804649876,4.693207974354433,1.0,0.3816377759597615,0.32820848732539487,0.03953390290861169,0.06440212430253012,0.07495076481738344
365,0.8431183449153927,849.1097295734872,6.589216707870871,2.0,0.5133024001635299,0.4414400641406357,0.09662785302010363,0.03618121077423364,0.042186278529289425
366,0.9390316221457425,584.174224304242,0.00047868617327239093,1.0,1.189878290023558,1.0232953294202598,0.07600031726949884,0.10139863546876487,0.1176871864196196
367,0.7907130910262118,883.4311925480325,14.656241988086645,1.0,0.2887758335071832,0.24834721681617758,0.026386485294745448,0.0723130721842324,0.08386150071433736
368,0.9567531591054825,595.4692406672334,1.7499420804073038,3.0,1.5058349313906476,1.2950180409959569,0.16739265870127212,0.05973830456298892,0.06919950722279947
369,0.970701317858679,689.342861873868,0.015061060610440954,2.0,1.3793879313073387,1.1862736209243112,0.13886161298768743,0.0577988719376561,0.06695887832942983
370,0.8587773730076327,560.6930097556544,10.420146080881091,1.0,0.3375282582603093,0.290274302103866,0.037072702432043435,0.08525088923619561,0.10243174980821132
371,0.8082071168603937,669.3857726119787,0.5918617628775276,1.0,0.29798912819036266,0.2562706502437119,0.04274464288805648,0.04572919052120839,0.052955891953844286
372,0.7364034502683767,744.0312592547137,0.018367389315080127,1.0,0.2417279532851738,0.20788603982524947,0.023944200676466538,0.07655206264387168,0.08875511858081034
373,0.9718627756891272,599.8236594075432,3.431532128424676,3.0,1.2995619578751132,1.1176232837725972,0.12350522662905558,0.07906567851419691,0.09159664211262646
374,0.9194307328242396,686.2838006777578,0.019994203032946124,1.0,0.35250530166576555,0.30315455943255837,0.07086505299950309,0.03801502180491087,0.04410798304550135
375,0.9141109012847672,568.1481619393226,0.013732493767203912,2.0,1.3503622667394708,1.161311549395945,0.0858059554919312,0.1325024616990143,0.15341888685436095
376,0.9863065903734288,749.5537167587221,0.19209781937029724,3.0,1.4881633725540604,1.279820500396492,0.13644537180450012,0.0786833166279676,0.09116269348069347
377,0.8160991046644973,795.74149836445,0.899458869982107,1.0,0.4841142065801025,0.4163382176588882,0.04998688457498412,0.06560264829662736,0.07612352863470671
378,0.9442274379237471,1033.2246147973046,1.6371952461154128e-09,2.0,0.9136016213671878,0.7856973943757815,0.15151182433687002,0.041974711525047045,0.04861872739533853
379,0.9496031266474281,673.5956332418248,1.022002257730522,3.0,1.3801667562833362,1.1869434104036691,0.13378791719204927,0.06602050914433301,0.07747396742642208
380,0.7488611091259547,744.7425217158944,4.035640671844428,1.0,0.2545493190907698,0.218912414418062,0.03523459786187365,0.04808381467382411,0.05566290182979502
381,0.8438633847777673,506.0549401472393,68.91095175134497,1.0,0.38274482982900143,0.3291605536529412,0.03634304162654564,0.06999325162516248,0.08101836397122734
382,0.8640299065058112,619.1460527120574,1.463796997899384,1.0,0.4463287174110263,0.3838426969734826,0.049439730552483144,0.06000348602346003,0.06945575378095153
383,0.8985123694588433,888.9784395359075,26.95459853822803,1.0,0.6010355396305177,0.5168905640822452,0.06131478116811573,0.055337177821182006,0.06407380267607699
384,0.6174236938504748,752.1562245618665,1.5129496091772547,1.0,0.18624609824677446,0.16017164449222604,0.04253439585814207,0.03098287967049937,0.03658516384813555
385,0.9115031291587341,761.6519407672,0.0016043814510891547,2.0,0.9808965062115057,0.843570995341895,0.04622303481843596,0.1395345435379993,0.16161296593209032
386,0.9680984038594186,673.7696204560882,1.4160097409146217,4.0,1.8420480781822661,1.5841613472367488,0.17123378641975692,0.0725404685291525,0.08422633693957052
387,0.9435618378080759,656.2206177098611,3.2548723017139087e-15,2.0,0.8903902307391004,0.7657355984356263,0.08558197380956263,0.06532186628817788,0.07633579114097344
388,0.9194742925627266,554.7356860402347,0.0005336497549737905,1.0,0.559728105435418,0.4813661706744594,0.03354281528831066,0.09188071830303553,0.10645696393157994
389,0.94042011618493,628.5422866648215,0.0018522017441680398,2.0,1.063896228479759,0.9149507564925928,0.11154680182306852,0.06114851307873217,0.07122120405024546
390,0.6882392051510364,849.8235641903756,0.18672052266551334,1.0,0.0972045662387689,0.08359592696534125,0.010000141650376654,0.06297485177812989,0.0739688496386985
391,0.8406702332822339,645.6503686303273,47.01389677049194,1.0,0.33141765911297155,0.28501918683715555,0.06661591694517878,0.03535921378985856,0.04174121529943911
392,0.8035687677170332,628.7341604203173,0.150719114716102,1.0,0.25035396167609936,0.21530440704144543,0.04623204416706582,0.030288635687115754,0.03507946374624727
393,0.756237295393644,951.63834247879,87.23937368870263,1.0,0.18385177003507955,0.15811252223016842,0.029405210854739013,0.03339334882543647,0.038666795977418025
394,0.8727046469365212,480.95118848844027,84.5062691730983,1.0,0.4137032602271232,0.35578480379532595,0.039081523656510096,0.0589645662523306,0.06826743167306006
395,0.9534323031185359,609.9124974865704,0.1077714298519058,2.0,0.9275083720907487,0.7976571999980439,0.1398645271563025,0.051058434148657225,0.05911465143023541
396,0.6601919182948528,647.3768533589295,0.04438094402071408,1.0,0.2250341061004193,0.1935293312463606,0.030142537357001953,0.05034856736035585,0.058287592720582614
397,0.9717404285325061,692.6515649467564,19.26502311179221,2.0,1.0891831179405667,0.9366974814288873,0.11604364516856414,0.0707929499914287,0.0819579203180862
398,0.9271045792841636,619.1686345688896,7.230880904628049,2.0,1.103755887956607,0.9492300636426819,0.06658634996310396,0.14366486813829166,0.16629191085051986
399,0.8132061250259882,753.7161563919296,0.09746301492892509,1.0,0.31901172460283345,0.2743500831584368,0.03932916519088504,0.09180398678916726,0.10727968497436892
400,0.7212591695158314,490.9636253490592,131.72465258506014,1.0,0.31929177826809574,0.27459092931056234,0.025704025385384816,0.10470690009649636,0.12119198910309219
401,0.7693908010413516,841.6028482003829,2.2767943312887877,1.0,0.24471142887830968,0.21045182883534633,0.012789445005489281,0.16381569739470472,0.18959889550310025
402,0.8681601165485229,801.2976152088871,5.2848188546961925,1.0,0.6651059653112735,0.5719911301676952,0.04454809126437677,0.12268002714080432,0.14198757186962171
403,0.9619693983656848,759.6000519236587,4.937017839122952,2.0,1.2731800337131738,1.0949348289933294,0.11215109903827064,0.3790903313029055,0.43872507102602626
404,0.870878786239282,632.9992831061586,88.12978164836645,1.0,0.5743621821139268,0.493951476617977,0.033107459785854644,0.3408103464864141,0.39442852923902744
405,0.9527841370497548,599.6538649178465,5.95867924586503,2.0,1.1665758876798193,1.0032552634046445,0.10179634338219537,0.18455864557270596,0.21359753671973664
406,0.9731807774961581,470.86081849665027,4.1410948313470545e-08,3.0,1.8323708391794138,1.5758389216942958,0.14394928971154988,0.14583192854533322,0.17254513713103278
407,0.8769026938012824,625.3297156583629,10.613245694730368,2.0,0.6438088715265484,0.5536756295128317,0.07800001579191411,0.10420172194795944,0.12369028928309998
408,0.8731068551487648,646.9702443374579,8.22280351201934,1.0,0.47019578441085663,0.4043683745933367,0.03044605307854173,0.13105070305559965,0.15236202513908648
409,0.7140537053546981,579.9957473225061,0.49313820381328344,1.0,0.19040998456589425,0.16375258672666906,0.009142237397614043,0.17771757416440037,0.2066931728647394
410,0.8677925950543028,667.0191617202495,0.43058028805107973,2.0,0.8593019709864123,0.7389996950483145,0.05510416025700982,0.14339966946336463,0.1672380261011269
411,0.8665369964819231,630.681787852804,0.11650387001752055,1.0,0.25392142148345925,0.21837242247577496,0.03238863863369736,0.12521113453189664,0.150085082692959
412,0.8957205056525286,436.7547886649992,16.49139686849028,1.0,0.6484572060928876,0.5576731972398833,0.054550333583674566,0.1430241919296814,0.16552863954404248
413,0.992133444638284,386.5786627758121,3.8563632489492092,4.0,2.356626678220318,2.0266989432694733,0.19776357798896751,0.663148697541592,0.7674620954626289
414,0.9614695534303206,853.3353863239772,6.850671865336929,2.0,1.1036253337246313,0.9491177870031829,0.1009794367285609,0.11261178831066553,0.13109327129399298
415,0.9338960870141879,530.1062082813193,0.6099157222669691,2.0,0.979666299344799,0.8425130174365271,0.0867164292161398,0.17374533481296559,0.2011170469586702
416,0.926535891688892,382.7079136429977,88.56565573802641,1.0,0.6810502202148613,0.5857031893847807,0.09420561350950968,0.056459461852075975,0.06539251943823093
417,0.6664870801805828,598.1623923340399,1.9487143828827616,1.0,0.07092168122273466,0.06099264585155181,0.008895075921365113,0.0641436855113421,0.07435142197190434
418,0.8834362288706319,539.4934160688016,9.370724331932426,2.0,0.9858586533326938,0.8478384418661167,0.0852176047889261,0.06922846898923345,0.08013833402753723
419,0.8143869903583587,790.7542412436677,0.6585758525968028,1.0,0.3318810049752096,0.28541766427868026,0.021277745117720848,0.08698002574586197,0.10075113013924196
420,0.8579481229751019,636.5478088916088,0.0010612782350341618,1.0,0.5888117539839789,0.5063781084262219,0.0802269529242095,0.04131462630250756,0.047841223658964975
421,0.7257177359706743,682.4314398652612,0.0512114665806968,1.0,0.17327221484315505,0.14901410476511334,0.017563948014500806,0.061780048426907354,0.07185252835233363
422,0.8768499340492468,756.1996849073553,7.595062921682343,2.0,0.7746475296005979,0.6661968754565142,0.07690978959174824,0.05822084641945405,0.06766482220159914
423,0.9110816761704863,698.1181160723188,23.187680074946663,2.0,0.7450020516421928,0.6407017644122858,0.0803708777004826,0.057007068088723085,0.06619086434262544
424,0.7451697461106278,789.7216029842242,0.0008611428270439296,1.0,0.40956789727197246,0.3522283916538963,0.03132862810816188,0.08047976587114067,0.09406358143973147
425,0.8690925080980146,559.8925810076679,141.34745902796442,2.0,0.7190952205954818,0.6184218897121143,0.08220679497278081,0.07593559872553135,0.09105670926459614
426,0.9180542740583953,699.0092724413738,6.2554003913770195,2.0,0.9144531550340484,0.7864297133292817,0.09609886065279691,0.08426645198153282,0.09756038282338826
427,0.8837089702181059,586.5490939441429,66.27270327416821,2.0,0.9527669845843811,0.8193796067425677,0.07056841275456381,0.11937830594439565,0.13819932413260638
428,0.8789174454782248,690.4958416868519,5.129399137273504,1.0,0.4110796611194811,0.3535285085627537,0.035862630982871145,0.0922096153400543,0.10678100859319895
429,0.8759357116647496,755.2779471325407,0.440268209427379,1.0,0.7620608419957646,0.6553723241163576,0.06399397273544417,0.08272177431433883,0.09576576708484295
430,0.8963279220710169,531.8835716908986,40.113862926948386,1.0,0.4770006268590712,0.41022053909880124,0.030527082563989043,0.11811044052623602,0.13684785423528564
431,0.9024754458700632,562.9688808002227,2.7478430835930188,1.0,0.568193191144999,0.4886461443846991,0.055011498028859906,0.07742492836724324,0.08990420463746902
432,0.7973446003354517,646.4160336888052,55.646199245868914,1.0,0.24236817284386084,0.20843662864572032,0.031337775544564885,0.05723384588981801,0.06677305662481298
433,0.8618222135010498,487.30244093752066,0.14896799064523253,2.0,0.8957248660246407,0.770323384781191,0.06614168151595486,0.10739854855469153,0.12818405635277022
434,0.9731103076226565,628.9154263757654,0.025668246092808118,2.0,1.5231625050639892,1.3099197543550307,0.13910096337699593,0.08639356555708068,0.10307977150145463
435,0.6229469266854938,672.6610211960756,2.053602093499531,1.0,0.08412131082206474,0.07234432730697568,0.008693214745096522,0.05277475163132506,0.061204287148289196
436,0.9644531803898683,844.5308185599998,73.75517110533342,2.0,1.0476534179475476,0.9009819394348909,0.06524354977929575,0.24284018829101411,0.28104862468301783
437,0.9404347664096658,565.7711363581635,0.03045460493501406,1.0,0.9539831518212633,0.8204255105662864,0.06065962313803937,0.1153853614197968,0.13355136334237352
438,0.9524022612438,550.8340772983349,1.1344225284031153,1.0,0.5892048186046205,0.5067161439999736,0.09683112078423087,0.05536269176417752,0.06584672417948745
439,0.9176642783893819,765.9203093788473,0.0004083763294083631,1.0,0.8420813414437305,0.7241899536416082,0.09799026948525802,0.07219440312815459,0.0851987453508076
440,0.8808617968031079,849.9303993631733,0.17431313826365932,2.0,0.7370406818275987,0.6338549863717349,0.11888046240013228,0.046670105091821526,0.054552626425161566
441,0.8750754866530345,462.3622693994201,0.009734839544287081,1.0,0.2879758865814772,0.2476592624600704,0.029298797829127806,0.071395159088091,0.08268451669747146
442,0.7607739964951095,850.6885289148817,51.368056250822605,1.0,0.27924987601643,0.24015489337412976,0.021110749961484297,0.0958762827052113,0.11102315355090407
443,0.9008007513531487,877.2706250209538,0.6023213396087664,1.0,0.6678417339795968,0.5743438912224532,0.05593061495054303,0.08618648440339347,0.09975736219019463
444,0.7982633487310702,644.4300420722577,2.4529627392026587e-06,1.0,0.3192958239380396,0.2745944085867141,0.01994408159516781,0.11215722601297416,0.12982857945160295
445,0.9231224559108215,781.1365463391598,0.6400320195689396,2.0,0.7068751229863078,0.6079126057682247,0.09937798505682685,0.053049275357155756,0.06140628773324544
446,0.932477295405934,656.4133385699636,0.09481995277711795,2.0,1.0698703417928863,0.9200884939418822,0.09659031353435427,0.14775883006698137,0.17100984019369622
447,0.7872211765077879,632.675736279939,0.63806874080457,1.0,0.46075186415396907,0.3962466031724134,0.03665505755819044,0.06813113768293225,0.07888419303652369
448,0.8265481833260454,440.15872072957836,8.470547831115846,1.0,0.5700249297235178,0.4902214395622253,0.053220669528819695,0.06613516031449086,0.07655605718087306
449,0.8870902512800799,755.0983617280904,120.9535480748334,1.0,0.5855552405527279,0.503577506875346,0.06252720556819412,0.05876597063511304,0.06802673851564084
450,0.9369852656112276,748.746587753647,0.8983520837241725,2.0,0.8612152000436505,0.7406450720375394,0.13005035950026925,0.0415663163984704,0.04811795990542319
451,0.89848180443355,904.7482108807632,6.093514865990762,1.0,0.8737519675781676,0.7514266921172241,0.12529669271106075,0.04797702253384611,0.0564024941437277
452,0.9431339827986446,543.3186272434449,15.935719948505636,3.0,1.2557286842858617,1.079926668485841,0.12112121988065135,0.07172828609198786,0.08301758067342781
453,0.8731191310070086,669.2523019568109,16.54722355653007,1.0,0.7787205516844303,0.6696996744486101,0.06269231917417208,0.10524190488197294,0.12565502235666656
454,0.796988863672743,599.3846851947001,2.200771113737355,1.0,0.26231504215249246,0.22559093625114351,0.01343379403831861,0.1259175754741341,0.14757116904489195
455,0.9854160847010968,583.6139032862353,0.03453365548471679,3.0,1.9939153947052835,1.7147672394465436,0.1693301709901401,0.06943270609970531,0.08063099789375125
456,0.9270120885137749,621.39649768989,17.33255362257203,1.0,0.5428356506895347,0.4668386595929998,0.050391176488615,0.06268119370708966,0.07274674599167488
457,0.9579382035008405,697.9055735812327,3.556042958653549,2.0,0.9284632915077338,0.798478430696651,0.06142476846516036,0.08785409680544456,0.1017081722925498
