pre_mtype,post_mtype,gsyn,gsynSD,nrrp,dtc,dtcSD,u,uSD,d,dSD,f,fSD,gsynSRSF,uHillCoefficient,synapse_type,nrrpSD,spinevol,spinevolSD,u_gsyn_r,gsyn_nrrp_r,spinevol_nrrp_r,spinevol_gsyn_r,gsynDist,nrrpDist,uDist,dDist,fDist,spinevolDist
L2_IPC,L2_IPC,1.0,0.5,2.6,1.74,0.18,0.46,0.26,671.0,17.0,17.0,5.0,0.7,2.79,E2_L23PC,2.6,0.092053203805951,0.0460266019029755,0.9,0.9,0.92,0.88,gamma,poisson,beta,gamma,gamma,gamma
L2_IPC,L2_TPC:A,1.0,0.5,2.6,1.74,0.18,0.46,0.26,671.0,17.0,17.0,5.0,0.7,2.79,E2_L23PC,2.6,0.092053203805951,0.0460266019029755,0.9,0.9,0.92,0.88,gamma,poisson,beta,gamma,gamma,gamma
L2_IPC,L2_TPC:B,1.0,0.5,2.6,1.74,0.18,0.46,0.26,671.0,17.0,17.0,5.0,0.7,2.79,E2_L23PC,2.6,0.092053203805951,0.0460266019029755,0.9,0.9,0.92,0.88,gamma,poisson,beta,gamma,gamma,gamma
L2_IPC,L3_TPC:A,1.0,0.5,2.6,1.74,0.18,0.46,0.26,671.0,17.0,17.0,5.0,0.7,2.79,E2_L23PC,2.6,0.092053203805951,0.0460266019029755,0.9,0.9,0.92,0.88,gamma,poisson,beta,gamma,gamma,gamma
L2_IPC,L3_TPC:C,1.0,0.5,2.6,1.74,0.18,0.46,0.26,671.0,17.0,17.0,5.0,0.7,2.79,E2_L23PC,2.6,0.092053203805951,0.0460266019029755,0.9,0.9,0.92,0.88,gamma,poisson,beta,gamma,gamma,gamma
L2_IPC,L4_SSC,0.68,0.44,1.5,1.74,0.18,0.5,0.02,671.0,17.0,17.0,5.0,0.7,2.79,E2,1.5,0.0625961785880467,0.0405034096746184,0.9,0.9,0.92,0.88,gamma,poisson,beta,gamma,gamma,gamma
L2_IPC,L4_TPC,0.68,0.44,1.5,1.74,0.18,0.5,0.02,671.0,17.0,17.0,5.0,0.7,2.79,E2,1.5,0.0625961785880467,0.0405034096746184,0.9,0.9,0.92,0.88,gamma,poisson,beta,gamma,gamma,gamma
L2_IPC,L4_UPC,0.68,0.44,1.5,1.74,0.18,0.5,0.02,671.0,17.0,17.0,5.0,0.7,2.79,E2,1.5,0.0625961785880467,0.0405034096746184,0.9,0.9,0.92,0.88,gamma,poisson,beta,gamma,gamma,gamma
L2_IPC,L5_TPC:A,0.47,0.2,1.5,1.74,0.18,0.5,0.02,671.0,17.0,17.0,5.0,0.7,2.79,E2_L23PC_L5TTPC,1.5,0.0432650057887969,0.0184106407611902,0.9,0.9,0.92,0.88,gamma,poisson,beta,gamma,gamma,gamma
L2_IPC,L5_TPC:B,0.47,0.2,1.5,1.74,0.18,0.5,0.02,671.0,17.0,17.0,5.0,0.7,2.79,E2_L23PC_L5TTPC,1.5,0.0432650057887969,0.0184106407611902,0.9,0.9,0.92,0.88,gamma,poisson,beta,gamma,gamma,gamma
L2_IPC,L5_TPC:C,0.68,0.44,1.5,1.74,0.18,0.5,0.02,671.0,17.0,17.0,5.0,0.7,2.79,E2,1.5,0.0625961785880467,0.0405034096746184,0.9,0.9,0.92,0.88,gamma,poisson,beta,gamma,gamma,gamma
L2_IPC,L5_UPC,0.68,0.44,1.5,1.74,0.18,0.5,0.02,671.0,17.0,17.0,5.0,0.7,2.79,E2,1.5,0.0625961785880467,0.0405034096746184,0.9,0.9,0.92,0.88,gamma,poisson,beta,gamma,gamma,gamma
L2_IPC,L6_BPC,0.68,0.44,1.5,1.74,0.18,0.5,0.02,671.0,17.0,17.0,5.0,0.7,2.79,E2,1.5,0.0625961785880467,0.0405034096746184,0.9,0.9,0.92,0.88,gamma,poisson,beta,gamma,gamma,gamma
L2_IPC,L6_HPC,0.68,0.44,1.5,1.74,0.18,0.5,0.02,671.0,17.0,17.0,5.0,0.7,2.79,E2,1.5,0.0625961785880467,0.0405034096746184,0.9,0.9,0.92,0.88,gamma,poisson,beta,gamma,gamma,gamma
L2_IPC,L6_IPC,0.68,0.44,1.5,1.74,0.18,0.5,0.02,671.0,17.0,17.0,5.0,0.7,2.79,E2,1.5,0.0625961785880467,0.0405034096746184,0.9,0.9,0.92,0.88,gamma,poisson,beta,gamma,gamma,gamma
L2_IPC,L6_TPC:A,0.68,0.44,1.5,1.74,0.18,0.5,0.02,671.0,17.0,17.0,5.0,0.7,2.79,E2,1.5,0.0625961785880467,0.0405034096746184,0.9,0.9,0.92,0.88,gamma,poisson,beta,gamma,gamma,gamma
L2_IPC,L6_TPC:C,0.68,0.44,1.5,1.74,0.18,0.5,0.02,671.0,17.0,17.0,5.0,0.7,2.79,E2,1.5,0.0625961785880467,0.0405034096746184,0.9,0.9,0.92,0.88,gamma,poisson,beta,gamma,gamma,gamma
L2_IPC,L6_UPC,0.68,0.44,1.5,1.74,0.18,0.5,0.02,671.0,17.0,17.0,5.0,0.7,2.79,E2,1.5,0.0625961785880467,0.0405034096746184,0.9,0.9,0.92,0.88,gamma,poisson,beta,gamma,gamma,gamma
L2_TPC:A,L2_IPC,1.0,0.5,2.6,1.74,0.18,0.46,0.26,671.0,17.0,17.0,5.0,0.7,2.79,E2_L23PC,2.6,0.092053203805951,0.0460266019029755,0.9,0.9,0.92,0.88,gamma,poisson,beta,gamma,gamma,gamma
L2_TPC:A,L2_TPC:A,1.0,0.5,2.6,1.74,0.18,0.46,0.26,671.0,17.0,17.0,5.0,0.7,2.79,E2_L23PC,2.6,0.092053203805951,0.0460266019029755,0.9,0.9,0.92,0.88,gamma,poisson,beta,gamma,gamma,gamma
L2_TPC:A,L2_TPC:B,1.0,0.5,2.6,1.74,0.18,0.46,0.26,671.0,17.0,17.0,5.0,0.7,2.79,E2_L23PC,2.6,0.092053203805951,0.0460266019029755,0.9,0.9,0.92,0.88,gamma,poisson,beta,gamma,gamma,gamma
L2_TPC:A,L3_TPC:A,1.0,0.5,2.6,1.74,0.18,0.46,0.26,671.0,17.0,17.0,5.0,0.7,2.79,E2_L23PC,2.6,0.092053203805951,0.0460266019029755,0.9,0.9,0.92,0.88,gamma,poisson,beta,gamma,gamma,gamma
L2_TPC:A,L3_TPC:C,1.0,0.5,2.6,1.74,0.18,0.46,0.26,671.0,17.0,17.0,5.0,0.7,2.79,E2_L23PC,2.6,0.092053203805951,0.0460266019029755,0.9,0.9,0.92,0.88,gamma,poisson,beta,gamma,gamma,gamma
L2_TPC:A,L4_SSC,0.68,0.44,1.5,1.74,0.18,0.5,0.02,671.0,17.0,17.0,5.0,0.7,2.79,E2,1.5,0.0625961785880467,0.0405034096746184,0.9,0.9,0.92,0.88,gamma,poisson,beta,gamma,gamma,gamma
L2_TPC:A,L4_TPC,0.68,0.44,1.5,1.74,0.18,0.5,0.02,671.0,17.0,17.0,5.0,0.7,2.79,E2,1.5,0.0625961785880467,0.0405034096746184,0.9,0.9,0.92,0.88,gamma,poisson,beta,gamma,gamma,gamma
L2_TPC:A,L4_UPC,0.68,0.44,1.5,1.74,0.18,0.5,0.02,671.0,17.0,17.0,5.0,0.7,2.79,E2,1.5,0.0625961785880467,0.0405034096746184,0.9,0.9,0.92,0.88,gamma,poisson,beta,gamma,gamma,gamma
L2_TPC:A,L5_TPC:A,0.47,0.2,1.5,1.74,0.18,0.5,0.02,671.0,17.0,17.0,5.0,0.7,2.79,E2_L23PC_L5TTPC,1.5,0.0432650057887969,0.0184106407611902,0.9,0.9,0.92,0.88,gamma,poisson,beta,gamma,gamma,gamma
L2_TPC:A,L5_TPC:B,0.47,0.2,1.5,1.74,0.18,0.5,0.02,671.0,17.0,17.0,5.0,0.7,2.79,E2_L23PC_L5TTPC,1.5,0.0432650057887969,0.0184106407611902,0.9,0.9,0.92,0.88,gamma,poisson,beta,gamma,gamma,gamma
L2_TPC:A,L5_TPC:C,0.68,0.44,1.5,1.74,0.18,0.5,0.02,671.0,17.0,17.0,5.0,0.7,2.79,E2,1.5,0.0625961785880467,0.0405034096746184,0.9,0.9,0.92,0.88,gamma,poisson,beta,gamma,gamma,gamma
L2_TPC:A,L5_UPC,0.68,0.44,1.5,1.74,0.18,0.5,0.02,671.0,17.0,17.0,5.0,0.7,2.79,E2,1.5,0.0625961785880467,0.0405034096746184,0.9,0.9,0.92,0.88,gamma,poisson,beta,gamma,gamma,gamma
L2_TPC:A,L6_BPC,0.68,0.44,1.5,1.74,0.18,0.5,0.02,671.0,17.0,17.0,5.0,0.7,2.79,E2,1.5,0.0625961785880467,0.0405034096746184,0.9,0.9,0.92,0.88,gamma,poisson,beta,gamma,gamma,gamma
L2_TPC:A,L6_HPC,0.68,0.44,1.5,1.74,0.18,0.5,0.02,671.0,17.0,17.0,5.0,0.7,2.79,E2,1.5,0.0625961785880467,0.0405034096746184,0.9,0.9,0.92,0.88,gamma,poisson,beta,gamma,gamma,gamma
L2_TPC:A,L6_IPC,0.68,0.44,1.5,1.74,0.18,0.5,0.02,671.0,17.0,17.0,5.0,0.7,2.79,E2,1.5,0.0625961785880467,0.0405034096746184,0.9,0.9,0.92,0.88,gamma,poisson,beta,gamma,gamma,gamma
L2_TPC:A,L6_TPC:A,0.68,0.44,1.5,1.74,0.18,0.5,0.02,671.0,17.0,17.0,5.0,0.7,2.79,E2,1.5,0.0625961785880467,0.0405034096746184,0.9,0.9,0.92,0.88,gamma,poisson,beta,gamma,gamma,gamma
L2_TPC:A,L6_TPC:C,0.68,0.44,1.5,1.74,0.18,0.5,0.02,671.0,17.0,17.0,5.0,0.7,2.79,E2,1.5,0.0625961785880467,0.0405034096746184,0.9,0.9,0.92,0.88,gamma,poisson,beta,gamma,gamma,gamma
L2_TPC:A,L6_UPC,0.68,0.44,1.5,1.74,0.18,0.5,0.02,671.0,17.0,17.0,5.0,0.7,2.79,E2,1.5,0.0625961785880467,0.0405034096746184,0.9,0.9,0.92,0.88,gamma,poisson,beta,gamma,gamma,gamma
L2_TPC:B,L2_IPC,1.0,0.5,2.6,1.74,0.18,0.46,0.26,671.0,17.0,17.0,5.0,0.7,2.79,E2_L23PC,2.6,0.092053203805951,0.0460266019029755,0.9,0.9,0.92,0.88,gamma,poisson,beta,gamma,gamma,gamma
L2_TPC:B,L2_TPC:A,1.0,0.5,2.6,1.74,0.18,0.46,0.26,671.0,17.0,17.0,5.0,0.7,2.79,E2_L23PC,2.6,0.092053203805951,0.0460266019029755,0.9,0.9,0.92,0.88,gamma,poisson,beta,gamma,gamma,gamma
L2_TPC:B,L2_TPC:B,1.0,0.5,2.6,1.74,0.18,0.46,0.26,671.0,17.0,17.0,5.0,0.7,2.79,E2_L23PC,2.6,0.092053203805951,0.0460266019029755,0.9,0.9,0.92,0.88,gamma,poisson,beta,gamma,gamma,gamma
L2_TPC:B,L3_TPC:A,1.0,0.5,2.6,1.74,0.18,0.46,0.26,671.0,17.0,17.0,5.0,0.7,2.79,E2_L23PC,2.6,0.092053203805951,0.0460266019029755,0.9,0.9,0.92,0.88,gamma,poisson,beta,gamma,gamma,gamma
L2_TPC:B,L3_TPC:C,1.0,0.5,2.6,1.74,0.18,0.46,0.26,671.0,17.0,17.0,5.0,0.7,2.79,E2_L23PC,2.6,0.092053203805951,0.0460266019029755,0.9,0.9,0.92,0.88,gamma,poisson,beta,gamma,gamma,gamma
L2_TPC:B,L4_SSC,0.68,0.44,1.5,1.74,0.18,0.5,0.02,671.0,17.0,17.0,5.0,0.7,2.79,E2,1.5,0.0625961785880467,0.0405034096746184,0.9,0.9,0.92,0.88,gamma,poisson,beta,gamma,gamma,gamma
L2_TPC:B,L4_TPC,0.68,0.44,1.5,1.74,0.18,0.5,0.02,671.0,17.0,17.0,5.0,0.7,2.79,E2,1.5,0.0625961785880467,0.0405034096746184,0.9,0.9,0.92,0.88,gamma,poisson,beta,gamma,gamma,gamma
L2_TPC:B,L4_UPC,0.68,0.44,1.5,1.74,0.18,0.5,0.02,671.0,17.0,17.0,5.0,0.7,2.79,E2,1.5,0.0625961785880467,0.0405034096746184,0.9,0.9,0.92,0.88,gamma,poisson,beta,gamma,gamma,gamma
L2_TPC:B,L5_TPC:A,0.47,0.2,1.5,1.74,0.18,0.5,0.02,671.0,17.0,17.0,5.0,0.7,2.79,E2_L23PC_L5TTPC,1.5,0.0432650057887969,0.0184106407611902,0.9,0.9,0.92,0.88,gamma,poisson,beta,gamma,gamma,gamma
L2_TPC:B,L5_TPC:B,0.47,0.2,1.5,1.74,0.18,0.5,0.02,671.0,17.0,17.0,5.0,0.7,2.79,E2_L23PC_L5TTPC,1.5,0.0432650057887969,0.0184106407611902,0.9,0.9,0.92,0.88,gamma,poisson,beta,gamma,gamma,gamma
L2_TPC:B,L5_TPC:C,0.68,0.44,1.5,1.74,0.18,0.5,0.02,671.0,17.0,17.0,5.0,0.7,2.79,E2,1.5,0.0625961785880467,0.0405034096746184,0.9,0.9,0.92,0.88,gamma,poisson,beta,gamma,gamma,gamma
L2_TPC:B,L5_UPC,0.68,0.44,1.5,1.74,0.18,0.5,0.02,671.0,17.0,17.0,5.0,0.7,2.79,E2,1.5,0.0625961785880467,0.0405034096746184,0.9,0.9,0.92,0.88,gamma,poisson,beta,gamma,gamma,gamma
L2_TPC:B,L6_BPC,0.68,0.44,1.5,1.74,0.18,0.5,0.02,671.0,17.0,17.0,5.0,0.7,2.79,E2,1.5,0.0625961785880467,0.0405034096746184,0.9,0.9,0.92,0.88,gamma,poisson,beta,gamma,gamma,gamma
L2_TPC:B,L6_HPC,0.68,0.44,1.5,1.74,0.18,0.5,0.02,671.0,17.0,17.0,5.0,0.7,2.79,E2,1.5,0.0625961785880467,0.0405034096746184,0.9,0.9,0.92,0.88,gamma,poisson,beta,gamma,gamma,gamma
L2_TPC:B,L6_IPC,0.68,0.44,1.5,1.74,0.18,0.5,0.02,671.0,17.0,17.0,5.0,0.7,2.79,E2,1.5,0.0625961785880467,0.0405034096746184,0.9,0.9,0.92,0.88,gamma,poisson,beta,gamma,gamma,gamma
L2_TPC:B,L6_TPC:A,0.68,0.44,1.5,1.74,0.18,0.5,0.02,671.0,17.0,17.0,5.0,0.7,2.79,E2,1.5,0.0625961785880467,0.0405034096746184,0.9,0.9,0.92,0.88,gamma,poisson,beta,gamma,gamma,gamma
L2_TPC:B,L6_TPC:C,0.68,0.44,1.5,1.74,0.18,0.5,0.02,671.0,17.0,17.0,5.0,0.7,2.79,E2,1.5,0.0625961785880467,0.0405034096746184,0.9,0.9,0.92,0.88,gamma,poisson,beta,gamma,gamma,gamma
L2_TPC:B,L6_UPC,0.68,0.44,1.5,1.74,0.18,0.5,0.02,671.0,17.0,17.0,5.0,0.7,2.79,E2,1.5,0.0625961785880467,0.0405034096746184,0.9,0.9,0.92,0.88,gamma,poisson,beta,gamma,gamma,gamma
L3_TPC:A,L2_IPC,1.0,0.5,2.6,1.74,0.18,0.46,0.26,671.0,17.0,17.0,5.0,0.7,2.79,E2_L23PC,2.6,0.092053203805951,0.0460266019029755,0.9,0.9,0.92,0.88,gamma,poisson,beta,gamma,gamma,gamma
L3_TPC:A,L2_TPC:A,1.0,0.5,2.6,1.74,0.18,0.46,0.26,671.0,17.0,17.0,5.0,0.7,2.79,E2_L23PC,2.6,0.092053203805951,0.0460266019029755,0.9,0.9,0.92,0.88,gamma,poisson,beta,gamma,gamma,gamma
L3_TPC:A,L2_TPC:B,1.0,0.5,2.6,1.74,0.18,0.46,0.26,671.0,17.0,17.0,5.0,0.7,2.79,E2_L23PC,2.6,0.092053203805951,0.0460266019029755,0.9,0.9,0.92,0.88,gamma,poisson,beta,gamma,gamma,gamma
L3_TPC:A,L3_TPC:A,1.0,0.5,2.6,1.74,0.18,0.46,0.26,671.0,17.0,17.0,5.0,0.7,2.79,E2_L23PC,2.6,0.092053203805951,0.0460266019029755,0.9,0.9,0.92,0.88,gamma,poisson,beta,gamma,gamma,gamma
L3_TPC:A,L3_TPC:C,1.0,0.5,2.6,1.74,0.18,0.46,0.26,671.0,17.0,17.0,5.0,0.7,2.79,E2_L23PC,2.6,0.092053203805951,0.0460266019029755,0.9,0.9,0.92,0.88,gamma,poisson,beta,gamma,gamma,gamma
L3_TPC:A,L4_SSC,0.68,0.44,1.5,1.74,0.18,0.5,0.02,671.0,17.0,17.0,5.0,0.7,2.79,E2,1.5,0.0625961785880467,0.0405034096746184,0.9,0.9,0.92,0.88,gamma,poisson,beta,gamma,gamma,gamma
L3_TPC:A,L4_TPC,0.68,0.44,1.5,1.74,0.18,0.5,0.02,671.0,17.0,17.0,5.0,0.7,2.79,E2,1.5,0.0625961785880467,0.0405034096746184,0.9,0.9,0.92,0.88,gamma,poisson,beta,gamma,gamma,gamma
L3_TPC:A,L4_UPC,0.68,0.44,1.5,1.74,0.18,0.5,0.02,671.0,17.0,17.0,5.0,0.7,2.79,E2,1.5,0.0625961785880467,0.0405034096746184,0.9,0.9,0.92,0.88,gamma,poisson,beta,gamma,gamma,gamma
L3_TPC:A,L5_TPC:A,0.47,0.2,1.5,1.74,0.18,0.5,0.02,671.0,17.0,17.0,5.0,0.7,2.79,E2_L23PC_L5TTPC,1.5,0.0432650057887969,0.0184106407611902,0.9,0.9,0.92,0.88,gamma,poisson,beta,gamma,gamma,gamma
L3_TPC:A,L5_TPC:B,0.47,0.2,1.5,1.74,0.18,0.5,0.02,671.0,17.0,17.0,5.0,0.7,2.79,E2_L23PC_L5TTPC,1.5,0.0432650057887969,0.0184106407611902,0.9,0.9,0.92,0.88,gamma,poisson,beta,gamma,gamma,gamma
L3_TPC:A,L5_TPC:C,0.68,0.44,1.5,1.74,0.18,0.5,0.02,671.0,17.0,17.0,5.0,0.7,2.79,E2,1.5,0.0625961785880467,0.0405034096746184,0.9,0.9,0.92,0.88,gamma,poisson,beta,gamma,gamma,gamma
L3_TPC:A,L5_UPC,0.68,0.44,1.5,1.74,0.18,0.5,0.02,671.0,17.0,17.0,5.0,0.7,2.79,E2,1.5,0.0625961785880467,0.0405034096746184,0.9,0.9,0.92,0.88,gamma,poisson,beta,gamma,gamma,gamma
L3_TPC:A,L6_BPC,0.68,0.44,1.5,1.74,0.18,0.5,0.02,671.0,17.0,17.0,5.0,0.7,2.79,E2,1.5,0.0625961785880467,0.0405034096746184,0.9,0.9,0.92,0.88,gamma,poisson,beta,gamma,gamma,gamma
L3_TPC:A,L6_HPC,0.68,0.44,1.5,1.74,0.18,0.5,0.02,671.0,17.0,17.0,5.0,0.7,2.79,E2,1.5,0.0625961785880467,0.0405034096746184,0.9,0.9,0.92,0.88,gamma,poisson,beta,gamma,gamma,gamma
L3_TPC:A,L6_IPC,0.68,0.44,1.5,1.74,0.18,0.5,0.02,671.0,17.0,17.0,5.0,0.7,2.79,E2,1.5,0.0625961785880467,0.0405034096746184,0.9,0.9,0.92,0.88,gamma,poisson,beta,gamma,gamma,gamma
L3_TPC:A,L6_TPC:A,0.68,0.44,1.5,1.74,0.18,0.5,0.02,671.0,17.0,17.0,5.0,0.7,2.79,E2,1.5,0.0625961785880467,0.0405034096746184,0.9,0.9,0.92,0.88,gamma,poisson,beta,gamma,gamma,gamma
L3_TPC:A,L6_TPC:C,0.68,0.44,1.5,1.74,0.18,0.5,0.02,671.0,17.0,17.0,5.0,0.7,2.79,E2,1.5,0.0625961785880467,0.0405034096746184,0.9,0.9,0.92,0.88,gamma,poisson,beta,gamma,gamma,gamma
L3_TPC:A,L6_UPC,0.68,0.44,1.5,1.74,0.18,0.5,0.02,671.0,17.0,17.0,5.0,0.7,2.79,E2,1.5,0.0625961785880467,0.0405034096746184,0.9,0.9,0.92,0.88,gamma,poisson,beta,gamma,gamma,gamma
L3_TPC:C,L2_IPC,1.0,0.5,2.6,1.74,0.18,0.46,0.26,671.0,17.0,17.0,5.0,0.7,2.79,E2_L23PC,2.6,0.092053203805951,0.0460266019029755,0.9,0.9,0.92,0.88,gamma,poisson,beta,gamma,gamma,gamma
L3_TPC:C,L2_TPC:A,1.0,0.5,2.6,1.74,0.18,0.46,0.26,671.0,17.0,17.0,5.0,0.7,2.79,E2_L23PC,2.6,0.092053203805951,0.0460266019029755,0.9,0.9,0.92,0.88,gamma,poisson,beta,gamma,gamma,gamma
L3_TPC:C,L2_TPC:B,1.0,0.5,2.6,1.74,0.18,0.46,0.26,671.0,17.0,17.0,5.0,0.7,2.79,E2_L23PC,2.6,0.092053203805951,0.0460266019029755,0.9,0.9,0.92,0.88,gamma,poisson,beta,gamma,gamma,gamma
L3_TPC:C,L3_TPC:A,1.0,0.5,2.6,1.74,0.18,0.46,0.26,671.0,17.0,17.0,5.0,0.7,2.79,E2_L23PC,2.6,0.092053203805951,0.0460266019029755,0.9,0.9,0.92,0.88,gamma,poisson,beta,gamma,gamma,gamma
L3_TPC:C,L3_TPC:C,1.0,0.5,2.6,1.74,0.18,0.46,0.26,671.0,17.0,17.0,5.0,0.7,2.79,E2_L23PC,2.6,0.092053203805951,0.0460266019029755,0.9,0.9,0.92,0.88,gamma,poisson,beta,gamma,gamma,gamma
L3_TPC:C,L4_SSC,0.68,0.44,1.5,1.74,0.18,0.5,0.02,671.0,17.0,17.0,5.0,0.7,2.79,E2,1.5,0.0625961785880467,0.0405034096746184,0.9,0.9,0.92,0.88,gamma,poisson,beta,gamma,gamma,gamma
L3_TPC:C,L4_TPC,0.68,0.44,1.5,1.74,0.18,0.5,0.02,671.0,17.0,17.0,5.0,0.7,2.79,E2,1.5,0.0625961785880467,0.0405034096746184,0.9,0.9,0.92,0.88,gamma,poisson,beta,gamma,gamma,gamma
L3_TPC:C,L4_UPC,0.68,0.44,1.5,1.74,0.18,0.5,0.02,671.0,17.0,17.0,5.0,0.7,2.79,E2,1.5,0.0625961785880467,0.0405034096746184,0.9,0.9,0.92,0.88,gamma,poisson,beta,gamma,gamma,gamma
L3_TPC:C,L5_TPC:A,0.47,0.2,1.5,1.74,0.18,0.5,0.02,671.0,17.0,17.0,5.0,0.7,2.79,E2_L23PC_L5TTPC,1.5,0.0432650057887969,0.0184106407611902,0.9,0.9,0.92,0.88,gamma,poisson,beta,gamma,gamma,gamma
L3_TPC:C,L5_TPC:B,0.47,0.2,1.5,1.74,0.18,0.5,0.02,671.0,17.0,17.0,5.0,0.7,2.79,E2_L23PC_L5TTPC,1.5,0.0432650057887969,0.0184106407611902,0.9,0.9,0.92,0.88,gamma,poisson,beta,gamma,gamma,gamma
L3_TPC:C,L5_TPC:C,0.68,0.44,1.5,1.74,0.18,0.5,0.02,671.0,17.0,17.0,5.0,0.7,2.79,E2,1.5,0.0625961785880467,0.0405034096746184,0.9,0.9,0.92,0.88,gamma,poisson,beta,gamma,gamma,gamma
L3_TPC:C,L5_UPC,0.68,0.44,1.5,1.74,0.18,0.5,0.02,671.0,17.0,17.0,5.0,0.7,2.79,E2,1.5,0.0625961785880467,0.0405034096746184,0.9,0.9,0.92,0.88,gamma,poisson,beta,gamma,gamma,gamma
L3_TPC:C,L6_BPC,0.68,0.44,1.5,1.74,0.18,0.5,0.02,671.0,17.0,17.0,5.0,0.7,2.79,E2,1.5,0.0625961785880467,0.0405034096746184,0.9,0.9,0.92,0.88,gamma,poisson,beta,gamma,gamma,gamma
L3_TPC:C,L6_HPC,0.68,0.44,1.5,1.74,0.18,0.5,0.02,671.0,17.0,17.0,5.0,0.7,2.79,E2,1.5,0.0625961785880467,0.0405034096746184,0.9,0.9,0.92,0.88,gamma,poisson,beta,gamma,gamma,gamma
L3_TPC:C,L6_IPC,0.68,0.44,1.5,1.74,0.18,0.5,0.02,671.0,17.0,17.0,5.0,0.7,2.79,E2,1.5,0.0625961785880467,0.0405034096746184,0.9,0.9,0.92,0.88,gamma,poisson,beta,gamma,gamma,gamma
L3_TPC:C,L6_TPC:A,0.68,0.44,1.5,1.74,0.18,0.5,0.02,671.0,17.0,17.0,5.0,0.7,2.79,E2,1.5,0.0625961785880467,0.0405034096746184,0.9,0.9,0.92,0.88,gamma,poisson,beta,gamma,gamma,gamma
L3_TPC:C,L6_TPC:C,0.68,0.44,1.5,1.74,0.18,0.5,0.02,671.0,17.0,17.0,5.0,0.7,2.79,E2,1.5,0.0625961785880467,0.0405034096746184,0.9,0.9,0.92,0.88,gamma,poisson,beta,gamma,gamma,gamma
L3_TPC:C,L6_UPC,0.68,0.44,1.5,1.74,0.18,0.5,0.02,671.0,17.0,17.0,5.0,0.7,2.79,E2,1.5,0.0625961785880467,0.0405034096746184,0.9,0.9,0.92,0.88,gamma,poisson,beta,gamma,gamma,gamma
L4_SSC,L2_IPC,0.24,0.1,1.8,1.74,0.18,0.79,0.04,671.0,17.0,17.0,5.0,0.5,2.79,E2_L4SS_L23PC,1.8,0.0194936196294955,0.0081223415122897,0.9,0.9,0.92,0.88,gamma,poisson,beta,gamma,gamma,gamma
L4_SSC,L2_TPC:A,0.24,0.1,1.8,1.74,0.18,0.79,0.04,671.0,17.0,17.0,5.0,0.5,2.79,E2_L4SS_L23PC,1.8,0.0194936196294955,0.0081223415122897,0.9,0.9,0.92,0.88,gamma,poisson,beta,gamma,gamma,gamma
L4_SSC,L2_TPC:B,0.24,0.1,1.8,1.74,0.18,0.79,0.04,671.0,17.0,17.0,5.0,0.5,2.79,E2_L4SS_L23PC,1.8,0.0194936196294955,0.0081223415122897,0.9,0.9,0.92,0.88,gamma,poisson,beta,gamma,gamma,gamma
L4_SSC,L3_TPC:A,0.24,0.1,1.8,1.74,0.18,0.79,0.04,671.0,17.0,17.0,5.0,0.5,2.79,E2_L4SS_L23PC,1.8,0.0194936196294955,0.0081223415122897,0.9,0.9,0.92,0.88,gamma,poisson,beta,gamma,gamma,gamma
L4_SSC,L3_TPC:C,0.24,0.1,1.8,1.74,0.18,0.79,0.04,671.0,17.0,17.0,5.0,0.5,2.79,E2_L4SS_L23PC,1.8,0.0194936196294955,0.0081223415122897,0.9,0.9,0.92,0.88,gamma,poisson,beta,gamma,gamma,gamma
L4_SSC,L4_SSC,0.58,0.3,1.0,1.74,0.18,0.86,0.09,671.0,17.0,17.0,5.0,0.86,2.79,E2_L4PC,1.0,0.0584158801563882,0.030215110425718,0.9,0.9,0.92,0.88,gamma,poisson,beta,gamma,gamma,gamma
L4_SSC,L4_TPC,0.58,0.3,1.0,1.74,0.18,0.86,0.09,671.0,17.0,17.0,5.0,0.86,2.79,E2_L4PC,1.0,0.0584158801563882,0.030215110425718,0.9,0.9,0.92,0.88,gamma,poisson,beta,gamma,gamma,gamma
L4_SSC,L4_UPC,0.58,0.3,1.0,1.74,0.18,0.86,0.09,671.0,17.0,17.0,5.0,0.86,2.79,E2_L4PC,1.0,0.0584158801563882,0.030215110425718,0.9,0.9,0.92,0.88,gamma,poisson,beta,gamma,gamma,gamma
L4_SSC,L5_TPC:A,0.68,0.44,1.5,1.74,0.18,0.5,0.02,671.0,17.0,17.0,5.0,0.7,2.79,E2,1.5,0.0625961785880467,0.0405034096746184,0.9,0.9,0.92,0.88,gamma,poisson,beta,gamma,gamma,gamma
L4_SSC,L5_TPC:B,0.68,0.44,1.5,1.74,0.18,0.5,0.02,671.0,17.0,17.0,5.0,0.7,2.79,E2,1.5,0.0625961785880467,0.0405034096746184,0.9,0.9,0.92,0.88,gamma,poisson,beta,gamma,gamma,gamma
L4_SSC,L5_TPC:C,0.62,0.3,1.2,1.74,0.18,0.5,0.02,671.0,17.0,17.0,5.0,0.7,2.79,E2_L4SS_L5STPC,1.2,0.0570729863596896,0.0276159611417853,0.9,0.9,0.92,0.88,gamma,poisson,beta,gamma,gamma,gamma
L4_SSC,L5_UPC,0.62,0.3,1.2,1.74,0.18,0.5,0.02,671.0,17.0,17.0,5.0,0.7,2.79,E2_L4SS_L5STPC,1.2,0.0570729863596896,0.0276159611417853,0.9,0.9,0.92,0.88,gamma,poisson,beta,gamma,gamma,gamma
L4_SSC,L6_BPC,0.43,0.2,1.0,1.74,0.18,0.5,0.02,671.0,17.0,17.0,5.0,0.7,2.79,E2_L4SS_L6PC,1.0,0.0395828776365589,0.0184106407611902,0.9,0.9,0.92,0.88,gamma,poisson,beta,gamma,gamma,gamma
L4_SSC,L6_HPC,0.43,0.2,1.0,1.74,0.18,0.5,0.02,671.0,17.0,17.0,5.0,0.7,2.79,E2_L4SS_L6PC,1.0,0.0395828776365589,0.0184106407611902,0.9,0.9,0.92,0.88,gamma,poisson,beta,gamma,gamma,gamma
L4_SSC,L6_IPC,0.43,0.2,1.0,1.74,0.18,0.5,0.02,671.0,17.0,17.0,5.0,0.7,2.79,E2_L4SS_L6PC,1.0,0.0395828776365589,0.0184106407611902,0.9,0.9,0.92,0.88,gamma,poisson,beta,gamma,gamma,gamma
L4_SSC,L6_TPC:A,0.43,0.2,1.0,1.74,0.18,0.5,0.02,671.0,17.0,17.0,5.0,0.7,2.79,E2_L4SS_L6PC,1.0,0.0395828776365589,0.0184106407611902,0.9,0.9,0.92,0.88,gamma,poisson,beta,gamma,gamma,gamma
L4_SSC,L6_TPC:C,0.43,0.2,1.0,1.74,0.18,0.5,0.02,671.0,17.0,17.0,5.0,0.7,2.79,E2_L4SS_L6PC,1.0,0.0395828776365589,0.0184106407611902,0.9,0.9,0.92,0.88,gamma,poisson,beta,gamma,gamma,gamma
L4_SSC,L6_UPC,0.43,0.2,1.0,1.74,0.18,0.5,0.02,671.0,17.0,17.0,5.0,0.7,2.79,E2_L4SS_L6PC,1.0,0.0395828776365589,0.0184106407611902,0.9,0.9,0.92,0.88,gamma,poisson,beta,gamma,gamma,gamma
L4_TPC,L2_IPC,0.68,0.44,1.5,1.74,0.18,0.5,0.02,671.0,17.0,17.0,5.0,0.7,2.79,E2,1.5,0.0625961785880467,0.0405034096746184,0.9,0.9,0.92,0.88,gamma,poisson,beta,gamma,gamma,gamma
L4_TPC,L2_TPC:A,0.68,0.44,1.5,1.74,0.18,0.5,0.02,671.0,17.0,17.0,5.0,0.7,2.79,E2,1.5,0.0625961785880467,0.0405034096746184,0.9,0.9,0.92,0.88,gamma,poisson,beta,gamma,gamma,gamma
L4_TPC,L2_TPC:B,0.68,0.44,1.5,1.74,0.18,0.5,0.02,671.0,17.0,17.0,5.0,0.7,2.79,E2,1.5,0.0625961785880467,0.0405034096746184,0.9,0.9,0.92,0.88,gamma,poisson,beta,gamma,gamma,gamma
L4_TPC,L3_TPC:A,0.68,0.44,1.5,1.74,0.18,0.5,0.02,671.0,17.0,17.0,5.0,0.7,2.79,E2,1.5,0.0625961785880467,0.0405034096746184,0.9,0.9,0.92,0.88,gamma,poisson,beta,gamma,gamma,gamma
L4_TPC,L3_TPC:C,0.68,0.44,1.5,1.74,0.18,0.5,0.02,671.0,17.0,17.0,5.0,0.7,2.79,E2,1.5,0.0625961785880467,0.0405034096746184,0.9,0.9,0.92,0.88,gamma,poisson,beta,gamma,gamma,gamma
L4_TPC,L4_SSC,0.58,0.3,1.0,1.74,0.18,0.86,0.09,671.0,17.0,17.0,5.0,0.86,2.79,E2_L4PC,1.0,0.0584158801563882,0.030215110425718,0.9,0.9,0.92,0.88,gamma,poisson,beta,gamma,gamma,gamma
L4_TPC,L4_TPC,0.58,0.3,1.0,1.74,0.18,0.86,0.09,671.0,17.0,17.0,5.0,0.86,2.79,E2_L4PC,1.0,0.0584158801563882,0.030215110425718,0.9,0.9,0.92,0.88,gamma,poisson,beta,gamma,gamma,gamma
L4_TPC,L4_UPC,0.58,0.3,1.0,1.74,0.18,0.86,0.09,671.0,17.0,17.0,5.0,0.86,2.79,E2_L4PC,1.0,0.0584158801563882,0.030215110425718,0.9,0.9,0.92,0.88,gamma,poisson,beta,gamma,gamma,gamma
L4_TPC,L5_TPC:A,0.68,0.44,1.5,1.74,0.18,0.5,0.02,671.0,17.0,17.0,5.0,0.7,2.79,E2,1.5,0.0625961785880467,0.0405034096746184,0.9,0.9,0.92,0.88,gamma,poisson,beta,gamma,gamma,gamma
L4_TPC,L5_TPC:B,0.68,0.44,1.5,1.74,0.18,0.5,0.02,671.0,17.0,17.0,5.0,0.7,2.79,E2,1.5,0.0625961785880467,0.0405034096746184,0.9,0.9,0.92,0.88,gamma,poisson,beta,gamma,gamma,gamma
L4_TPC,L5_TPC:C,0.68,0.44,1.5,1.74,0.18,0.5,0.02,671.0,17.0,17.0,5.0,0.7,2.79,E2,1.5,0.0625961785880467,0.0405034096746184,0.9,0.9,0.92,0.88,gamma,poisson,beta,gamma,gamma,gamma
L4_TPC,L5_UPC,0.68,0.44,1.5,1.74,0.18,0.5,0.02,671.0,17.0,17.0,5.0,0.7,2.79,E2,1.5,0.0625961785880467,0.0405034096746184,0.9,0.9,0.92,0.88,gamma,poisson,beta,gamma,gamma,gamma
L4_TPC,L6_BPC,0.68,0.44,1.5,1.74,0.18,0.5,0.02,671.0,17.0,17.0,5.0,0.7,2.79,E2,1.5,0.0625961785880467,0.0405034096746184,0.9,0.9,0.92,0.88,gamma,poisson,beta,gamma,gamma,gamma
L4_TPC,L6_HPC,0.68,0.44,1.5,1.74,0.18,0.5,0.02,671.0,17.0,17.0,5.0,0.7,2.79,E2,1.5,0.0625961785880467,0.0405034096746184,0.9,0.9,0.92,0.88,gamma,poisson,beta,gamma,gamma,gamma
L4_TPC,L6_IPC,0.68,0.44,1.5,1.74,0.18,0.5,0.02,671.0,17.0,17.0,5.0,0.7,2.79,E2,1.5,0.0625961785880467,0.0405034096746184,0.9,0.9,0.92,0.88,gamma,poisson,beta,gamma,gamma,gamma
L4_TPC,L6_TPC:A,0.68,0.44,1.5,1.74,0.18,0.5,0.02,671.0,17.0,17.0,5.0,0.7,2.79,E2,1.5,0.0625961785880467,0.0405034096746184,0.9,0.9,0.92,0.88,gamma,poisson,beta,gamma,gamma,gamma
L4_TPC,L6_TPC:C,0.68,0.44,1.5,1.74,0.18,0.5,0.02,671.0,17.0,17.0,5.0,0.7,2.79,E2,1.5,0.0625961785880467,0.0405034096746184,0.9,0.9,0.92,0.88,gamma,poisson,beta,gamma,gamma,gamma
L4_TPC,L6_UPC,0.68,0.44,1.5,1.74,0.18,0.5,0.02,671.0,17.0,17.0,5.0,0.7,2.79,E2,1.5,0.0625961785880467,0.0405034096746184,0.9,0.9,0.92,0.88,gamma,poisson,beta,gamma,gamma,gamma
L4_UPC,L2_IPC,0.68,0.44,1.5,1.74,0.18,0.5,0.02,671.0,17.0,17.0,5.0,0.7,2.79,E2,1.5,0.0625961785880467,0.0405034096746184,0.9,0.9,0.92,0.88,gamma,poisson,beta,gamma,gamma,gamma
L4_UPC,L2_TPC:A,0.68,0.44,1.5,1.74,0.18,0.5,0.02,671.0,17.0,17.0,5.0,0.7,2.79,E2,1.5,0.0625961785880467,0.0405034096746184,0.9,0.9,0.92,0.88,gamma,poisson,beta,gamma,gamma,gamma
L4_UPC,L2_TPC:B,0.68,0.44,1.5,1.74,0.18,0.5,0.02,671.0,17.0,17.0,5.0,0.7,2.79,E2,1.5,0.0625961785880467,0.0405034096746184,0.9,0.9,0.92,0.88,gamma,poisson,beta,gamma,gamma,gamma
L4_UPC,L3_TPC:A,0.68,0.44,1.5,1.74,0.18,0.5,0.02,671.0,17.0,17.0,5.0,0.7,2.79,E2,1.5,0.0625961785880467,0.0405034096746184,0.9,0.9,0.92,0.88,gamma,poisson,beta,gamma,gamma,gamma
L4_UPC,L3_TPC:C,0.68,0.44,1.5,1.74,0.18,0.5,0.02,671.0,17.0,17.0,5.0,0.7,2.79,E2,1.5,0.0625961785880467,0.0405034096746184,0.9,0.9,0.92,0.88,gamma,poisson,beta,gamma,gamma,gamma
L4_UPC,L4_SSC,0.58,0.3,1.0,1.74,0.18,0.86,0.09,671.0,17.0,17.0,5.0,0.86,2.79,E2_L4PC,1.0,0.0584158801563882,0.030215110425718,0.9,0.9,0.92,0.88,gamma,poisson,beta,gamma,gamma,gamma
L4_UPC,L4_TPC,0.58,0.3,1.0,1.74,0.18,0.86,0.09,671.0,17.0,17.0,5.0,0.86,2.79,E2_L4PC,1.0,0.0584158801563882,0.030215110425718,0.9,0.9,0.92,0.88,gamma,poisson,beta,gamma,gamma,gamma
L4_UPC,L4_UPC,0.58,0.3,1.0,1.74,0.18,0.86,0.09,671.0,17.0,17.0,5.0,0.86,2.79,E2_L4PC,1.0,0.0584158801563882,0.030215110425718,0.9,0.9,0.92,0.88,gamma,poisson,beta,gamma,gamma,gamma
L4_UPC,L5_TPC:A,0.68,0.44,1.5,1.74,0.18,0.5,0.02,671.0,17.0,17.0,5.0,0.7,2.79,E2,1.5,0.0625961785880467,0.0405034096746184,0.9,0.9,0.92,0.88,gamma,poisson,beta,gamma,gamma,gamma
L4_UPC,L5_TPC:B,0.68,0.44,1.5,1.74,0.18,0.5,0.02,671.0,17.0,17.0,5.0,0.7,2.79,E2,1.5,0.0625961785880467,0.0405034096746184,0.9,0.9,0.92,0.88,gamma,poisson,beta,gamma,gamma,gamma
L4_UPC,L5_TPC:C,0.68,0.44,1.5,1.74,0.18,0.5,0.02,671.0,17.0,17.0,5.0,0.7,2.79,E2,1.5,0.0625961785880467,0.0405034096746184,0.9,0.9,0.92,0.88,gamma,poisson,beta,gamma,gamma,gamma
L4_UPC,L5_UPC,0.68,0.44,1.5,1.74,0.18,0.5,0.02,671.0,17.0,17.0,5.0,0.7,2.79,E2,1.5,0.0625961785880467,0.0405034096746184,0.9,0.9,0.92,0.88,gamma,poisson,beta,gamma,gamma,gamma
L4_UPC,L6_BPC,0.68,0.44,1.5,1.74,0.18,0.5,0.02,671.0,17.0,17.0,5.0,0.7,2.79,E2,1.5,0.0625961785880467,0.0405034096746184,0.9,0.9,0.92,0.88,gamma,poisson,beta,gamma,gamma,gamma
L4_UPC,L6_HPC,0.68,0.44,1.5,1.74,0.18,0.5,0.02,671.0,17.0,17.0,5.0,0.7,2.79,E2,1.5,0.0625961785880467,0.0405034096746184,0.9,0.9,0.92,0.88,gamma,poisson,beta,gamma,gamma,gamma
L4_UPC,L6_IPC,0.68,0.44,1.5,1.74,0.18,0.5,0.02,671.0,17.0,17.0,5.0,0.7,2.79,E2,1.5,0.0625961785880467,0.0405034096746184,0.9,0.9,0.92,0.88,gamma,poisson,beta,gamma,gamma,gamma
L4_UPC,L6_TPC:A,0.68,0.44,1.5,1.74,0.18,0.5,0.02,671.0,17.0,17.0,5.0,0.7,2.79,E2,1.5,0.0625961785880467,0.0405034096746184,0.9,0.9,0.92,0.88,gamma,poisson,beta,gamma,gamma,gamma
L4_UPC,L6_TPC:C,0.68,0.44,1.5,1.74,0.18,0.5,0.02,671.0,17.0,17.0,5.0,0.7,2.79,E2,1.5,0.0625961785880467,0.0405034096746184,0.9,0.9,0.92,0.88,gamma,poisson,beta,gamma,gamma,gamma
L4_UPC,L6_UPC,0.68,0.44,1.5,1.74,0.18,0.5,0.02,671.0,17.0,17.0,5.0,0.7,2.79,E2,1.5,0.0625961785880467,0.0405034096746184,0.9,0.9,0.92,0.88,gamma,poisson,beta,gamma,gamma,gamma
L5_TPC:A,L2_IPC,0.68,0.44,1.5,1.74,0.18,0.5,0.02,671.0,17.0,17.0,5.0,0.7,2.79,E2,1.5,0.0625961785880467,0.0405034096746184,0.9,0.9,0.92,0.88,gamma,poisson,beta,gamma,gamma,gamma
L5_TPC:A,L2_TPC:A,0.68,0.44,1.5,1.74,0.18,0.5,0.02,671.0,17.0,17.0,5.0,0.7,2.79,E2,1.5,0.0625961785880467,0.0405034096746184,0.9,0.9,0.92,0.88,gamma,poisson,beta,gamma,gamma,gamma
L5_TPC:A,L2_TPC:B,0.68,0.44,1.5,1.74,0.18,0.5,0.02,671.0,17.0,17.0,5.0,0.7,2.79,E2,1.5,0.0625961785880467,0.0405034096746184,0.9,0.9,0.92,0.88,gamma,poisson,beta,gamma,gamma,gamma
L5_TPC:A,L3_TPC:A,0.68,0.44,1.5,1.74,0.18,0.5,0.02,671.0,17.0,17.0,5.0,0.7,2.79,E2,1.5,0.0625961785880467,0.0405034096746184,0.9,0.9,0.92,0.88,gamma,poisson,beta,gamma,gamma,gamma
L5_TPC:A,L3_TPC:C,0.68,0.44,1.5,1.74,0.18,0.5,0.02,671.0,17.0,17.0,5.0,0.7,2.79,E2,1.5,0.0625961785880467,0.0405034096746184,0.9,0.9,0.92,0.88,gamma,poisson,beta,gamma,gamma,gamma
L5_TPC:A,L4_SSC,0.68,0.44,1.5,1.74,0.18,0.5,0.02,671.0,17.0,17.0,5.0,0.7,2.79,E2,1.5,0.0625961785880467,0.0405034096746184,0.9,0.9,0.92,0.88,gamma,poisson,beta,gamma,gamma,gamma
L5_TPC:A,L4_TPC,0.68,0.44,1.5,1.74,0.18,0.5,0.02,671.0,17.0,17.0,5.0,0.7,2.79,E2,1.5,0.0625961785880467,0.0405034096746184,0.9,0.9,0.92,0.88,gamma,poisson,beta,gamma,gamma,gamma
L5_TPC:A,L4_UPC,0.68,0.44,1.5,1.74,0.18,0.5,0.02,671.0,17.0,17.0,5.0,0.7,2.79,E2,1.5,0.0625961785880467,0.0405034096746184,0.9,0.9,0.92,0.88,gamma,poisson,beta,gamma,gamma,gamma
L5_TPC:A,L5_TPC:A,1.6,1.1,2.9,1.74,0.18,0.5,0.2,672.7,126.9,15.9,33.3,0.5625,2.79,E2,1.4,0.1,0.1,0.9,0.9,0.92,0.88,gamma,poisson,beta,gamma,gamma,gamma
L5_TPC:A,L5_TPC:B,1.6,1.1,2.9,1.74,0.18,0.5,0.2,672.7,126.9,15.9,33.3,0.5625,2.79,E2,1.4,0.1,0.1,0.9,0.9,0.92,0.88,gamma,poisson,beta,gamma,gamma,gamma
L5_TPC:A,L5_TPC:C,0.68,0.44,1.5,1.74,0.18,0.5,0.02,671.0,17.0,17.0,5.0,0.55,2.79,E2,1.5,0.0570729863596896,0.0369295794092109,0.9,0.9,0.92,0.88,gamma,poisson,beta,gamma,gamma,gamma
L5_TPC:A,L5_UPC,0.68,0.44,1.5,1.74,0.18,0.5,0.02,671.0,17.0,17.0,5.0,0.7,2.79,E2,1.5,0.0625961785880467,0.0405034096746184,0.9,0.9,0.92,0.88,gamma,poisson,beta,gamma,gamma,gamma
L5_TPC:A,L6_BPC,0.68,0.44,1.5,1.74,0.18,0.5,0.02,671.0,17.0,17.0,5.0,0.7,2.79,E2,1.5,0.0625961785880467,0.0405034096746184,0.9,0.9,0.92,0.88,gamma,poisson,beta,gamma,gamma,gamma
L5_TPC:A,L6_HPC,0.68,0.44,1.5,1.74,0.18,0.5,0.02,671.0,17.0,17.0,5.0,0.7,2.79,E2,1.5,0.0625961785880467,0.0405034096746184,0.9,0.9,0.92,0.88,gamma,poisson,beta,gamma,gamma,gamma
L5_TPC:A,L6_IPC,0.68,0.44,1.5,1.74,0.18,0.5,0.02,671.0,17.0,17.0,5.0,0.7,2.79,E2,1.5,0.0625961785880467,0.0405034096746184,0.9,0.9,0.92,0.88,gamma,poisson,beta,gamma,gamma,gamma
L5_TPC:A,L6_TPC:A,0.68,0.44,1.5,1.74,0.18,0.5,0.02,671.0,17.0,17.0,5.0,0.7,2.79,E2,1.5,0.0625961785880467,0.0405034096746184,0.9,0.9,0.92,0.88,gamma,poisson,beta,gamma,gamma,gamma
L5_TPC:A,L6_TPC:C,0.68,0.44,1.5,1.74,0.18,0.5,0.02,671.0,17.0,17.0,5.0,0.7,2.79,E2,1.5,0.0625961785880467,0.0405034096746184,0.9,0.9,0.92,0.88,gamma,poisson,beta,gamma,gamma,gamma
L5_TPC:A,L6_UPC,0.68,0.44,1.5,1.74,0.18,0.5,0.02,671.0,17.0,17.0,5.0,0.7,2.79,E2,1.5,0.0625961785880467,0.0405034096746184,0.9,0.9,0.92,0.88,gamma,poisson,beta,gamma,gamma,gamma
L5_TPC:B,L2_IPC,0.68,0.44,1.5,1.74,0.18,0.5,0.02,671.0,17.0,17.0,5.0,0.7,2.79,E2,1.5,0.0625961785880467,0.0405034096746184,0.9,0.9,0.92,0.88,gamma,poisson,beta,gamma,gamma,gamma
L5_TPC:B,L2_TPC:A,0.68,0.44,1.5,1.74,0.18,0.5,0.02,671.0,17.0,17.0,5.0,0.7,2.79,E2,1.5,0.0625961785880467,0.0405034096746184,0.9,0.9,0.92,0.88,gamma,poisson,beta,gamma,gamma,gamma
L5_TPC:B,L2_TPC:B,0.68,0.44,1.5,1.74,0.18,0.5,0.02,671.0,17.0,17.0,5.0,0.7,2.79,E2,1.5,0.0625961785880467,0.0405034096746184,0.9,0.9,0.92,0.88,gamma,poisson,beta,gamma,gamma,gamma
L5_TPC:B,L3_TPC:A,0.68,0.44,1.5,1.74,0.18,0.5,0.02,671.0,17.0,17.0,5.0,0.7,2.79,E2,1.5,0.0625961785880467,0.0405034096746184,0.9,0.9,0.92,0.88,gamma,poisson,beta,gamma,gamma,gamma
L5_TPC:B,L3_TPC:C,0.68,0.44,1.5,1.74,0.18,0.5,0.02,671.0,17.0,17.0,5.0,0.7,2.79,E2,1.5,0.0625961785880467,0.0405034096746184,0.9,0.9,0.92,0.88,gamma,poisson,beta,gamma,gamma,gamma
L5_TPC:B,L4_SSC,0.68,0.44,1.5,1.74,0.18,0.5,0.02,671.0,17.0,17.0,5.0,0.7,2.79,E2,1.5,0.0625961785880467,0.0405034096746184,0.9,0.9,0.92,0.88,gamma,poisson,beta,gamma,gamma,gamma
L5_TPC:B,L4_TPC,0.68,0.44,1.5,1.74,0.18,0.5,0.02,671.0,17.0,17.0,5.0,0.7,2.79,E2,1.5,0.0625961785880467,0.0405034096746184,0.9,0.9,0.92,0.88,gamma,poisson,beta,gamma,gamma,gamma
L5_TPC:B,L4_UPC,0.68,0.44,1.5,1.74,0.18,0.5,0.02,671.0,17.0,17.0,5.0,0.7,2.79,E2,1.5,0.0625961785880467,0.0405034096746184,0.9,0.9,0.92,0.88,gamma,poisson,beta,gamma,gamma,gamma
L5_TPC:B,L5_TPC:A,1.6,1.1,2.9,1.74,0.18,0.5,0.2,672.7,126.9,15.9,33.3,0.5625,2.79,E2,1.4,0.1,0.1,0.9,0.9,0.92,0.88,gamma,poisson,beta,gamma,gamma,gamma
L5_TPC:B,L5_TPC:B,1.6,1.1,2.9,1.74,0.18,0.5,0.2,672.7,126.9,15.9,33.3,0.5625,2.79,E2,1.4,0.1,0.1,0.9,0.9,0.92,0.88,gamma,poisson,beta,gamma,gamma,gamma
L5_TPC:B,L5_TPC:C,0.68,0.44,1.5,1.74,0.18,0.5,0.02,671.0,17.0,17.0,5.0,0.55,2.79,E2,1.5,0.0570729863596896,0.0369295794092109,0.9,0.9,0.92,0.88,gamma,poisson,beta,gamma,gamma,gamma
L5_TPC:B,L5_UPC,0.68,0.44,1.5,1.74,0.18,0.5,0.02,671.0,17.0,17.0,5.0,0.7,2.79,E2,1.5,0.0625961785880467,0.0405034096746184,0.9,0.9,0.92,0.88,gamma,poisson,beta,gamma,gamma,gamma
L5_TPC:B,L6_BPC,0.68,0.44,1.5,1.74,0.18,0.5,0.02,671.0,17.0,17.0,5.0,0.7,2.79,E2,1.5,0.0625961785880467,0.0405034096746184,0.9,0.9,0.92,0.88,gamma,poisson,beta,gamma,gamma,gamma
L5_TPC:B,L6_HPC,0.68,0.44,1.5,1.74,0.18,0.5,0.02,671.0,17.0,17.0,5.0,0.7,2.79,E2,1.5,0.0625961785880467,0.0405034096746184,0.9,0.9,0.92,0.88,gamma,poisson,beta,gamma,gamma,gamma
L5_TPC:B,L6_IPC,0.68,0.44,1.5,1.74,0.18,0.5,0.02,671.0,17.0,17.0,5.0,0.7,2.79,E2,1.5,0.0625961785880467,0.0405034096746184,0.9,0.9,0.92,0.88,gamma,poisson,beta,gamma,gamma,gamma
L5_TPC:B,L6_TPC:A,0.68,0.44,1.5,1.74,0.18,0.5,0.02,671.0,17.0,17.0,5.0,0.7,2.79,E2,1.5,0.0625961785880467,0.0405034096746184,0.9,0.9,0.92,0.88,gamma,poisson,beta,gamma,gamma,gamma
L5_TPC:B,L6_TPC:C,0.68,0.44,1.5,1.74,0.18,0.5,0.02,671.0,17.0,17.0,5.0,0.7,2.79,E2,1.5,0.0625961785880467,0.0405034096746184,0.9,0.9,0.92,0.88,gamma,poisson,beta,gamma,gamma,gamma
L5_TPC:B,L6_UPC,0.68,0.44,1.5,1.74,0.18,0.5,0.02,671.0,17.0,17.0,5.0,0.7,2.79,E2,1.5,0.0625961785880467,0.0405034096746184,0.9,0.9,0.92,0.88,gamma,poisson,beta,gamma,gamma,gamma
L5_TPC:C,L2_IPC,0.68,0.44,1.5,1.74,0.18,0.5,0.02,671.0,17.0,17.0,5.0,0.7,2.79,E2,1.5,0.0625961785880467,0.0405034096746184,0.9,0.9,0.92,0.88,gamma,poisson,beta,gamma,gamma,gamma
L5_TPC:C,L2_TPC:A,0.68,0.44,1.5,1.74,0.18,0.5,0.02,671.0,17.0,17.0,5.0,0.7,2.79,E2,1.5,0.0625961785880467,0.0405034096746184,0.9,0.9,0.92,0.88,gamma,poisson,beta,gamma,gamma,gamma
L5_TPC:C,L2_TPC:B,0.68,0.44,1.5,1.74,0.18,0.5,0.02,671.0,17.0,17.0,5.0,0.7,2.79,E2,1.5,0.0625961785880467,0.0405034096746184,0.9,0.9,0.92,0.88,gamma,poisson,beta,gamma,gamma,gamma
L5_TPC:C,L3_TPC:A,0.68,0.44,1.5,1.74,0.18,0.5,0.02,671.0,17.0,17.0,5.0,0.7,2.79,E2,1.5,0.0625961785880467,0.0405034096746184,0.9,0.9,0.92,0.88,gamma,poisson,beta,gamma,gamma,gamma
L5_TPC:C,L3_TPC:C,0.68,0.44,1.5,1.74,0.18,0.5,0.02,671.0,17.0,17.0,5.0,0.7,2.79,E2,1.5,0.0625961785880467,0.0405034096746184,0.9,0.9,0.92,0.88,gamma,poisson,beta,gamma,gamma,gamma
L5_TPC:C,L4_SSC,0.68,0.44,1.5,1.74,0.18,0.5,0.02,671.0,17.0,17.0,5.0,0.7,2.79,E2,1.5,0.0625961785880467,0.0405034096746184,0.9,0.9,0.92,0.88,gamma,poisson,beta,gamma,gamma,gamma
L5_TPC:C,L4_TPC,0.68,0.44,1.5,1.74,0.18,0.5,0.02,671.0,17.0,17.0,5.0,0.7,2.79,E2,1.5,0.0625961785880467,0.0405034096746184,0.9,0.9,0.92,0.88,gamma,poisson,beta,gamma,gamma,gamma
L5_TPC:C,L4_UPC,0.68,0.44,1.5,1.74,0.18,0.5,0.02,671.0,17.0,17.0,5.0,0.7,2.79,E2,1.5,0.0625961785880467,0.0405034096746184,0.9,0.9,0.92,0.88,gamma,poisson,beta,gamma,gamma,gamma
L5_TPC:C,L5_TPC:A,0.68,0.44,1.5,1.74,0.18,0.5,0.02,671.0,17.0,17.0,5.0,0.55,2.79,E2,1.5,0.0570729863596896,0.0369295794092109,0.9,0.9,0.92,0.88,gamma,poisson,beta,gamma,gamma,gamma
L5_TPC:C,L5_TPC:B,0.68,0.44,1.5,1.74,0.18,0.5,0.02,671.0,17.0,17.0,5.0,0.55,2.79,E2,1.5,0.0570729863596896,0.0369295794092109,0.9,0.9,0.92,0.88,gamma,poisson,beta,gamma,gamma,gamma
L5_TPC:C,L5_TPC:C,0.9,0.3,1.0,1.74,0.18,0.39,0.03,690.0,90.0,44.0,21.0,0.55,2.79,E2_L5STPC,1.0,0.0755377760642951,0.0251792586880983,0.9,0.9,0.92,0.88,gamma,poisson,beta,gamma,gamma,gamma
L5_TPC:C,L5_UPC,0.9,0.3,1.0,1.74,0.18,0.39,0.03,690.0,90.0,44.0,21.0,0.7,2.79,E2_L5STPC,1.0,0.0828478834253559,0.0276159611417853,0.9,0.9,0.92,0.88,gamma,poisson,beta,gamma,gamma,gamma
L5_TPC:C,L6_BPC,0.68,0.44,1.5,1.74,0.18,0.5,0.02,671.0,17.0,17.0,5.0,0.7,2.79,E2,1.5,0.0625961785880467,0.0405034096746184,0.9,0.9,0.92,0.88,gamma,poisson,beta,gamma,gamma,gamma
L5_TPC:C,L6_HPC,0.68,0.44,1.5,1.74,0.18,0.5,0.02,671.0,17.0,17.0,5.0,0.7,2.79,E2,1.5,0.0625961785880467,0.0405034096746184,0.9,0.9,0.92,0.88,gamma,poisson,beta,gamma,gamma,gamma
L5_TPC:C,L6_IPC,0.68,0.44,1.5,1.74,0.18,0.5,0.02,671.0,17.0,17.0,5.0,0.7,2.79,E2,1.5,0.0625961785880467,0.0405034096746184,0.9,0.9,0.92,0.88,gamma,poisson,beta,gamma,gamma,gamma
L5_TPC:C,L6_TPC:A,0.68,0.44,1.5,1.74,0.18,0.5,0.02,671.0,17.0,17.0,5.0,0.7,2.79,E2,1.5,0.0625961785880467,0.0405034096746184,0.9,0.9,0.92,0.88,gamma,poisson,beta,gamma,gamma,gamma
L5_TPC:C,L6_TPC:C,0.68,0.44,1.5,1.74,0.18,0.5,0.02,671.0,17.0,17.0,5.0,0.7,2.79,E2,1.5,0.0625961785880467,0.0405034096746184,0.9,0.9,0.92,0.88,gamma,poisson,beta,gamma,gamma,gamma
L5_TPC:C,L6_UPC,0.68,0.44,1.5,1.74,0.18,0.5,0.02,671.0,17.0,17.0,5.0,0.7,2.79,E2,1.5,0.0625961785880467,0.0405034096746184,0.9,0.9,0.92,0.88,gamma,poisson,beta,gamma,gamma,gamma
L5_UPC,L2_IPC,0.68,0.44,1.5,1.74,0.18,0.5,0.02,671.0,17.0,17.0,5.0,0.7,2.79,E2,1.5,0.0625961785880467,0.0405034096746184,0.9,0.9,0.92,0.88,gamma,poisson,beta,gamma,gamma,gamma
L5_UPC,L2_TPC:A,0.68,0.44,1.5,1.74,0.18,0.5,0.02,671.0,17.0,17.0,5.0,0.7,2.79,E2,1.5,0.0625961785880467,0.0405034096746184,0.9,0.9,0.92,0.88,gamma,poisson,beta,gamma,gamma,gamma
L5_UPC,L2_TPC:B,0.68,0.44,1.5,1.74,0.18,0.5,0.02,671.0,17.0,17.0,5.0,0.7,2.79,E2,1.5,0.0625961785880467,0.0405034096746184,0.9,0.9,0.92,0.88,gamma,poisson,beta,gamma,gamma,gamma
L5_UPC,L3_TPC:A,0.68,0.44,1.5,1.74,0.18,0.5,0.02,671.0,17.0,17.0,5.0,0.7,2.79,E2,1.5,0.0625961785880467,0.0405034096746184,0.9,0.9,0.92,0.88,gamma,poisson,beta,gamma,gamma,gamma
L5_UPC,L3_TPC:C,0.68,0.44,1.5,1.74,0.18,0.5,0.02,671.0,17.0,17.0,5.0,0.7,2.79,E2,1.5,0.0625961785880467,0.0405034096746184,0.9,0.9,0.92,0.88,gamma,poisson,beta,gamma,gamma,gamma
L5_UPC,L4_SSC,0.68,0.44,1.5,1.74,0.18,0.5,0.02,671.0,17.0,17.0,5.0,0.7,2.79,E2,1.5,0.0625961785880467,0.0405034096746184,0.9,0.9,0.92,0.88,gamma,poisson,beta,gamma,gamma,gamma
L5_UPC,L4_TPC,0.68,0.44,1.5,1.74,0.18,0.5,0.02,671.0,17.0,17.0,5.0,0.7,2.79,E2,1.5,0.0625961785880467,0.0405034096746184,0.9,0.9,0.92,0.88,gamma,poisson,beta,gamma,gamma,gamma
L5_UPC,L4_UPC,0.68,0.44,1.5,1.74,0.18,0.5,0.02,671.0,17.0,17.0,5.0,0.7,2.79,E2,1.5,0.0625961785880467,0.0405034096746184,0.9,0.9,0.92,0.88,gamma,poisson,beta,gamma,gamma,gamma
L5_UPC,L5_TPC:A,0.68,0.44,1.5,1.74,0.18,0.5,0.02,671.0,17.0,17.0,5.0,0.7,2.79,E2,1.5,0.0625961785880467,0.0405034096746184,0.9,0.9,0.92,0.88,gamma,poisson,beta,gamma,gamma,gamma
L5_UPC,L5_TPC:B,0.68,0.44,1.5,1.74,0.18,0.5,0.02,671.0,17.0,17.0,5.0,0.7,2.79,E2,1.5,0.0625961785880467,0.0405034096746184,0.9,0.9,0.92,0.88,gamma,poisson,beta,gamma,gamma,gamma
L5_UPC,L5_TPC:C,0.9,0.3,1.0,1.74,0.18,0.39,0.03,690.0,90.0,44.0,21.0,0.7,2.79,E2_L5STPC,1.0,0.0828478834253559,0.0276159611417853,0.9,0.9,0.92,0.88,gamma,poisson,beta,gamma,gamma,gamma
L5_UPC,L5_UPC,0.9,0.3,1.0,1.74,0.18,0.39,0.03,690.0,90.0,44.0,21.0,0.7,2.79,E2_L5STPC,1.0,0.0828478834253559,0.0276159611417853,0.9,0.9,0.92,0.88,gamma,poisson,beta,gamma,gamma,gamma
L5_UPC,L6_BPC,0.68,0.44,1.5,1.74,0.18,0.5,0.02,671.0,17.0,17.0,5.0,0.7,2.79,E2,1.5,0.0625961785880467,0.0405034096746184,0.9,0.9,0.92,0.88,gamma,poisson,beta,gamma,gamma,gamma
L5_UPC,L6_HPC,0.68,0.44,1.5,1.74,0.18,0.5,0.02,671.0,17.0,17.0,5.0,0.7,2.79,E2,1.5,0.0625961785880467,0.0405034096746184,0.9,0.9,0.92,0.88,gamma,poisson,beta,gamma,gamma,gamma
L5_UPC,L6_IPC,0.68,0.44,1.5,1.74,0.18,0.5,0.02,671.0,17.0,17.0,5.0,0.7,2.79,E2,1.5,0.0625961785880467,0.0405034096746184,0.9,0.9,0.92,0.88,gamma,poisson,beta,gamma,gamma,gamma
L5_UPC,L6_TPC:A,0.68,0.44,1.5,1.74,0.18,0.5,0.02,671.0,17.0,17.0,5.0,0.7,2.79,E2,1.5,0.0625961785880467,0.0405034096746184,0.9,0.9,0.92,0.88,gamma,poisson,beta,gamma,gamma,gamma
L5_UPC,L6_TPC:C,0.68,0.44,1.5,1.74,0.18,0.5,0.02,671.0,17.0,17.0,5.0,0.7,2.79,E2,1.5,0.0625961785880467,0.0405034096746184,0.9,0.9,0.92,0.88,gamma,poisson,beta,gamma,gamma,gamma
L5_UPC,L6_UPC,0.68,0.44,1.5,1.74,0.18,0.5,0.02,671.0,17.0,17.0,5.0,0.7,2.79,E2,1.5,0.0625961785880467,0.0405034096746184,0.9,0.9,0.92,0.88,gamma,poisson,beta,gamma,gamma,gamma
L6_BPC,L2_IPC,0.68,0.44,1.5,1.74,0.18,0.5,0.02,671.0,17.0,17.0,5.0,0.7,2.79,E2,1.5,0.0625961785880467,0.0405034096746184,0.9,0.9,0.92,0.88,gamma,poisson,beta,gamma,gamma,gamma
L6_BPC,L2_TPC:A,0.68,0.44,1.5,1.74,0.18,0.5,0.02,671.0,17.0,17.0,5.0,0.7,2.79,E2,1.5,0.0625961785880467,0.0405034096746184,0.9,0.9,0.92,0.88,gamma,poisson,beta,gamma,gamma,gamma
L6_BPC,L2_TPC:B,0.68,0.44,1.5,1.74,0.18,0.5,0.02,671.0,17.0,17.0,5.0,0.7,2.79,E2,1.5,0.0625961785880467,0.0405034096746184,0.9,0.9,0.92,0.88,gamma,poisson,beta,gamma,gamma,gamma
L6_BPC,L3_TPC:A,0.68,0.44,1.5,1.74,0.18,0.5,0.02,671.0,17.0,17.0,5.0,0.7,2.79,E2,1.5,0.0625961785880467,0.0405034096746184,0.9,0.9,0.92,0.88,gamma,poisson,beta,gamma,gamma,gamma
L6_BPC,L3_TPC:C,0.68,0.44,1.5,1.74,0.18,0.5,0.02,671.0,17.0,17.0,5.0,0.7,2.79,E2,1.5,0.0625961785880467,0.0405034096746184,0.9,0.9,0.92,0.88,gamma,poisson,beta,gamma,gamma,gamma
L6_BPC,L4_SSC,0.68,0.44,1.5,1.74,0.18,0.5,0.02,671.0,17.0,17.0,5.0,0.7,2.79,E2,1.5,0.0625961785880467,0.0405034096746184,0.9,0.9,0.92,0.88,gamma,poisson,beta,gamma,gamma,gamma
L6_BPC,L4_TPC,0.68,0.44,1.5,1.74,0.18,0.5,0.02,671.0,17.0,17.0,5.0,0.7,2.79,E2,1.5,0.0625961785880467,0.0405034096746184,0.9,0.9,0.92,0.88,gamma,poisson,beta,gamma,gamma,gamma
L6_BPC,L4_UPC,0.68,0.44,1.5,1.74,0.18,0.5,0.02,671.0,17.0,17.0,5.0,0.7,2.79,E2,1.5,0.0625961785880467,0.0405034096746184,0.9,0.9,0.92,0.88,gamma,poisson,beta,gamma,gamma,gamma
L6_BPC,L5_TPC:A,0.68,0.44,1.5,1.74,0.18,0.5,0.02,671.0,17.0,17.0,5.0,0.7,2.79,E2,1.5,0.0625961785880467,0.0405034096746184,0.9,0.9,0.92,0.88,gamma,poisson,beta,gamma,gamma,gamma
L6_BPC,L5_TPC:B,0.68,0.44,1.5,1.74,0.18,0.5,0.02,671.0,17.0,17.0,5.0,0.7,2.79,E2,1.5,0.0625961785880467,0.0405034096746184,0.9,0.9,0.92,0.88,gamma,poisson,beta,gamma,gamma,gamma
L6_BPC,L5_TPC:C,0.68,0.44,1.5,1.74,0.18,0.5,0.02,671.0,17.0,17.0,5.0,0.7,2.79,E2,1.5,0.0625961785880467,0.0405034096746184,0.9,0.9,0.92,0.88,gamma,poisson,beta,gamma,gamma,gamma
L6_BPC,L5_UPC,0.68,0.44,1.5,1.74,0.18,0.5,0.02,671.0,17.0,17.0,5.0,0.7,2.79,E2,1.5,0.0625961785880467,0.0405034096746184,0.9,0.9,0.92,0.88,gamma,poisson,beta,gamma,gamma,gamma
L6_BPC,L6_BPC,0.78,0.23,1.0,1.74,0.18,0.23,0.06,420.0,340.0,200.0,130.0,0.7,2.79,E2_L6PC_same,1.0,0.0718014989686418,0.0211722368753687,0.9,0.9,0.92,0.88,gamma,poisson,beta,gamma,gamma,gamma
L6_BPC,L6_HPC,0.47,0.36,1.0,1.74,0.18,0.23,0.06,420.0,340.0,200.0,130.0,0.7,2.79,E2_L6PC_diff,1.0,0.0432650057887969,0.0331391533701423,0.9,0.9,0.92,0.88,gamma,poisson,beta,gamma,gamma,gamma
L6_BPC,L6_IPC,0.47,0.36,1.0,1.74,0.18,0.23,0.06,420.0,340.0,200.0,130.0,0.7,2.79,E2_L6PC_diff,1.0,0.0432650057887969,0.0331391533701423,0.9,0.9,0.92,0.88,gamma,poisson,beta,gamma,gamma,gamma
L6_BPC,L6_TPC:A,0.25,0.1,1.0,1.74,0.18,0.23,0.06,420.0,340.0,200.0,130.0,0.7,2.79,E2_L6BPC-TPCA,1.0,0.0230133009514877,0.0092053203805951,0.9,0.9,0.92,0.88,gamma,poisson,beta,gamma,gamma,gamma
L6_BPC,L6_TPC:C,0.47,0.36,1.0,1.74,0.18,0.23,0.06,420.0,340.0,200.0,130.0,0.7,2.79,E2_L6PC_diff,1.0,0.0432650057887969,0.0331391533701423,0.9,0.9,0.92,0.88,gamma,poisson,beta,gamma,gamma,gamma
L6_BPC,L6_UPC,0.47,0.36,1.0,1.74,0.18,0.23,0.06,420.0,340.0,200.0,130.0,0.7,2.79,E2_L6PC_diff,1.0,0.0432650057887969,0.0331391533701423,0.9,0.9,0.92,0.88,gamma,poisson,beta,gamma,gamma,gamma
L6_HPC,L2_IPC,0.68,0.44,1.5,1.74,0.18,0.5,0.02,671.0,17.0,17.0,5.0,0.7,2.79,E2,1.5,0.0625961785880467,0.0405034096746184,0.9,0.9,0.92,0.88,gamma,poisson,beta,gamma,gamma,gamma
L6_HPC,L2_TPC:A,0.68,0.44,1.5,1.74,0.18,0.5,0.02,671.0,17.0,17.0,5.0,0.7,2.79,E2,1.5,0.0625961785880467,0.0405034096746184,0.9,0.9,0.92,0.88,gamma,poisson,beta,gamma,gamma,gamma
L6_HPC,L2_TPC:B,0.68,0.44,1.5,1.74,0.18,0.5,0.02,671.0,17.0,17.0,5.0,0.7,2.79,E2,1.5,0.0625961785880467,0.0405034096746184,0.9,0.9,0.92,0.88,gamma,poisson,beta,gamma,gamma,gamma
L6_HPC,L3_TPC:A,0.68,0.44,1.5,1.74,0.18,0.5,0.02,671.0,17.0,17.0,5.0,0.7,2.79,E2,1.5,0.0625961785880467,0.0405034096746184,0.9,0.9,0.92,0.88,gamma,poisson,beta,gamma,gamma,gamma
L6_HPC,L3_TPC:C,0.68,0.44,1.5,1.74,0.18,0.5,0.02,671.0,17.0,17.0,5.0,0.7,2.79,E2,1.5,0.0625961785880467,0.0405034096746184,0.9,0.9,0.92,0.88,gamma,poisson,beta,gamma,gamma,gamma
L6_HPC,L4_SSC,0.68,0.44,1.5,1.74,0.18,0.5,0.02,671.0,17.0,17.0,5.0,0.7,2.79,E2,1.5,0.0625961785880467,0.0405034096746184,0.9,0.9,0.92,0.88,gamma,poisson,beta,gamma,gamma,gamma
L6_HPC,L4_TPC,0.68,0.44,1.5,1.74,0.18,0.5,0.02,671.0,17.0,17.0,5.0,0.7,2.79,E2,1.5,0.0625961785880467,0.0405034096746184,0.9,0.9,0.92,0.88,gamma,poisson,beta,gamma,gamma,gamma
L6_HPC,L4_UPC,0.68,0.44,1.5,1.74,0.18,0.5,0.02,671.0,17.0,17.0,5.0,0.7,2.79,E2,1.5,0.0625961785880467,0.0405034096746184,0.9,0.9,0.92,0.88,gamma,poisson,beta,gamma,gamma,gamma
L6_HPC,L5_TPC:A,0.68,0.44,1.5,1.74,0.18,0.5,0.02,671.0,17.0,17.0,5.0,0.7,2.79,E2,1.5,0.0625961785880467,0.0405034096746184,0.9,0.9,0.92,0.88,gamma,poisson,beta,gamma,gamma,gamma
L6_HPC,L5_TPC:B,0.68,0.44,1.5,1.74,0.18,0.5,0.02,671.0,17.0,17.0,5.0,0.7,2.79,E2,1.5,0.0625961785880467,0.0405034096746184,0.9,0.9,0.92,0.88,gamma,poisson,beta,gamma,gamma,gamma
L6_HPC,L5_TPC:C,0.68,0.44,1.5,1.74,0.18,0.5,0.02,671.0,17.0,17.0,5.0,0.7,2.79,E2,1.5,0.0625961785880467,0.0405034096746184,0.9,0.9,0.92,0.88,gamma,poisson,beta,gamma,gamma,gamma
L6_HPC,L5_UPC,0.68,0.44,1.5,1.74,0.18,0.5,0.02,671.0,17.0,17.0,5.0,0.7,2.79,E2,1.5,0.0625961785880467,0.0405034096746184,0.9,0.9,0.92,0.88,gamma,poisson,beta,gamma,gamma,gamma
L6_HPC,L6_BPC,0.47,0.36,1.0,1.74,0.18,0.23,0.06,420.0,340.0,200.0,130.0,0.7,2.79,E2_L6PC_diff,1.0,0.0432650057887969,0.0331391533701423,0.9,0.9,0.92,0.88,gamma,poisson,beta,gamma,gamma,gamma
L6_HPC,L6_HPC,0.78,0.23,1.0,1.74,0.18,0.23,0.06,420.0,340.0,200.0,130.0,0.7,2.79,E2_L6PC_same,1.0,0.0718014989686418,0.0211722368753687,0.9,0.9,0.92,0.88,gamma,poisson,beta,gamma,gamma,gamma
L6_HPC,L6_IPC,0.47,0.36,1.0,1.74,0.18,0.23,0.06,420.0,340.0,200.0,130.0,0.7,2.79,E2_L6PC_diff,1.0,0.0432650057887969,0.0331391533701423,0.9,0.9,0.92,0.88,gamma,poisson,beta,gamma,gamma,gamma
L6_HPC,L6_TPC:A,0.47,0.36,1.0,1.74,0.18,0.23,0.06,420.0,340.0,200.0,130.0,0.7,2.79,E2_L6PC_diff,1.0,0.0432650057887969,0.0331391533701423,0.9,0.9,0.92,0.88,gamma,poisson,beta,gamma,gamma,gamma
L6_HPC,L6_TPC:C,0.47,0.36,1.0,1.74,0.18,0.23,0.06,420.0,340.0,200.0,130.0,0.7,2.79,E2_L6PC_diff,1.0,0.0432650057887969,0.0331391533701423,0.9,0.9,0.92,0.88,gamma,poisson,beta,gamma,gamma,gamma
L6_HPC,L6_UPC,0.47,0.36,1.0,1.74,0.18,0.23,0.06,420.0,340.0,200.0,130.0,0.7,2.79,E2_L6PC_diff,1.0,0.0432650057887969,0.0331391533701423,0.9,0.9,0.92,0.88,gamma,poisson,beta,gamma,gamma,gamma
L6_IPC,L2_IPC,0.68,0.44,1.5,1.74,0.18,0.5,0.02,671.0,17.0,17.0,5.0,0.7,2.79,E2,1.5,0.0625961785880467,0.0405034096746184,0.9,0.9,0.92,0.88,gamma,poisson,beta,gamma,gamma,gamma
L6_IPC,L2_TPC:A,0.68,0.44,1.5,1.74,0.18,0.5,0.02,671.0,17.0,17.0,5.0,0.7,2.79,E2,1.5,0.0625961785880467,0.0405034096746184,0.9,0.9,0.92,0.88,gamma,poisson,beta,gamma,gamma,gamma
L6_IPC,L2_TPC:B,0.68,0.44,1.5,1.74,0.18,0.5,0.02,671.0,17.0,17.0,5.0,0.7,2.79,E2,1.5,0.0625961785880467,0.0405034096746184,0.9,0.9,0.92,0.88,gamma,poisson,beta,gamma,gamma,gamma
L6_IPC,L3_TPC:A,0.68,0.44,1.5,1.74,0.18,0.5,0.02,671.0,17.0,17.0,5.0,0.7,2.79,E2,1.5,0.0625961785880467,0.0405034096746184,0.9,0.9,0.92,0.88,gamma,poisson,beta,gamma,gamma,gamma
L6_IPC,L3_TPC:C,0.68,0.44,1.5,1.74,0.18,0.5,0.02,671.0,17.0,17.0,5.0,0.7,2.79,E2,1.5,0.0625961785880467,0.0405034096746184,0.9,0.9,0.92,0.88,gamma,poisson,beta,gamma,gamma,gamma
L6_IPC,L4_SSC,0.68,0.44,1.5,1.74,0.18,0.5,0.02,671.0,17.0,17.0,5.0,0.7,2.79,E2,1.5,0.0625961785880467,0.0405034096746184,0.9,0.9,0.92,0.88,gamma,poisson,beta,gamma,gamma,gamma
L6_IPC,L4_TPC,0.68,0.44,1.5,1.74,0.18,0.5,0.02,671.0,17.0,17.0,5.0,0.7,2.79,E2,1.5,0.0625961785880467,0.0405034096746184,0.9,0.9,0.92,0.88,gamma,poisson,beta,gamma,gamma,gamma
L6_IPC,L4_UPC,0.68,0.44,1.5,1.74,0.18,0.5,0.02,671.0,17.0,17.0,5.0,0.7,2.79,E2,1.5,0.0625961785880467,0.0405034096746184,0.9,0.9,0.92,0.88,gamma,poisson,beta,gamma,gamma,gamma
L6_IPC,L5_TPC:A,0.68,0.44,1.5,1.74,0.18,0.5,0.02,671.0,17.0,17.0,5.0,0.7,2.79,E2,1.5,0.0625961785880467,0.0405034096746184,0.9,0.9,0.92,0.88,gamma,poisson,beta,gamma,gamma,gamma
L6_IPC,L5_TPC:B,0.68,0.44,1.5,1.74,0.18,0.5,0.02,671.0,17.0,17.0,5.0,0.7,2.79,E2,1.5,0.0625961785880467,0.0405034096746184,0.9,0.9,0.92,0.88,gamma,poisson,beta,gamma,gamma,gamma
L6_IPC,L5_TPC:C,0.68,0.44,1.5,1.74,0.18,0.5,0.02,671.0,17.0,17.0,5.0,0.7,2.79,E2,1.5,0.0625961785880467,0.0405034096746184,0.9,0.9,0.92,0.88,gamma,poisson,beta,gamma,gamma,gamma
L6_IPC,L5_UPC,0.68,0.44,1.5,1.74,0.18,0.5,0.02,671.0,17.0,17.0,5.0,0.7,2.79,E2,1.5,0.0625961785880467,0.0405034096746184,0.9,0.9,0.92,0.88,gamma,poisson,beta,gamma,gamma,gamma
L6_IPC,L6_BPC,0.4,0.1,1.0,1.74,0.18,0.23,0.06,420.0,340.0,200.0,130.0,0.7,2.79,E2_L6IPC-BPC,1.0,0.0368212815223804,0.0092053203805951,0.9,0.9,0.92,0.88,gamma,poisson,beta,gamma,gamma,gamma
L6_IPC,L6_HPC,0.47,0.36,1.0,1.74,0.18,0.23,0.06,420.0,340.0,200.0,130.0,0.7,2.79,E2_L6PC_diff,1.0,0.0432650057887969,0.0331391533701423,0.9,0.9,0.92,0.88,gamma,poisson,beta,gamma,gamma,gamma
L6_IPC,L6_IPC,0.9,0.35,1.0,1.74,0.18,0.23,0.06,420.0,340.0,200.0,130.0,0.7,2.79,E2_L6IPC,1.0,0.0828478834253559,0.0322186213320828,0.9,0.9,0.92,0.88,gamma,poisson,beta,gamma,gamma,gamma
L6_IPC,L6_TPC:A,0.47,0.36,1.0,1.74,0.18,0.23,0.06,420.0,340.0,200.0,130.0,0.7,2.79,E2_L6PC_diff,1.0,0.0432650057887969,0.0331391533701423,0.9,0.9,0.92,0.88,gamma,poisson,beta,gamma,gamma,gamma
L6_IPC,L6_TPC:C,0.47,0.36,1.0,1.74,0.18,0.23,0.06,420.0,340.0,200.0,130.0,0.7,2.79,E2_L6PC_diff,1.0,0.0432650057887969,0.0331391533701423,0.9,0.9,0.92,0.88,gamma,poisson,beta,gamma,gamma,gamma
L6_IPC,L6_UPC,0.47,0.36,1.0,1.74,0.18,0.23,0.06,420.0,340.0,200.0,130.0,0.7,2.79,E2_L6PC_diff,1.0,0.0432650057887969,0.0331391533701423,0.9,0.9,0.92,0.88,gamma,poisson,beta,gamma,gamma,gamma
L6_TPC:A,L2_IPC,0.68,0.44,1.5,1.74,0.18,0.5,0.02,671.0,17.0,17.0,5.0,0.7,2.79,E2,1.5,0.0625961785880467,0.0405034096746184,0.9,0.9,0.92,0.88,gamma,poisson,beta,gamma,gamma,gamma
L6_TPC:A,L2_TPC:A,0.68,0.44,1.5,1.74,0.18,0.5,0.02,671.0,17.0,17.0,5.0,0.7,2.79,E2,1.5,0.0625961785880467,0.0405034096746184,0.9,0.9,0.92,0.88,gamma,poisson,beta,gamma,gamma,gamma
L6_TPC:A,L2_TPC:B,0.68,0.44,1.5,1.74,0.18,0.5,0.02,671.0,17.0,17.0,5.0,0.7,2.79,E2,1.5,0.0625961785880467,0.0405034096746184,0.9,0.9,0.92,0.88,gamma,poisson,beta,gamma,gamma,gamma
L6_TPC:A,L3_TPC:A,0.68,0.44,1.5,1.74,0.18,0.5,0.02,671.0,17.0,17.0,5.0,0.7,2.79,E2,1.5,0.0625961785880467,0.0405034096746184,0.9,0.9,0.92,0.88,gamma,poisson,beta,gamma,gamma,gamma
L6_TPC:A,L3_TPC:C,0.68,0.44,1.5,1.74,0.18,0.5,0.02,671.0,17.0,17.0,5.0,0.7,2.79,E2,1.5,0.0625961785880467,0.0405034096746184,0.9,0.9,0.92,0.88,gamma,poisson,beta,gamma,gamma,gamma
L6_TPC:A,L4_SSC,0.68,0.44,1.5,1.74,0.18,0.5,0.02,671.0,17.0,17.0,5.0,0.7,2.79,E2,1.5,0.0625961785880467,0.0405034096746184,0.9,0.9,0.92,0.88,gamma,poisson,beta,gamma,gamma,gamma
L6_TPC:A,L4_TPC,0.68,0.44,1.5,1.74,0.18,0.5,0.02,671.0,17.0,17.0,5.0,0.7,2.79,E2,1.5,0.0625961785880467,0.0405034096746184,0.9,0.9,0.92,0.88,gamma,poisson,beta,gamma,gamma,gamma
L6_TPC:A,L4_UPC,0.68,0.44,1.5,1.74,0.18,0.5,0.02,671.0,17.0,17.0,5.0,0.7,2.79,E2,1.5,0.0625961785880467,0.0405034096746184,0.9,0.9,0.92,0.88,gamma,poisson,beta,gamma,gamma,gamma
L6_TPC:A,L5_TPC:A,0.68,0.44,1.5,1.74,0.18,0.5,0.02,671.0,17.0,17.0,5.0,0.7,2.79,E2,1.5,0.0625961785880467,0.0405034096746184,0.9,0.9,0.92,0.88,gamma,poisson,beta,gamma,gamma,gamma
L6_TPC:A,L5_TPC:B,0.68,0.44,1.5,1.74,0.18,0.5,0.02,671.0,17.0,17.0,5.0,0.7,2.79,E2,1.5,0.0625961785880467,0.0405034096746184,0.9,0.9,0.92,0.88,gamma,poisson,beta,gamma,gamma,gamma
L6_TPC:A,L5_TPC:C,0.68,0.44,1.5,1.74,0.18,0.5,0.02,671.0,17.0,17.0,5.0,0.7,2.79,E2,1.5,0.0625961785880467,0.0405034096746184,0.9,0.9,0.92,0.88,gamma,poisson,beta,gamma,gamma,gamma
L6_TPC:A,L5_UPC,0.68,0.44,1.5,1.74,0.18,0.5,0.02,671.0,17.0,17.0,5.0,0.7,2.79,E2,1.5,0.0625961785880467,0.0405034096746184,0.9,0.9,0.92,0.88,gamma,poisson,beta,gamma,gamma,gamma
L6_TPC:A,L6_BPC,0.34,0.1,1.0,1.74,0.18,0.23,0.06,420.0,340.0,200.0,130.0,0.7,2.79,E2_L6TPCA-BPC,1.0,0.0312980892940233,0.0092053203805951,0.9,0.9,0.92,0.88,gamma,poisson,beta,gamma,gamma,gamma
L6_TPC:A,L6_HPC,0.47,0.36,1.0,1.74,0.18,0.23,0.06,420.0,340.0,200.0,130.0,0.7,2.79,E2_L6PC_diff,1.0,0.0432650057887969,0.0331391533701423,0.9,0.9,0.92,0.88,gamma,poisson,beta,gamma,gamma,gamma
L6_TPC:A,L6_IPC,0.47,0.36,1.0,1.74,0.18,0.23,0.06,420.0,340.0,200.0,130.0,0.7,2.79,E2_L6PC_diff,1.0,0.0432650057887969,0.0331391533701423,0.9,0.9,0.92,0.88,gamma,poisson,beta,gamma,gamma,gamma
L6_TPC:A,L6_TPC:A,1.0,0.5,1.0,1.74,0.18,0.37,0.11,280.0,90.0,90.0,80.0,0.7,2.79,E2_L6TPCA,1.0,0.092053203805951,0.0460266019029755,0.9,0.9,0.92,0.88,gamma,poisson,beta,gamma,gamma,gamma
L6_TPC:A,L6_TPC:C,1.2,0.5,1.0,1.74,0.18,0.23,0.06,420.0,340.0,200.0,130.0,0.7,2.79,E2_L6TPCA-C,1.0,0.1104638445671412,0.0460266019029755,0.9,0.9,0.92,0.88,gamma,poisson,beta,gamma,gamma,gamma
L6_TPC:A,L6_UPC,0.47,0.36,1.0,1.74,0.18,0.23,0.06,420.0,340.0,200.0,130.0,0.7,2.79,E2_L6PC_diff,1.0,0.0432650057887969,0.0331391533701423,0.9,0.9,0.92,0.88,gamma,poisson,beta,gamma,gamma,gamma
L6_TPC:C,L2_IPC,0.68,0.44,1.5,1.74,0.18,0.5,0.02,671.0,17.0,17.0,5.0,0.7,2.79,E2,1.5,0.0625961785880467,0.0405034096746184,0.9,0.9,0.92,0.88,gamma,poisson,beta,gamma,gamma,gamma
L6_TPC:C,L2_TPC:A,0.68,0.44,1.5,1.74,0.18,0.5,0.02,671.0,17.0,17.0,5.0,0.7,2.79,E2,1.5,0.0625961785880467,0.0405034096746184,0.9,0.9,0.92,0.88,gamma,poisson,beta,gamma,gamma,gamma
L6_TPC:C,L2_TPC:B,0.68,0.44,1.5,1.74,0.18,0.5,0.02,671.0,17.0,17.0,5.0,0.7,2.79,E2,1.5,0.0625961785880467,0.0405034096746184,0.9,0.9,0.92,0.88,gamma,poisson,beta,gamma,gamma,gamma
L6_TPC:C,L3_TPC:A,0.68,0.44,1.5,1.74,0.18,0.5,0.02,671.0,17.0,17.0,5.0,0.7,2.79,E2,1.5,0.0625961785880467,0.0405034096746184,0.9,0.9,0.92,0.88,gamma,poisson,beta,gamma,gamma,gamma
L6_TPC:C,L3_TPC:C,0.68,0.44,1.5,1.74,0.18,0.5,0.02,671.0,17.0,17.0,5.0,0.7,2.79,E2,1.5,0.0625961785880467,0.0405034096746184,0.9,0.9,0.92,0.88,gamma,poisson,beta,gamma,gamma,gamma
L6_TPC:C,L4_SSC,0.68,0.44,1.5,1.74,0.18,0.5,0.02,671.0,17.0,17.0,5.0,0.7,2.79,E2,1.5,0.0625961785880467,0.0405034096746184,0.9,0.9,0.92,0.88,gamma,poisson,beta,gamma,gamma,gamma
L6_TPC:C,L4_TPC,0.68,0.44,1.5,1.74,0.18,0.5,0.02,671.0,17.0,17.0,5.0,0.7,2.79,E2,1.5,0.0625961785880467,0.0405034096746184,0.9,0.9,0.92,0.88,gamma,poisson,beta,gamma,gamma,gamma
L6_TPC:C,L4_UPC,0.68,0.44,1.5,1.74,0.18,0.5,0.02,671.0,17.0,17.0,5.0,0.7,2.79,E2,1.5,0.0625961785880467,0.0405034096746184,0.9,0.9,0.92,0.88,gamma,poisson,beta,gamma,gamma,gamma
L6_TPC:C,L5_TPC:A,0.68,0.44,1.5,1.74,0.18,0.5,0.02,671.0,17.0,17.0,5.0,0.7,2.79,E2,1.5,0.0625961785880467,0.0405034096746184,0.9,0.9,0.92,0.88,gamma,poisson,beta,gamma,gamma,gamma
L6_TPC:C,L5_TPC:B,0.68,0.44,1.5,1.74,0.18,0.5,0.02,671.0,17.0,17.0,5.0,0.7,2.79,E2,1.5,0.0625961785880467,0.0405034096746184,0.9,0.9,0.92,0.88,gamma,poisson,beta,gamma,gamma,gamma
L6_TPC:C,L5_TPC:C,0.68,0.44,1.5,1.74,0.18,0.5,0.02,671.0,17.0,17.0,5.0,0.7,2.79,E2,1.5,0.0625961785880467,0.0405034096746184,0.9,0.9,0.92,0.88,gamma,poisson,beta,gamma,gamma,gamma
L6_TPC:C,L5_UPC,0.68,0.44,1.5,1.74,0.18,0.5,0.02,671.0,17.0,17.0,5.0,0.7,2.79,E2,1.5,0.0625961785880467,0.0405034096746184,0.9,0.9,0.92,0.88,gamma,poisson,beta,gamma,gamma,gamma
L6_TPC:C,L6_BPC,0.47,0.36,1.0,1.74,0.18,0.23,0.06,420.0,340.0,200.0,130.0,0.7,2.79,E2_L6PC_diff,1.0,0.0432650057887969,0.0331391533701423,0.9,0.9,0.92,0.88,gamma,poisson,beta,gamma,gamma,gamma
L6_TPC:C,L6_HPC,0.47,0.36,1.0,1.74,0.18,0.23,0.06,420.0,340.0,200.0,130.0,0.7,2.79,E2_L6PC_diff,1.0,0.0432650057887969,0.0331391533701423,0.9,0.9,0.92,0.88,gamma,poisson,beta,gamma,gamma,gamma
L6_TPC:C,L6_IPC,0.19,0.05,1.0,1.74,0.18,0.23,0.06,420.0,340.0,200.0,130.0,0.7,2.79,E2_L6TPCC-IPC,1.0,0.0174901087231306,0.0046026601902975,0.9,0.9,0.92,0.88,gamma,poisson,beta,gamma,gamma,gamma
L6_TPC:C,L6_TPC:A,0.47,0.36,1.0,1.74,0.18,0.23,0.06,420.0,340.0,200.0,130.0,0.7,2.79,E2_L6PC_diff,1.0,0.0432650057887969,0.0331391533701423,0.9,0.9,0.92,0.88,gamma,poisson,beta,gamma,gamma,gamma
L6_TPC:C,L6_TPC:C,0.45,0.2,1.0,1.74,0.18,0.23,0.06,420.0,340.0,200.0,130.0,0.7,2.79,E2_L6TPCC,1.0,0.0414239417126779,0.0184106407611902,0.9,0.9,0.92,0.88,gamma,poisson,beta,gamma,gamma,gamma
L6_TPC:C,L6_UPC,0.47,0.36,1.0,1.74,0.18,0.23,0.06,420.0,340.0,200.0,130.0,0.7,2.79,E2_L6PC_diff,1.0,0.0432650057887969,0.0331391533701423,0.9,0.9,0.92,0.88,gamma,poisson,beta,gamma,gamma,gamma
L6_UPC,L2_IPC,0.68,0.44,1.5,1.74,0.18,0.5,0.02,671.0,17.0,17.0,5.0,0.7,2.79,E2,1.5,0.0625961785880467,0.0405034096746184,0.9,0.9,0.92,0.88,gamma,poisson,beta,gamma,gamma,gamma
L6_UPC,L2_TPC:A,0.68,0.44,1.5,1.74,0.18,0.5,0.02,671.0,17.0,17.0,5.0,0.7,2.79,E2,1.5,0.0625961785880467,0.0405034096746184,0.9,0.9,0.92,0.88,gamma,poisson,beta,gamma,gamma,gamma
L6_UPC,L2_TPC:B,0.68,0.44,1.5,1.74,0.18,0.5,0.02,671.0,17.0,17.0,5.0,0.7,2.79,E2,1.5,0.0625961785880467,0.0405034096746184,0.9,0.9,0.92,0.88,gamma,poisson,beta,gamma,gamma,gamma
L6_UPC,L3_TPC:A,0.68,0.44,1.5,1.74,0.18,0.5,0.02,671.0,17.0,17.0,5.0,0.7,2.79,E2,1.5,0.0625961785880467,0.0405034096746184,0.9,0.9,0.92,0.88,gamma,poisson,beta,gamma,gamma,gamma
L6_UPC,L3_TPC:C,0.68,0.44,1.5,1.74,0.18,0.5,0.02,671.0,17.0,17.0,5.0,0.7,2.79,E2,1.5,0.0625961785880467,0.0405034096746184,0.9,0.9,0.92,0.88,gamma,poisson,beta,gamma,gamma,gamma
L6_UPC,L4_SSC,0.68,0.44,1.5,1.74,0.18,0.5,0.02,671.0,17.0,17.0,5.0,0.7,2.79,E2,1.5,0.0625961785880467,0.0405034096746184,0.9,0.9,0.92,0.88,gamma,poisson,beta,gamma,gamma,gamma
L6_UPC,L4_TPC,0.68,0.44,1.5,1.74,0.18,0.5,0.02,671.0,17.0,17.0,5.0,0.7,2.79,E2,1.5,0.0625961785880467,0.0405034096746184,0.9,0.9,0.92,0.88,gamma,poisson,beta,gamma,gamma,gamma
L6_UPC,L4_UPC,0.68,0.44,1.5,1.74,0.18,0.5,0.02,671.0,17.0,17.0,5.0,0.7,2.79,E2,1.5,0.0625961785880467,0.0405034096746184,0.9,0.9,0.92,0.88,gamma,poisson,beta,gamma,gamma,gamma
L6_UPC,L5_TPC:A,0.68,0.44,1.5,1.74,0.18,0.5,0.02,671.0,17.0,17.0,5.0,0.7,2.79,E2,1.5,0.0625961785880467,0.0405034096746184,0.9,0.9,0.92,0.88,gamma,poisson,beta,gamma,gamma,gamma
L6_UPC,L5_TPC:B,0.68,0.44,1.5,1.74,0.18,0.5,0.02,671.0,17.0,17.0,5.0,0.7,2.79,E2,1.5,0.0625961785880467,0.0405034096746184,0.9,0.9,0.92,0.88,gamma,poisson,beta,gamma,gamma,gamma
L6_UPC,L5_TPC:C,0.68,0.44,1.5,1.74,0.18,0.5,0.02,671.0,17.0,17.0,5.0,0.7,2.79,E2,1.5,0.0625961785880467,0.0405034096746184,0.9,0.9,0.92,0.88,gamma,poisson,beta,gamma,gamma,gamma
L6_UPC,L5_UPC,0.68,0.44,1.5,1.74,0.18,0.5,0.02,671.0,17.0,17.0,5.0,0.7,2.79,E2,1.5,0.0625961785880467,0.0405034096746184,0.9,0.9,0.92,0.88,gamma,poisson,beta,gamma,gamma,gamma
L6_UPC,L6_BPC,0.47,0.36,1.0,1.74,0.18,0.23,0.06,420.0,340.0,200.0,130.0,0.7,2.79,E2_L6PC_diff,1.0,0.0432650057887969,0.0331391533701423,0.9,0.9,0.92,0.88,gamma,poisson,beta,gamma,gamma,gamma
L6_UPC,L6_HPC,0.47,0.36,1.0,1.74,0.18,0.23,0.06,420.0,340.0,200.0,130.0,0.7,2.79,E2_L6PC_diff,1.0,0.0432650057887969,0.0331391533701423,0.9,0.9,0.92,0.88,gamma,poisson,beta,gamma,gamma,gamma
L6_UPC,L6_IPC,0.47,0.36,1.0,1.74,0.18,0.23,0.06,420.0,340.0,200.0,130.0,0.7,2.79,E2_L6PC_diff,1.0,0.0432650057887969,0.0331391533701423,0.9,0.9,0.92,0.88,gamma,poisson,beta,gamma,gamma,gamma
L6_UPC,L6_TPC:A,0.47,0.36,1.0,1.74,0.18,0.23,0.06,420.0,340.0,200.0,130.0,0.7,2.79,E2_L6PC_diff,1.0,0.0432650057887969,0.0331391533701423,0.9,0.9,0.92,0.88,gamma,poisson,beta,gamma,gamma,gamma
L6_UPC,L6_TPC:C,0.47,0.36,1.0,1.74,0.18,0.23,0.06,420.0,340.0,200.0,130.0,0.7,2.79,E2_L6PC_diff,1.0,0.0432650057887969,0.0331391533701423,0.9,0.9,0.92,0.88,gamma,poisson,beta,gamma,gamma,gamma
L6_UPC,L6_UPC,0.78,0.23,1.0,1.74,0.18,0.23,0.06,420.0,340.0,200.0,130.0,0.7,2.79,E2_L6PC_same,1.0,0.0718014989686418,0.0211722368753687,0.9,0.9,0.92,0.88,gamma,poisson,beta,gamma,gamma,gamma
